CASE_ID,ACCIDENT_YEAR,PROC_DATE,JURIS,COLLISION_DATE,COLLISION_TIME,OFFICER_ID,REPORTING_DISTRICT,DAY_OF_WEEK,CHP_SHIFT,POPULATION,CNTY_CITY_LOC,SPECIAL_COND,BEAT_TYPE,CHP_BEAT_TYPE,CITY_DIVISION_LAPD,CHP_BEAT_CLASS,BEAT_NUMBER,PRIMARY_RD,SECONDARY_RD,DISTANCE,DIRECTION,INTERSECTION,WEATHER_1,WEATHER_2,STATE_HWY_IND,CALTRANS_COUNTY,CALTRANS_DISTRICT,STATE_ROUTE,ROUTE_SUFFIX,POSTMILE_PREFIX,POSTMILE,LOCATION_TYPE,RAMP_INTERSECTION,SIDE_OF_HWY,TOW_AWAY,COLLISION_SEVERITY,NUMBER_KILLED,NUMBER_INJURED,PARTY_COUNT,PRIMARY_COLL_FACTOR,PCF_CODE_OF_VIOL,PCF_VIOL_CATEGORY,PCF_VIOLATION,PCF_VIOL_SUBSECTION,HIT_AND_RUN,TYPE_OF_COLLISION,MVIW,PED_ACTION,ROAD_SURFACE,ROAD_COND_1,ROAD_COND_2,LIGHTING,CONTROL_DEVICE,CHP_ROAD_TYPE,PEDESTRIAN_ACCIDENT,BICYCLE_ACCIDENT,MOTORCYCLE_ACCIDENT,TRUCK_ACCIDENT,NOT_PRIVATE_PROPERTY,ALCOHOL_INVOLVED,STWD_VEHTYPE_AT_FAULT,CHP_VEHTYPE_AT_FAULT,COUNT_SEVERE_INJ,COUNT_VISIBLE_INJ,COUNT_COMPLAINT_PAIN,COUNT_PED_KILLED,COUNT_PED_INJURED,COUNT_BICYCLIST_KILLED,COUNT_BICYCLIST_INJURED,COUNT_MC_KILLED,COUNT_MC_INJURED,PRIMARY_RAMP,SECONDARY_RAMP,LATITUDE,LONGITUDE,COUNTY,CITY,POINT_X,POINT_Y
6621502,2014,2016-05-04,9745,2014-09-02,1235,017968,,2,1,9,4000,0,1,2,,1,101,"RT 101","OLD STAGECOACH RD",2112.00,N,N,A,-,Y,SLO,5,101,-,-,33.160,H,-,N,Y,2,0,1,2,A,-,03,22350,,N,C,C,A,A,H,-,A,D,5,,,,Y,Y,,A,08,1,0,0,0,0,0,0,0,0,"- ","- ",35.323549999999997,-120.62085,"SAN LUIS OBISPO",UNINCORPORATED,-120.62125967999999,35.32298385
82157958,2023,2023-08-30,4004,2023-07-01,1706,1381,,6,5,3,4004,0,0,0,,0,,"RT 46E","GOLDEN HILL RD",872.00,E,N,A,-,Y,SLO,,46," "," ",31.316,H,,R,Y,1,1,0,2,A,-,01,23152,B,N,C,C,A,A,H,-,A,A,0,,,Y,,Y,Y,C,02,0,0,0,0,0,0,0,1,0,"- ","- ",35.644428253173828,-120.657958984375,"SAN LUIS OBISPO","PASO ROBLES",-120.657958984375,35.64447021484375
90211318,2016,2016-06-28,9740,2016-06-18,1349,015167,,6,1,9,4000,0,1,3,,1,015,"STATE ROUTE 1","MONTEREY COUNTY LINE",168.00,S,N,A,-,Y,,,,,,,,,,Y,2,0,1,1,A,-,08,22107,,N,F,A,A,A,H,-,A,D,0,,,,,Y,,A,01,1,0,0,0,0,0,0,0,0,"- ","- ",,,"SAN LUIS OBISPO",UNINCORPORATED,,
90589565,2017,2017-11-07,9740,2017-11-04,1235,013984,,6,1,9,4000,0,3,5,,2,016,"PANORAMA ROAD","ELKHRON RD",1056.00,N,N,B,-,N,,,,,,,,,,N,2,0,1,2,A,-,03,22350,,N,C,C,A,A,B,-,A,D,0,,,Y,,Y,,C,02,1,0,0,0,0,0,0,0,1,"- ","- ",35.146740000000001,-119.66473000000001,"SAN LUIS OBISPO",UNINCORPORATED,-119.6648562,35.14667575
90047051,2015,2015-11-09,9745,2015-11-07,2008,020144,,6,2,9,4000,0,2,4,,1,051,"LOS BERROS RD","PHELAN RANCH WAY",528.00,E,N,A,-,N,,,,,,,,,,N,2,0,1,1,A,-,01,23152,A,N,E,I,A,A,D,-,D,D,0,,,,,Y,Y,D,22,1,0,0,0,0,0,0,0,0,"- ","- ",35.084400000000002,-120.55476,"SAN LUIS OBISPO",UNINCORPORATED,-120.55561064,35.08528476
90767863,2018,2018-07-12,9745,2018-06-29,1825,020689,,5,2,9,4000,0,1,3,,1,032,SR-227,"CRESTMONT DR",443.00,S,N,A,-,Y,,,227,,,,,,,Y,2,0,1,2,A,-,08,22107,,N,C,C,A,A,H,-,A,D,0,,,Y,,Y,,A,01,1,0,0,0,0,0,0,0,1,"- ","- ",35.22650146484375,-120.62712860107422,"SAN LUIS OBISPO",UNINCORPORATED,-120.62718200683594,35.226463317871094
90877306,2018,2018-12-06,9745,2018-10-07,1646,019809,,7,2,9,4000,0,1,2,,2,505,"US 101 SOUTHBOUND","EL CAMPO ROAD",0.00,,Y,A,-,Y,,,,,,,,,,Y,1,1,2,2,A,-,09,21802,A,N,D,C,A,A,H,-,A,A,0,,,Y,,Y,,A,01,0,0,2,0,0,0,0,1,0,"- ","- ",35.111141204833984,-120.56365966796875,"SAN LUIS OBISPO",UNINCORPORATED,,
92374970,2024,2024-04-25,9740,2024-04-18,"950 ",020057,,4,1,9,4000,0,3,5,,2,022,"VINEYARD DR.","ADELAIDA RD.",3696.00,S,N,A,-,N,,,,,,,,,,Y,2,0,1,1,A,-,08,22107,,N,E,I,A,A,H,-,A,D,0,,,,,Y,,D,22,1,0,0,0,0,0,0,0,0,"- ","- ",35.630329132080078,-120.85207366943359,"SAN LUIS OBISPO",UNINCORPORATED,-120.85272216796875,35.630531311035156
9602937,2023,2023-08-07,4005,2023-07-02,1506,2626,PB5D,7,5,2,4005,0,0,0,,0,,"DOLLIVER ST","BAY ST",0.00,,N,A,-,N,,,,,,,,,,N,2,0,1,2,A,-,08,22107,,N,H,G,A,A,H,-,A,D,0,,Y,,,Y,,D,72,1,0,0,0,0,0,1,0,0,"- ","- ",,,"SAN LUIS OBISPO","PISMO BEACH",,
90062591,2015,2015-12-01,9740,2015-11-12,1910,013133,,4,2,9,4000,0,1,3,,2,008,SR-46,"CHOLAME CREEK",84.00,W,N,A,-,Y,,,46,,,,,,,Y,1,1,2,2,A,-,06,21751,,N,A,C,A,A,H,-,D,D,0,,,,,Y,,A,01,2,0,0,0,0,0,0,0,0,"- ","- ",35.732799999999997,-120.2906,"SAN LUIS OBISPO",UNINCORPORATED,-120.29064802000001,35.732886950000001
90516442,2017,2017-08-04,9740,2017-07-31,1520,014543,,1,2,9,4000,0,1,2,,2,002,"US-101 NORTHBOUND","SAN ANSELMO RD.",300.00,S,N,A,-,Y,,,,,,,,,,Y,2,0,1,1,A,-,08,22107,,N,E,I,A,A,H,-,A,D,0,,,,,Y,,D,22,1,0,0,0,0,0,0,0,0,"- ","- ",35.497160000000001,-120.68291000000001,"SAN LUIS OBISPO",UNINCORPORATED,-120.68214826000001,35.496570159999997
90791150,2018,2018-08-15,9740,2018-08-05,1317,014622,,7,1,9,4000,0,1,3,,1,015,SR-1,"SAN CARPOFORO CREEK",7920.00,N,N,A,-,Y,,,1,,,,,,,Y,2,0,1,2,A,-,09,21804,A,N,D,C,A,A,H,-,A,D,0,,,Y,,Y,,M,47,1,0,0,0,0,0,0,0,1,"- ","- ",35.781558990478516,-121.32968902587891,"SAN LUIS OBISPO",UNINCORPORATED,-121.32951354980469,35.781532287597656
91275181,2020,2020-07-27,9740,2020-07-19,1550,018988,,7,2,9,4000,0,3,5,,2,019,"ROSS DR","OLD SR-46",90.00,N,N,A,-,N,,,,,,,,,,N,2,0,2,1,A,-,03,22350,,N,F,A,A,A,B,-,A,D,0,,,Y,,Y,,C,06,1,1,0,0,0,0,0,0,2,"- ","- ",35.658809661865234,-120.50991821289062,"SAN LUIS OBISPO",UNINCORPORATED,-120.50988006591797,35.658760070800781
6749092,2014,2015-02-03,9740,2014-12-15,0115,015167,,1,3,9,4000,0,1,3,,2,008,"RT 46","RT 41",1584.00,W,N,A,-,Y,,,,,,,,,,Y,2,0,4,2,A,-,05,21460,A,N,A,C,A,A,H,-,D,D,0,,,,,Y,,A,01,1,1,2,0,0,0,0,0,0,"- ","- ",,,"SAN LUIS OBISPO",UNINCORPORATED,-120.36306765,35.663041560000003
9225101,2021,2021-08-09,4006,2021-01-11,1142,62657,,1,5,4,4006,0,0,0,,0,,"RT 227",AREOVISTA,0.00,,Y,A,-,N,,,,,,,,,,Y,1,1,1,2,A,-,09,21802,A,N,D,C,A,A,H,-,A,A,0,,,,,Y,,A,01,0,0,1,0,0,0,0,0,0,"- ","- ",35.243091583251953,-120.63999938964844,"SAN LUIS OBISPO","SAN LUIS OBISPO",-120.63992309570312,35.243110656738281
9336972,2021,2021-10-11,4006,2021-08-31,1212,89870,,2,5,4,4006,0,0,0,,0,,FOOTHILL,"SANTA ROSA",225.00,W,N,A,-,N,,,,,,,,,,N,2,0,1,2,A,-,11,21955,,N,G,B,D,A,H,-,A,D,0,Y,,,,Y,,N,60,1,0,0,0,1,0,0,0,0,"- ","- ",35.173801422119141,-120.40070343017578,"SAN LUIS OBISPO","SAN LUIS OBISPO",-120.66881561279297,35.294071197509766
84525972,2024,2025-01-06,4006,2024-12-20,1302,89870,,5,5,4,4006,0,0,0,,0,,"CHORRO ST","MEINECKE AVE",166.00,S,N,A,-,N,,,,,,,,,,N,2,0,1,3,A,-,08,22107,,F,G,B,E,A,H,-,A,D,0,Y,,,,Y,,E,22,1,0,0,0,1,0,0,0,0,"- ","- ",35.292530059814453,-120.66983032226562,"SAN LUIS OBISPO","SAN LUIS OBISPO",-120.66972351074219,35.291954040527344
90514105,2017,2017-08-01,9745,2017-07-24,1828,016390,,1,2,3,4001,0,1,2,,2,402,"US-101 S/B","GRAND AVE.",80.00,N,N,A,-,Y,,,101,,,,,,S,Y,2,0,1,1,A,-,08,22107,,N,E,I,A,A,H,-,A,D,0,,,Y,,Y,,C,02,1,0,0,0,0,0,0,0,1,"- ","- ",35.121009999999998,-120.58562999999999,"SAN LUIS OBISPO","ARROYO GRANDE",-120.58540143,35.121771289999998
9231381,2021,2021-03-22,4004,2021-02-15,0833,1349,,1,5,3,4004,0,0,0,,0,,"RT 46 E","RT 101",0.00,,Y,A,-,Y,SLO,5,101,-,-,57.790,R,4,S,Y,2,0,2,2,A,-,12,21453,A,N,D,C,A,A,H,-,A,A,0,,,,Y,Y,,F,26,1,0,1,0,0,0,0,0,0,"- ",SF,35.64202880859375,-120.68491363525391,"SAN LUIS OBISPO","PASO ROBLES",-120.68450164794922,35.640777587890625
84671060,2025,2025-05-01,4004,2025-04-17,1144,1351,,4,5,3,4004,0,0,0,,0,,"SPRING ST","30TH ST",123.00,N,N,A,-,N,,,,,,,,,,Y,2,0,1,2,A,-,03,22350,,N,C,E,A,A,H,-,A,D,0,,,,,Y,,A,01,1,0,0,0,0,0,0,0,0,"- ","- ",35.645389556884766,-120.69290161132812,"SAN LUIS OBISPO","PASO ROBLES",-120.69297790527344,35.645767211914062
90020024,2015,2015-10-19,9750,2015-09-08,1745,017379,,2,2,9,4000,0,1,3,,1,066,"SR-166 (STATE ROUTE 166)","SR-33 (STATE ROUTE 33)",5280.00,E,N,A,-,Y,,,,,,,,,,Y,1,1,0,1,A,-,08,22107,,N,E,I,A,A,H,-,A,D,0,,,,,Y,,A,07,0,0,0,0,0,0,0,0,0,"- ","- ",34.938180000000003,-119.49055,"SAN LUIS OBISPO",UNINCORPORATED,,
90848029,2018,2018-10-29,9745,2018-10-18,1907,017151,,4,2,9,4000,0,1,2,,1,101,"US-101 NORTHBOUND","STAGE COACH RD",5280.00,N,N,A,-,Y,,,101,,,,,,N,Y,2,0,1,2,A,-,03,22350,,N,C,C,A,A,H,-,D,D,0,,,,Y,Y,Y,A,07,1,0,0,0,0,0,0,0,0,"- ","- ",35.332199096679688,-120.62329864501953,"SAN LUIS OBISPO",UNINCORPORATED,-120.62338256835938,35.332138061523438
90895998,2018,2019-01-02,9745,2018-12-19,1722,016773,,3,2,9,4000,0,1,3,,1,011,SR-41,"MORRO CREEK RANCH RD",792.00,N,N,A,-,Y,,,41,,,,,,,Y,2,0,1,2,A,-,08,22107,,N,B,C,A,A,H,-,B,D,0,,,,,Y,,A,08,1,0,0,0,0,0,0,0,0,"- ","- ",35.400989532470703,-120.82462310791016,"SAN LUIS OBISPO",UNINCORPORATED,-120.82464599609375,35.401050567626953
91325487,2020,2020-10-16,9740,2020-10-10,2232,017952,,6,3,9,4000,0,1,3,,2,011,"SR-46 (WEST)","GREEN VALLEY RD",528.00,W,N,A,-,Y,,,46,,,,,,,Y,2,0,1,2,A,-,03,22350,,N,C,C,A,A,H,-,D,D,0,,,,,Y,,A,01,1,0,0,0,0,0,0,0,0,"- ","- ",35.539180755615234,-121.01358795166016,"SAN LUIS OBISPO",UNINCORPORATED,-121.01361846923828,35.539249420166016
91954676,2022,2023-05-16,9745,2022-09-09,1331,017541,,5,1,9,4000,0,1,2,,2,505,"US 101 SOUTHBOUND","SR-166 EASTBOUND",6336.00,N,N,A,-,Y,SLO,,101,,,2.014,H,,L,Y,2,0,1,3,A,-,07,21658,A,N,B,2,E,A,G,-,A,D,0,Y,,,Y,Y,,-,"- ",1,0,0,0,1,0,0,0,0,"- ","- ",35.008548736572266,-120.44876861572266,"SAN LUIS OBISPO",UNINCORPORATED,-120.44873809814453,35.008590698242188
9640601,2023,2025-07-22,4006,2023-08-16,1814,89870,,3,5,4,4006,0,0,0,,0,,"FOOTHILL BL","CASA ST",45.00,W,N,A,-,N,,,,,,,,,,N,1,1,0,2,A,-,10,21954,B,N,G,B,D,A,H,-,A,D,0,Y,,,,Y,,D,22,0,0,0,1,0,0,0,0,0,"- ","- ",35.294231414794922,-120.66593170166016,"SAN LUIS OBISPO","SAN LUIS OBISPO",-120.66596984863281,35.294269561767578
84437950,2024,2024-10-21,4006,2024-10-07,1345,16380,,1,5,4,4006,0,0,0,,0,,"SACRAMENTO DR","CAPITOLIO WAY",21.00,N,N,A,-,N,,,,,,,,,,Y,2,0,1,2,A,-,09,21802,A,N,D,C,A,A,H,-,A,A,0,,,Y,,Y,,A,07,1,0,0,0,0,0,0,0,1,"- ","- ",35.257099151611328,-120.64452362060547,"SAN LUIS OBISPO","SAN LUIS OBISPO",-120.64462280273438,35.257160186767578
84691354,2025,2025-05-19,4006,2025-05-06,2318,100014,,2,5,4,4006,0,0,0,,0,,"BROAD ST","INDUSTRIAL WAY",1079.00,S,N,-,-,N,,,,,,,,,,N,2,0,1,2,A,-,10,21950,A,N,G,B,F,A,H,-,D,D,0,Y,,,,Y,,A,01,1,0,0,0,1,0,0,0,0,"- ","- ",35.251148223876953,-120.64453887939453,"SAN LUIS OBISPO","SAN LUIS OBISPO",-120.64305877685547,35.248416900634766
90277206,2016,2016-09-27,9745,2016-09-03,0215,020229,,6,3,9,4000,0,2,4,,1,049,"CORBETT CANYON RD","ROYAL OAK PL",817.00,N,N,A,-,N,,,,,,,,,,Y,1,1,0,1,A,-,08,22107,,N,E,I,A,A,H,-,D,D,0,,,,,Y,,A,01,0,0,0,0,0,0,0,0,0,"- ","- ",35.1434,-120.56207000000001,"SAN LUIS OBISPO",UNINCORPORATED,-120.56182754,35.14404648
90481069,2017,2017-06-19,9740,2017-04-30,1530,018069,,7,2,9,4000,0,1,3,,1,009,SR-46,"ANTELOPE ROAD",1056.00,E,N,A,-,Y,,,46,,,,,,,Y,1,1,2,3,A,-,08,22107,,N,A,C,A,A,H,-,A,D,0,,,,Y,Y,,A,01,0,0,2,0,0,0,0,0,0,"- ","- ",35.744010000000003,-120.22447,"SAN LUIS OBISPO",UNINCORPORATED,-120.22447025,35.744066320000002
90957686,2019,2019-03-29,9745,2019-03-21,1207,014543,,4,1,9,4000,0,1,2,,2,202,"US-101 NORTHBOUND","PRADO RD",2112.00,S,N,A,-,Y,,,101,,,,,,N,Y,2,0,1,4,A,-,03,22350,,N,C,C,A,A,H,-,A,D,0,,,,,Y,,A,07,1,0,0,0,0,0,0,0,0,"- ","- ",35.251331329345703,-120.67807006835938,"SAN LUIS OBISPO",UNINCORPORATED,-120.67805480957031,35.251319885253906
91332627,2020,2020-10-27,9740,2020-10-19,2125,019259,,1,2,9,4000,0,3,5,,2,018,"GENESEO RD","LONE PINE PL",45.00,N,N,A,-,N,,,,,,,,,,Y,2,0,2,1,A,-,01,23152,A,N,E,I,A,A,H,-,D,D,0,,,,,Y,Y,A,01,1,1,0,0,0,0,0,0,0,"- ","- ",35.626560211181641,-120.55142211914062,"SAN LUIS OBISPO",UNINCORPORATED,-120.55140686035156,35.626628875732422
91454510,2021,2021-04-20,9740,2021-04-10,1909,013984,,6,2,9,4000,0,1,3,,2,008,"SR-46 EASTBOUND","W. CENTRE ST.",0.00,,Y,A,-,Y,,,46,,,,,,E,Y,2,0,5,2,A,-,09,21802,A,N,D,C,A,A,H,-,B,A,0,,,,,Y,,D,22,2,1,2,0,0,0,0,0,0,"- ","- ",35.661369323730469,-120.41407775878906,"SAN LUIS OBISPO",UNINCORPORATED,-120.41407775878906,35.661407470703125
6479723,2014,2016-04-05,9740,2014-04-28,1207,13952,,1,1,9,4000,0,1,3,,1,006,"RT 229","RT 58",7392.00,N,N,A,-,Y,SLO,5,229,-,-,1.400,H,-,S,N,2,0,1,1,A,-,03,22350,,N,E,I,A,A,H,-,A,D,0,,Y,,,Y,,L,04,1,0,0,0,0,0,1,0,0,"- ","- ",35.441139999999997,-120.54512,"SAN LUIS OBISPO",UNINCORPORATED,-120.54469663,35.441972569999997
6718558,2014,2015-06-23,9740,2014-12-24,1815,14691,,3,2,9,4000,0,1,2,,2,004,"RT 101","WELLSONA RD",0.00,,Y,B,-,Y,SLO,5,101,-,-,61.880,I,5,S,Y,1,4,0,2,A,-,09,21804,A,N,D,C,A,A,H,-,C,D,5,,,,Y,Y,,G,25,0,0,0,0,0,0,0,0,0,"- ","- ",,,"SAN LUIS OBISPO",UNINCORPORATED,-120.69679653999999,35.69584107
6944321,2015,2015-06-15,4001,2015-04-09,1355,P0106,463,4,5,3,4001,0,0,0,,0,OPERAT,"N OAK PARK BL","EL CAMINO REAL",0.00,,Y,A,-,N,,,,,,,,,,Y,2,0,2,2,A,-,12,21453,A,N,D,C,A,A,H,-,A,A,0,,,,,Y,,D,22,1,0,1,0,0,0,0,0,0,"- ","- ",,,"SAN LUIS OBISPO","ARROYO GRANDE",-120.60685986999999,35.129500040000003
9320840,2021,2022-07-15,4008,2021-09-19,1940,1145,,7,5,4,4008,0,0,0,,0,,"RT 41","SANTA ROSA RD",175.00,S,N,A,-,Y,SLO,5,41,-,-,41.490,H,-,N,Y,1,1,1,3,A,-,01,23152,A,F,G,B,E,A,H,-,B,D,0,Y,,,,Y,Y,A,01,0,1,0,1,0,0,0,0,0,"- ","- ",35.46588134765625,-120.67160797119141,"SAN LUIS OBISPO",ATASCADERO,-120.40203094482422,35.655490875244141
90564574,2017,2017-10-06,9745,2017-10-01,2140,017097,,7,2,9,4000,0,2,4,,1,051,"LOS BERROS RD","QUAILWOOD LN",50.00,E,N,A,-,N,,,,,,,,,,Y,2,0,1,1,A,-,03,22350,,N,F,A,A,A,H,-,D,D,0,,,Y,,Y,,C,02,1,0,0,0,0,0,0,0,1,"- ","- ",35.076700000000002,-120.52468,"SAN LUIS OBISPO",UNINCORPORATED,-120.52448197,35.076542799999999
90769466,2018,2018-07-16,9740,2018-07-07,0330,013984,,6,3,9,4000,0,3,5,,2,018,"UNION ROAD","PENMAN SPRINGS ROAD",3696.00,W,N,A,-,N,,,,,,,,,,Y,2,0,1,1,A,-,01,23152,G,M,E,I,A,A,H,-,D,D,0,,,,,Y,Y,D,22,1,0,0,0,0,0,0,0,0,"- ","- ",35.630031585693359,-120.61830902099609,"SAN LUIS OBISPO",UNINCORPORATED,-120.62616729736328,35.631797790527344
6721209,2014,2015-01-09,9750,2014-11-20,2058,17548,,4,2,9,4000,0,3,5,,2,030,"BULL CANYON RD","DONOVAN RD",7920.00,N,N,B,-,N,,,,,,,,,,Y,2,0,1,1,A,-,01,23152,A,N,F,A,A,B,H,-,D,D,0,,,,,Y,Y,A,01,1,0,0,0,0,0,0,0,0,"- ","- ",34.982599999999998,-120.39288999999999,"SAN LUIS OBISPO",UNINCORPORATED,-120.39024532000001,34.98399079
6806199,2015,2015-02-24,9740,2015-01-11,1535,011615,,7,2,9,4000,0,3,5,,2,023,"SAN SIMEON CREEK RD","RED MOUNTAIN RD",5.79,E,N,A,-,N,,,,,,,,,,Y,2,0,1,1,A,-,01,23152,A,N,E,I,A,A,B,-,A,D,0,,,,,Y,Y,A,01,1,0,0,0,0,0,0,0,0,"- ","- ",35.653950000000002,-121.04391,"SAN LUIS OBISPO",UNINCORPORATED,-121.09160122999999,35.607214259999999
90285844,2016,2016-10-13,9740,2016-09-30,1505,014662,,5,2,9,4000,0,1,3,,2,011,SR-46W,"ANDERSON RD",528.00,W,N,A,-,Y,,,46,,,,,,,Y,2,0,2,2,A,-,09,21801,A,N,D,C,A,A,H,-,A,D,0,,,,,Y,,A,01,1,0,1,0,0,0,0,0,0,"- ","- ",35.572400000000002,-120.73480000000001,"SAN LUIS OBISPO",UNINCORPORATED,-120.73483929,35.57247924
90887259,2018,2018-12-20,9740,2018-11-20,1817,016154,,2,2,9,4000,0,1,3,,2,008,"SR-46 E/B","LUCY BROWN RD.",4224.00,W,N,B,-,Y,,,,,,,,,,Y,2,0,1,1,A,-,21,22106,,N,E,I,A,A,D,-,D,D,0,,,,,Y,,A,07,1,0,0,0,0,0,0,0,0,"- ","- ",35.498439788818359,-120.68489074707031,"SAN LUIS OBISPO",UNINCORPORATED,,
91250462,2020,2020-06-10,9745,2020-05-29,0014,014910,,5,3,4,4006,0,3,5,,2,005,"ORCHARD RD","NELSON WAY",100.00,S,N,A,-,N,,,,,,,,,,Y,2,0,1,1,A,-,08,22107,,M,E,I,A,A,H,-,C,D,0,,,,,Y,,D,22,1,0,0,0,0,0,0,0,0,"- ","- ",35.015041351318359,-120.47798919677734,"SAN LUIS OBISPO","SAN LUIS OBISPO",-120.47801208496094,35.015033721923828
92121831,2023,2025-03-18,9740,2023-06-03,1346,022634,,6,1,9,4000,0,1,3,,2,005,SR-58,"W. POZO RD.",1268.00,E,N,A,-,Y,SLO,,58," "," ",3.371,H,,R,Y,1,1,1,2,A,-,05,21460,A,N,A,C,A,A,H,-,A,D,0,,,Y,,Y,,C,02,0,1,0,0,0,0,0,1,0,"- ","- ",35.390869140625,-120.57752990722656,"SAN LUIS OBISPO",UNINCORPORATED,-120.57752227783203,35.390861511230469
92321895,2024,2024-02-23,9745,2024-02-23,"530 ",020619,,5,3,9,4000,0,3,5,,2,004,"OSO FLACO LAKE RD","DIVISION RD",0.00,,Y,A,-,N,,,,,,,,,,Y,2,0,1,1,A,-,03,22350,,N,F,A,A,A,H,-,B,A,0,,,,,Y,,D,22,1,0,0,0,0,0,0,0,0,"- ","- ",35.000419616699219,-120.53070831298828,"SAN LUIS OBISPO",UNINCORPORATED,-120.53074645996094,35.000434875488281
6983539,2015,2016-11-03,9740,2015-06-29,1147,14460,,1,1,9,4000,0,1,3,,1,009,"RT 46","RT 41",0.00,,Y,A,-,Y,SLO,5,46,-,-,55.110,R,4,E,Y,2,0,3,2,A,-,09,21801,A,N,D,C,A,A,H,-,A,D,0,,,,,Y,,A,01,1,2,0,0,0,0,0,0,0,"- ","- ",35.734549999999999,-120.28425,"SAN LUIS OBISPO",UNINCORPORATED,-120.28439939,35.734479290000003
82161880,2023,2023-09-05,4006,2023-08-19,"154 ",90046,,6,5,4,4006,0,0,0,,0,,"HIGUERA ST","MARSH ST",0.00,,Y,A,-,N,,,,,,,,,,Y,2,0,1,1,A,-,01,23152,A,N,E,I,A,A,H,-,C,A,0,,,Y,,Y,Y,-,"- ",1,0,0,0,0,0,0,0,1,"- ","- ",35.274749755859375,-120.669189453125,"SAN LUIS OBISPO","SAN LUIS OBISPO",-120.66934204101562,35.2747802734375
90206418,2016,2016-06-21,9740,2016-06-13,1520,011615,,1,2,9,4000,0,2,4,,2,012,"G-14 (INTERLAKE RD)","BEE ROCK RD",93.00,E,N,A,-,N,,,,,,,,,,Y,2,0,1,1,A,-,00,22017,,N,E,I,A,A,H,-,A,D,0,,,,,Y,,D,22,1,0,0,0,0,0,0,0,0,"- ","- ",35.788080000000001,-120.93893,"SAN LUIS OBISPO",UNINCORPORATED,-120.93888938000001,35.788112949999999
90991272,2019,2019-06-10,9740,2019-04-18,1242,014662,,4,1,3,4004,0,1,2,,2,003,"US 101 NORTHBOUND",SR-46E,2640.00,S,N,B,-,Y,,,,,,,,,,Y,2,0,7,5,A,-,03,22350,,N,C,C,A,A,D,E,A,A,0,,,,Y,Y,,F,27,1,3,3,0,0,0,0,0,0,"- ","- ",35.635078430175781,-120.68525695800781,"SAN LUIS OBISPO","PASO ROBLES",-120.69647216796875,35.582145690917969
91145187,2019,2019-12-17,9740,2019-12-15,1006,020057,,7,1,9,4000,0,3,5,,2,019,"NORTH RIVER ROAD","WELLSONA ROAD",3168.00,N,N,A,-,N,,,,,,,,,,Y,2,0,1,1,A,-,01,23152,A,N,E,I,A,A,H,-,A,D,0,,,Y,,Y,Y,C,02,1,0,0,0,0,0,0,0,1,"- ","- ",35.704280853271484,-120.681640625,"SAN LUIS OBISPO",UNINCORPORATED,-120.68374633789062,35.688682556152344
91265344,2020,2020-07-08,9750,2020-06-30,1626,016469,,2,2,9,4000,0,1,3,,1,065,SR-166,SR-33,1584.00,E,N,A,-,Y,,,,,,,,,,Y,2,0,1,2,A,-,08,22107,,N,D,C,A,A,H,-,A,D,0,,,,Y,Y,,A,08,1,0,0,0,0,0,0,0,0,"- ","- ",34.936870574951172,-119.50621032714844,"SAN LUIS OBISPO",UNINCORPORATED,-119.50676727294922,34.936752319335938
92339501,2024,2024-03-15,9745,2024-03-05,1135,017709,,2,1,9,4000,0,1,2,,2,505,"US-101 SOUTHBOUND","EL CAMPO RD",5280.00,S,N,A,-,Y,SLO,,101," "," ",10.835,H,,L,Y,2,0,1,1,A,-,08,22107,,N,E,8,A,A,H,-,A,D,0,,,,,Y,,D,22,1,0,0,0,0,0,0,0,0,"- ","- ",35.102619171142578,-120.54979705810547,"SAN LUIS OBISPO",UNINCORPORATED,-120.54985046386719,35.102584838867188
94695794,2025,2025-05-21,9745,2025-05-10,"351 ",023476,,6,3,9,4000,0,2,4,,2,047,"LOPEZ DR","HI MOUNTAIN RD",63.00,E,N,A,-,N,,,,,,,,,,Y,2,0,1,1,A,-,01,23152,A,N,E,I,A,A,H,-,D,D,0,,,,,Y,Y,A,07,1,0,0,0,0,0,0,0,0,"- ","- ",35.188549041748047,-120.45786285400391,"SAN LUIS OBISPO",UNINCORPORATED,-120.45786285400391,35.188526153564453
94697754,2025,2025-05-22,9740,2025-05-11,"955 ",019697,,7,1,9,4000,0,1,3,,2,007,SR-41,"LA PANZA RD.",0.00,,Y,A,-,Y,SLO,,41," "," ",28.113,H,,R,Y,2,0,4,3,A,-,09,21802,A,N,D,2,A,A,H,-,A,A,0,,,,,Y,,A,01,2,2,0,0,0,0,0,0,0,"- ","- ",35.534351348876953,-120.52374267578125,"SAN LUIS OBISPO",UNINCORPORATED,-120.52374267578125,35.534339904785156
6702322,2014,2014-12-03,4004,2014-10-17,1046,0430,02,5,5,3,4004,0,0,0,,0,"2 6",NIBLICK,"SOUTH RIVER",528.00,W,N,A,-,N,,,,,,,,,,N,2,0,1,1,C,-,18,,,N,H,J,A,A,A,B,A,D,0,,Y,,,Y,,-,"- ",1,0,0,0,0,0,1,0,0,"- ","- ",,,"SAN LUIS OBISPO","PASO ROBLES",-120.68204590000001,35.615039750000001