CASE_ID,ACCIDENT_YEAR,PROC_DATE,JURIS,COLLISION_DATE,COLLISION_TIME,OFFICER_ID,REPORTING_DISTRICT,DAY_OF_WEEK,CHP_SHIFT,POPULATION,CNTY_CITY_LOC,SPECIAL_COND,BEAT_TYPE,CHP_BEAT_TYPE,CITY_DIVISION_LAPD,CHP_BEAT_CLASS,BEAT_NUMBER,PRIMARY_RD,SECONDARY_RD,DISTANCE,DIRECTION,INTERSECTION,WEATHER_1,WEATHER_2,STATE_HWY_IND,CALTRANS_COUNTY,CALTRANS_DISTRICT,STATE_ROUTE,ROUTE_SUFFIX,POSTMILE_PREFIX,POSTMILE,LOCATION_TYPE,RAMP_INTERSECTION,SIDE_OF_HWY,TOW_AWAY,COLLISION_SEVERITY,NUMBER_KILLED,NUMBER_INJURED,PARTY_COUNT,PRIMARY_COLL_FACTOR,PCF_CODE_OF_VIOL,PCF_VIOL_CATEGORY,PCF_VIOLATION,PCF_VIOL_SUBSECTION,HIT_AND_RUN,TYPE_OF_COLLISION,MVIW,PED_ACTION,ROAD_SURFACE,ROAD_COND_1,ROAD_COND_2,LIGHTING,CONTROL_DEVICE,CHP_ROAD_TYPE,PEDESTRIAN_ACCIDENT,BICYCLE_ACCIDENT,MOTORCYCLE_ACCIDENT,TRUCK_ACCIDENT,NOT_PRIVATE_PROPERTY,ALCOHOL_INVOLVED,STWD_VEHTYPE_AT_FAULT,CHP_VEHTYPE_AT_FAULT,COUNT_SEVERE_INJ,COUNT_VISIBLE_INJ,COUNT_COMPLAINT_PAIN,COUNT_PED_KILLED,COUNT_PED_INJURED,COUNT_BICYCLIST_KILLED,COUNT_BICYCLIST_INJURED,COUNT_MC_KILLED,COUNT_MC_INJURED,PRIMARY_RAMP,SECONDARY_RAMP,LATITUDE,LONGITUDE,COUNTY,CITY,POINT_X,POINT_Y
8886412,2019,2019-07-29,4008,2019-06-20,1725,3125,,4,5,4,4008,0,0,0,,0,,"EL CAMINO REAL","SAN ANSELMO RD",20.00,N,N,B,-,N,,,,,,,,,,Y,2,0,2,3,A,-,01,23153,F,N,C,C,A,A,D,-,A,A,0,,,,,Y,,A,08,1,0,1,0,0,0,0,0,0,"- ","- ",35.498119354248047,-120.68196105957031,"SAN LUIS OBISPO",ATASCADERO,-120.68327331542969,35.499526977539062
9434435,2022,2022-04-27,4006,2022-03-14,1340,1803,554,1,5,4,4006,0,0,0,,0,264-OH,"OCEAN DUNES SVRA","CXT G",2000.00,S,N,A,-,N,,,,,,,,,,N,2,0,2,1,A,-,03,38305,,N,G,A,A,A,H,-,A,D,0,,,,,Y,,A,42,1,1,0,0,0,0,0,0,0,"- ","- ",,,"SAN LUIS OBISPO","SAN LUIS OBISPO",,
90191598,2016,2016-05-31,9745,2016-04-15,0833,020144,,5,1,9,4000,0,3,5,,2,004,"W. EL CAMPO ROAD","PAR VIEW LANE",475.00,N,N,A,-,N,,,,,,,,,,N,2,0,1,2,A,-,03,22350,,F,G,B,E,A,H,-,A,D,0,Y,,,,Y,,-,99,1,0,0,0,1,0,0,0,0,"- ","- ",35.078200000000002,-120.57474000000001,"SAN LUIS OBISPO",UNINCORPORATED,-120.57479189999999,35.078146400000001
90923369,2019,2019-02-11,9745,2019-02-01,0000,016773,,5,3,2,4005,0,1,2,,2,404,"US-101 SOUTHBOUND","4TH STREET",350.00,N,N,C,-,Y,,,101,,,,,,S,N,2,0,1,1,A,-,03,22350,,N,E,I,A,B,H,-,C,D,0,,,,,Y,Y,A,01,1,0,0,0,0,0,0,0,0,"- ","- ",35.136371612548828,-120.62319946289062,"SAN LUIS OBISPO","PISMO BEACH",-120.6231689453125,35.136470794677734
94544101,2025,2025-01-21,9745,2025-01-03,2000,022733,,5,2,9,4000,0,3,5,,2,004,"NOYES ROAD","ORMONDE RD",400.00,N,N,A,-,N,,,,,,,,,,N,2,0,1,2,C,-,18,,,N,G,B,E,A,H,-,D,D,0,Y,,,,Y,,-,"- ",1,0,0,0,1,0,0,0,0,"- ","- ",35.160671234130859,-120.58685302734375,"SAN LUIS OBISPO",UNINCORPORATED,-120.58686828613281,35.160541534423828
6428103,2014,2015-11-16,9740,2014-03-14,1520,019259,,5,2,3,4004,0,1,2,,2,002,"RT 101","MAIN ST",4224.00,N,N,A,-,Y,SLO,5,101,-,-,53.240,H,-,S,Y,2,0,1,2,A,-,03,22350,,N,C,C,A,A,H,-,A,D,1,,,Y,,Y,,C,02,1,0,0,0,0,0,0,0,1,"- ","- ",35.576079999999997,-120.69745,"SAN LUIS OBISPO","PASO ROBLES",-120.69749462,35.576628919999997
82316765,2024,2024-02-19,4006,2024-02-02,2248,99106,,5,5,4,4006,0,0,0,,0,,"BROAD ST","EL CAPITAN WAY",70.00,N,N,A,-,N,,,,,,,,,,N,2,0,1,2,A,-,11,21954,A,N,G,B,D,A,H,-,D,D,0,Y,,,,Y,,N,60,1,0,0,0,1,0,0,0,0,"- ","- ",35.246551513671875,-120.64217376708984,"SAN LUIS OBISPO","SAN LUIS OBISPO",-120.64218139648438,35.246738433837891
90093725,2015,2016-01-12,9740,2015-12-12,1400,017426,,6,2,9,4000,0,3,5,,2,017,"EL CAMINO REAL","RANDOM OAKS DR",500.00,N,N,A,-,N,,,,,,,,,,Y,1,1,3,2,A,-,09,21801,A,N,A,C,A,A,H,-,A,D,0,,,,,Y,,A,07,0,1,2,0,0,0,0,0,0,"- ","- ",35.435949999999998,-120.62146,"SAN LUIS OBISPO",UNINCORPORATED,-120.62106493,35.435807390000001
90208555,2016,2016-06-23,9745,2016-06-23,0756,013531,,4,1,9,4000,0,3,5,,2,004,"WILLOW ROAD","BLACK LAKE CANYON ROAD",0.00,,Y,A,-,N,,,,,,,,,,Y,2,0,1,2,A,-,09,21801,A,N,A,C,A,A,H,-,A,D,0,,,,,Y,,D,22,1,0,0,0,0,0,0,0,0,"- ","- ",35.047249999999998,-120.53534000000001,"SAN LUIS OBISPO",UNINCORPORATED,-120.53520998,35.047400060000001
90844995,2018,2018-10-25,9745,2018-10-20,2057,013531,,6,2,4,4006,0,1,2,,2,202,"US-101 S/B TO CALIFORNIA BLVD.","KENTUCKY ST",167.00,E,N,A,-,Y,,,101,,,,R,,S,Y,2,0,2,1,A,-,03,22350,,N,E,I,A,A,H,-,D,D,0,,,Y,,Y,,C,02,1,1,0,0,0,0,0,0,2,"- ","- ",35.290878295898438,-120.65865325927734,"SAN LUIS OBISPO","SAN LUIS OBISPO",-120.65865325927734,35.290878295898438
91233529,2020,2020-05-04,9745,2020-04-29,2020,020689,,3,2,9,4000,0,3,5,,2,005,"LAS FLORES DR","TEFFT ST.",100.00,E,N,A,-,N,,,,,,,,,,Y,2,0,1,1,A,-,01,23152,A,N,F,A,A,A,H,-,C,D,0,,,Y,,Y,Y,C,02,1,0,0,0,0,0,0,0,1,"- ","- ",35.014301300048828,-120.50360107421875,"SAN LUIS OBISPO",UNINCORPORATED,-120.50364685058594,35.014339447021484
91404663,2020,2021-02-08,9745,2020-12-03,1422,017968,,4,2,3,4001,0,1,2,,2,402,"US-101 S/B","N. HALCYON ROAD",300.00,S,N,A,-,Y,,,101,,,,,,S,Y,1,1,0,2,A,-,17,21200,,N,H,G,A,A,H,-,A,D,0,,Y,,,Y,,L,04,0,0,0,0,0,1,0,0,0,"- ","- ",35.123310089111328,-120.59037780761719,"SAN LUIS OBISPO","ARROYO GRANDE",-120.59039306640625,35.123271942138672
91863320,2022,2022-09-13,9740,2022-09-01,0138,018069,,4,3,9,4000,0,3,5,,2,022,"PEACHY CANYON RD.","OLD SETTLERS RD.",15312.00,W,N,A,-,N,,,,,,,,,,Y,2,0,4,1,A,-,03,22350,,N,E,I,A,A,H,-,D,D,0,,,,,Y,,D,22,3,1,0,0,0,0,0,0,0,"- ","- ",35.626708984375,-120.75453948974609,"SAN LUIS OBISPO",UNINCORPORATED,-120.75413513183594,35.626487731933594
92009481,2023,2023-03-03,9740,2023-02-25,"40  ",021275,,6,3,9,4000,0,3,5,,2,017,"O'DONOVAN RD.","AMBROSE ST.",3700.00,S,N,B,-,N,,,,,,,,,,Y,2,0,1,1,A,-,01,23152,A,N,E,8,A,B,H,-,D,D,0,,,,,Y,Y,D,22,1,0,0,0,0,0,0,0,0,"- ","- ",35.509479522705078,-120.51583099365234,"SAN LUIS OBISPO",UNINCORPORATED,-120.51584625244141,35.509414672851562
92143457,2023,2023-08-14,9740,2023-08-10,"215 ",020841,,4,3,9,4000,0,1,2,,2,002,"US-101 NORTHBOUND","LAS TABLAS RD.",303.00,N,N,A,-,Y,SLO,,101," "," ",51.521,H,,R,Y,2,0,2,2,A,-,01,23152,A,N,C,C,A,A,H,-,D,D,0,,,,,Y,Y,A,07,1,1,0,0,0,0,0,0,0,"- ","- ",35.555099487304688,-120.71124267578125,"SAN LUIS OBISPO",UNINCORPORATED,-120.71125030517578,35.555107116699219
6596143,2014,2014-09-10,9740,2014-08-11,1513,14622,,1,2,9,4000,0,3,5,,2,019,"NORTH RIVER RD","WELLSONA RD",6864.00,S,N,A,-,N,,,,,,,,,,Y,2,0,1,1,C,-,18,,,N,H,A,A,A,H,-,A,D,0,,,,,Y,,-,"- ",1,0,0,0,0,0,0,0,0,"- ","- ",35.677819999999997,-120.68598,"SAN LUIS OBISPO",UNINCORPORATED,-120.68095,35.69585
6627700,2014,2014-09-29,9740,2014-09-03,2320,019259,,3,3,9,4000,0,3,5,,2,017,"S EL POMAR","CRESTON RD",3432.00,S,N,A,-,N,,,,,,,,,,Y,2,0,1,1,A,-,01,23152,A,N,F,A,A,A,H,-,D,D,0,,,,,Y,Y,A,07,1,0,0,0,0,0,0,0,0,"- ","- ",35.569189999999999,-120.60723,"SAN LUIS OBISPO",UNINCORPORATED,-120.6068612,35.564692749999999
81829341,2022,2022-08-01,4006,2022-07-16,1331,98137,,6,5,4,4006,0,0,0,,0,,"TANK FARM RD","MORNING GLORY WAY",370.00,E,N,A,-,N,,,,,,,,,,Y,2,0,1,2,A,-,11,21954,A,N,G,B,D,A,H,-,A,D,0,Y,,,,Y,,N,60,1,0,0,0,1,0,0,0,0,"- ","- ",35.249469757080078,-120.63632965087891,"SAN LUIS OBISPO","SAN LUIS OBISPO",-120.63508605957031,35.249526977539062
82263749,2023,2023-12-18,4006,2023-11-24,1036,99295,4006,5,5,4,4006,0,0,0,,0,,"MARSH ST","BROAD ST",0.00,,Y,-,-,N,,,,,,,,,,N,2,0,1,2,D,-,00,,,N,D,G,A,A,H,-,A,A,0,,Y,,,Y,,-,"- ",1,0,0,0,0,0,1,0,0,"- ","- ",35.278049468994141,-120.66385650634766,"SAN LUIS OBISPO","SAN LUIS OBISPO",-120.66381072998047,35.278110504150391
90683210,2018,2018-03-15,9740,2018-03-10,2025,018069,,6,2,9,4000,0,3,5,,2,019,"N STREET","RIVER ROAD",51.00,N,N,B,-,N,,,,,,,,,,N,2,0,1,2,A,-,11,21954,A,N,G,B,D,B,H,-,D,D,0,Y,,,,Y,Y,N,60,1,0,0,0,1,0,0,0,0,"- ","- ",35.752780914306641,-120.69493103027344,"SAN LUIS OBISPO",UNINCORPORATED,-120.6949462890625,35.752819061279297
93050908,2024,2024-07-31,9740,2024-07-22,"30  ",020302,,1,3,9,4000,0,3,5,,2,017,"CRESTON RD.","NEAL SPRING RD.",400.00,E,N,A,-,N,,,,,,,,,,Y,2,0,2,1,A,-,01,23152,A,N,E,I,A,A,H,-,D,D,0,,,,,Y,Y,D,22,2,0,0,0,0,0,0,0,0,"- ","- ",35.575519561767578,-120.61537933349609,"SAN LUIS OBISPO",UNINCORPORATED,-120.61519622802734,35.575340270996094
6463013,2014,2016-03-09,9740,2014-04-12,0020,014543,,6,3,9,4000,0,3,5,,2,022,"ANDERSON RD","RT 46",1056.00,N,N,A,-,N,,,,,,,,,,Y,2,0,1,1,A,-,01,23152,A,N,E,I,A,A,H,-,D,D,0,,,,,Y,Y,D,22,1,0,0,0,0,0,0,0,0,"- ","- ",35.567869999999999,-120.73692,"SAN LUIS OBISPO",UNINCORPORATED,-120.73530494000001,35.575520910000002
6718045,2014,2016-01-13,9745,2014-12-01,0829,14910,,1,1,4,4006,0,1,2,,2,202,"RT 101","PRADO RD",868.00,N,N,A,-,Y,SLO,5,101,-,-,26.890,H,-,N,Y,1,1,0,1,A,-,08,22107,,N,E,I,A,A,H,-,A,D,1,,,,,Y,,A,07,0,0,0,0,0,0,0,0,0,"- ","- ",35.258850000000002,-120.67357,"SAN LUIS OBISPO","SAN LUIS OBISPO",-120.6744904,35.257278650000003
81798261,2022,2022-06-20,4006,2022-06-07,2000,99310,,2,5,4,4006,0,0,0,,0,,"CALIFORNIA BLVD","TAFT ST",0.00,,Y,A,-,N,,,,,,,,,,N,2,0,1,2,A,-,09,21802,A,N,D,C,A,A,H,-,A,D,0,,,,,Y,,A,01,1,0,0,0,0,0,0,0,0,"- ","- ",35.289329528808594,-120.66159057617188,"SAN LUIS OBISPO","SAN LUIS OBISPO",-120.66030120849609,35.290897369384766
91688677,2021,2022-01-28,9745,2021-08-06,1457,020417,,5,2,9,4000,0,3,5,,2,002,"SAN LUIS BAY DRIVE","S. ROADWAY EDGE OF APPLE ORCHARD LN.",91.00,N,N,B,-,N,,,,,,,,,,Y,1,1,2,2,A,-,01,23152,F,N,A,C,A,A,H,-,A,D,0,,,,,Y,,D,22,1,1,0,0,0,0,0,0,0,"- ","- ",35.190399169921875,-120.71797180175781,"SAN LUIS OBISPO",UNINCORPORATED,-120.71796417236328,35.190444946289062
92174916,2023,2023-09-20,9745,2023-09-09,2324,018009,,6,3,9,4000,0,1,2,,2,505,"U.S. 101 SOUTHBOUND","WILLOW ROAD",2640.00,S,N,A,-,Y,SLO,,101," "," ",5.892,H,,L,Y,2,0,1,2,A,-,08,22107,,F,C,C,A,A,H,-,D,D,0,,,,,Y,,-,99,1,0,0,0,0,0,0,0,0,"- ","- ",35.048938751220703,-120.49571228027344,"SAN LUIS OBISPO",UNINCORPORATED,-120.49563598632812,35.048980712890625
6290315,2014,2015-12-23,9745,2014-03-14,2335,17151,,5,3,9,4000,0,3,5,,2,001,"PICACHIO RD","CAYUCOS CREEK RD",4752.00,E,N,A,-,N,,,,,,,,,,Y,1,1,1,1,A,-,03,22350,,N,F,A,A,A,H,-,D,D,0,,,,,Y,Y,A,07,0,0,1,0,0,0,0,0,0,"- ","- ",35.481020000000001,-120.92261000000001,"SAN LUIS OBISPO",UNINCORPORATED,-120.92261000000001,35.481020000000001
6536249,2014,2016-04-07,9740,2014-05-30,0925,13733,,5,1,9,4000,0,1,2,,2,004,"RT 101","WELLSONA RD",0.00,,Y,A,-,Y,SLO,5,101,-,-,61.880,I,5,S,Y,2,0,2,2,A,-,09,21801,A,N,D,C,A,A,H,-,A,D,5,,,,,Y,,A,07,1,0,1,0,0,0,0,0,0,"- ","- ",35.695650000000001,-120.69663,"SAN LUIS OBISPO",UNINCORPORATED,-120.69679653999999,35.69584107
8643152,2018,2018-06-28,4008,2018-03-17,1419,2030,,6,5,4,4008,0,0,0,,0,,"EL CAMINO REAL","SAN JACINTO AV",0.00,,Y,A,-,N,,,,,,,,,,Y,2,0,3,4,A,-,09,21801,A,N,A,C,A,A,H,-,A,D,0,,,,,Y,,A,01,1,0,2,0,0,0,0,0,0,"- ","- ",35.495361328125,-120.67964935302734,"SAN LUIS OBISPO",ATASCADERO,-120.67967224121094,35.495410919189453
81514112,2021,2021-07-07,4004,2021-06-27,0917,1470,,7,5,3,4004,0,0,0,,0,,"GOLDEN HILL RD","CRESTON RD",35.00,N,N,A,-,N,,,,,,,,,,Y,2,0,2,2,A,-,03,22350,,N,C,C,A,A,H,-,A,A,0,,,,,Y,,A,01,1,1,0,0,0,0,0,0,0,"- ","- ",35.622280120849609,-120.65972900390625,"SAN LUIS OBISPO","PASO ROBLES",-120.65960693359375,35.622348785400391
82161879,2023,2023-12-14,4006,2023-08-16,1614,89870,,3,5,4,4006,0,0,0,,0,,"FOOTHILL BLVD","CASA ST",45.00,W,N,A,-,N,,,,,,,,,,N,2,0,1,2,A,-,09,21802,A,N,G,B,D,A,H,-,A,D,0,Y,,,,Y,,D,22,1,0,0,0,1,0,0,0,0,"- ","- ",35.294281005859375,-120.66593170166016,"SAN LUIS OBISPO","SAN LUIS OBISPO",-120.66596984863281,35.294269561767578
90196261,2016,2016-06-07,9740,2016-06-01,1343,019096,,3,1,9,4000,0,1,2,,2,004,"US-101 NORTHBOUND","MONTEREY RD",651.00,S,N,A,-,Y,,,101,,,,,,N,Y,2,0,3,1,A,-,08,22107,,N,F,I,A,A,H,-,A,D,0,,,,,Y,,A,01,1,1,1,0,0,0,0,0,0,"- ","- ",35.664879999999997,-120.69646,"SAN LUIS OBISPO",UNINCORPORATED,-120.69649592,35.66488931
92070320,2023,2023-05-16,9745,2023-05-04,1230,016773,,4,1,9,4000,0,1,3,,1,021,"SR-1 NORTHBOUND","NIKKI'S BEACH DRIVE",1056.00,S,N,A,-,Y,SLO,,1," "," ",43.477,H,,R,Y,2,0,1,1,A,-,01,23152,A,N,F,J,A,A,H,-,A,D,0,,,,,Y,Y,A,07,1,0,0,0,0,0,0,0,0,"- ","- ",35.501461029052734,-121.01390075683594,"SAN LUIS OBISPO",UNINCORPORATED,-121.013671875,35.501628875732422
94570027,2025,2025-02-07,9745,2025-01-18,1010,017968,,6,1,9,4000,0,1,2,,1,101,"US-101 N/B",SR-58,2112.00,S,N,A,-,Y,SLO,,101," "," ",37.353,H,,R,N,2,0,1,1,A,-,03,22350,,N,F,A,A,A,H,-,A,D,0,,Y,,,Y,,L,04,1,0,0,0,0,0,1,0,0,"- ","- ",35.377250671386719,-120.63552856445312,"SAN LUIS OBISPO",UNINCORPORATED,-120.6356201171875,35.377300262451172
94667152,2025,2025-04-28,9740,2025-04-20,2045,023285,,7,2,3,4004,0,1,2,,2,003,"US-101 SOUTHBOUND","SR-46 (EAST)",3696.00,N,N,A,-,Y,SLO,,101," "," ",58.615,H,,L,Y,2,0,1,1,A,-,01,23152,A,N,E,I,A,A,H,-,D,D,0,,,,,Y,Y,A,01,1,0,0,0,0,0,0,0,0,"- ","- ",35.651779174804688,-120.69033050537109,"SAN LUIS OBISPO","PASO ROBLES",-120.69057464599609,35.651607513427734
90321054,2016,2016-11-16,9745,2016-11-05,1115,016390,,6,1,2,4005,0,1,2,,2,404,"US 101 N/B","FRADY LN. U/C",70.00,S,N,A,-,Y,,,,,,,,,,Y,2,0,2,3,A,-,03,22350,,N,C,C,A,A,H,-,A,D,0,,,Y,,Y,,A,07,2,0,0,0,0,0,0,0,2,"- ","- ",35.138500000000001,-120.6319,"SAN LUIS OBISPO","PISMO BEACH",-120.63245606,35.138694020000003
90853016,2018,2018-11-05,9745,2018-11-02,2015,020689,,5,2,9,4000,0,3,5,,2,005,"POMEROY RD","CAMINO CABALLO",210.00,S,N,A,-,N,,,,,,,,,,Y,2,0,1,1,A,-,01,23152,A,N,E,I,A,A,H,-,D,D,0,,,Y,,Y,Y,C,02,1,0,0,0,0,0,0,0,1,"- ","- ",35.034000396728516,-120.50039672851562,"SAN LUIS OBISPO",UNINCORPORATED,-120.50054931640625,35.034317016601562
90913534,2019,2019-01-28,9745,2019-01-25,1436,018253,,5,2,9,4000,0,2,4,,1,058,"ORCHARD AVENUE","THEODORA ST",0.00,,Y,A,-,N,,,,,,,,,,Y,2,0,2,2,A,-,01,23152,A,N,D,C,A,A,H,-,A,D,0,,,Y,,Y,Y,A,07,2,0,0,0,0,0,0,0,2,"- ","- ",35.027980804443359,-120.49404907226562,"SAN LUIS OBISPO",UNINCORPORATED,-120.49401092529297,35.027931213378906
90968200,2019,2019-04-15,9750,2019-04-07,1440,018009,,7,2,9,4000,0,2,4,,1,024,"CLARK AVE","GRAY ST",0.00,,Y,A,-,Y,,,,,,,,,,N,2,0,1,2,A,-,11,21950,B,N,G,B,B,A,H,-,A,A,0,Y,,,,Y,,N,60,1,0,0,0,1,0,0,0,0,"- ","- ",34.865169525146484,-120.44332885742188,"SAN LUIS OBISPO",UNINCORPORATED,,
91089598,2019,2019-10-03,9740,2019-09-14,0940,010820,,6,1,9,4000,0,1,3,,2,005,SR-58,"RED HILL ROAD",153.00,W,N,A,-,Y,,,58,,,,,,,Y,2,0,1,1,A,-,03,22350,,N,E,I,A,A,H,-,A,A,0,,,Y,,Y,,C,02,1,0,0,0,0,0,0,0,1,"- ","- ",35.404258728027344,-120.280517578125,"SAN LUIS OBISPO",UNINCORPORATED,-120.28050994873047,35.404270172119141
91832556,2022,2022-08-03,9745,2022-07-25,2350,020773,,1,3,9,4000,0,1,2,,2,303,"US-101 NORTHBOUND","AVILA BEACH DRIVE",3168.00,N,N,A,-,Y,SLO,,101,,R,21.722,H,,R,Y,2,0,3,2,A,-,01,23152,A,N,C,2,A,A,H,-,D,D,0,,,,,Y,Y,A,01,3,0,0,0,0,0,0,0,0,"- ","- ",35.188098907470703,-120.70102691650391,"SAN LUIS OBISPO",UNINCORPORATED,-120.70106506347656,35.188102722167969
8897202,2019,2019-07-19,4006,2019-06-27,1214,80908,,4,5,4,4006,0,0,0,,0,,MARSH,MORRO,144.00,W,N,A,-,N,,,,,,,,,,N,2,0,1,2,A,-,06,21951,,N,B,B,C,A,H,-,A,A,0,Y,,,,Y,,A,01,1,0,0,0,1,0,0,0,0,"- ","- ",35.279571533203125,-120.66140747070312,"SAN LUIS OBISPO","SAN LUIS OBISPO",-120.66140747070312,35.279575347900391
9454637,2022,2022-08-08,4002,2022-05-31,1349,015,,2,5,3,4002,0,0,0,,0,,"W GRAND AV","S 13TH ST",0.00,,Y,A,-,N,,,,,,,,,,N,2,0,1,2,A,-,10,21950,A,N,G,B,B,A,H,-,A,A,0,Y,,,,Y,,-,"- ",1,0,0,0,1,0,0,0,0,"- ","- ",,,"SAN LUIS OBISPO","GROVER BEACH",-120.61531066894531,35.121250152587891
91013311,2019,2019-06-19,9740,2019-06-16,0200,019486,,7,3,3,4004,0,1,2,,2,003,"US-101 NORTHBOUND","NIBLICK RD",1743.00,S,N,A,-,Y,,,101,,,,,,N,Y,2,0,1,1,A,-,01,23152,F,N,E,I,A,A,H,-,D,A,0,,,,,Y,,A,08,1,0,0,0,0,0,0,0,0,"- ","- ",35.610969543457031,-120.69127655029297,"SAN LUIS OBISPO","PASO ROBLES",-120.69112396240234,35.610908508300781
91181999,2019,2020-02-06,9740,2019-11-23,1745,019486,,6,2,9,4000,0,1,3,,2,005,SR-58,"PARKHILL RD",3168.00,E,N,A,-,Y,,,58,,,,,,,Y,2,0,1,2,A,-,05,21460,A,F,A,C,A,A,H,-,D,A,0,,,Y,,Y,,A,07,1,0,0,0,0,0,0,0,1,"- ","- ",35.419109344482422,-120.55438995361328,"SAN LUIS OBISPO",UNINCORPORATED,-120.55438232421875,35.419075012207031
91209392,2020,2020-03-16,9745,2020-03-12,0033,019070,,4,3,9,4000,0,3,5,,2,002,"FOOTHILL BLVD","BLUE GRANITE LN",1584.00,E,N,A,-,N,,,,,,,,,,Y,2,0,1,1,A,-,01,23152,A,N,E,I,A,A,H,-,D,D,0,,,,,Y,Y,A,07,1,0,0,0,0,0,0,0,0,"- ","- ",35.287738800048828,-120.69677734375,"SAN LUIS OBISPO",UNINCORPORATED,-120.69697570800781,35.287689208984375
91411199,2021,2021-02-18,9745,2021-02-12,0714,014910,,5,1,9,4000,0,2,4,,1,025,"LOS OSOS VALLEY RD","TURRI RD",4752.00,E,N,A,-,N,,,,,,,,,,Y,2,0,1,1,A,-,03,22350,,N,F,A,A,B,G,-,A,D,0,,,Y,,Y,,C,03,1,0,0,0,0,0,0,0,1,"- ","- ",35.294361114501953,-120.75981903076172,"SAN LUIS OBISPO",UNINCORPORATED,-120.76190948486328,35.295173645019531
6848857,2015,2016-09-08,9745,2015-03-03,1755,016068,,2,2,9,4000,0,1,2,,2,303,"RT 101","HIGUERA ST",1056.00,S,N,A,-,Y,SLO,5,101,-,R,24.100,H,-,N,Y,2,0,1,1,A,-,01,23152,A,N,E,I,A,A,H,-,B,D,1,,,,,Y,Y,A,07,1,0,0,0,0,0,0,0,0,"- ","- ",35.217419999999997,-120.69471,"SAN LUIS OBISPO",UNINCORPORATED,-120.69224401,35.221216519999999
8846800,2019,2019-08-27,4008,2019-04-27,1445,5151,,6,5,4,4008,0,0,0,,0,,"MORRO RD","OLD MORRO RD",153.00,E,N,A,-,Y,SLO,5,41,-,-,12.620,H,-,N,Y,2,0,1,1,A,-,08,22107,,N,E,I,A,A,H,-,A,D,0,,,,,Y,,A,01,1,0,0,0,0,0,0,0,0,"- ","- ",35.451229095458984,-120.69732666015625,"SAN LUIS OBISPO",ATASCADERO,-120.69705963134766,35.450721740722656
8939547,2019,2021-05-20,4008,2019-07-06,2157,2113,,6,5,4,4008,0,0,0,,0,,"MORRO RD","OLD MORRO RD",100.00,E,N,A,-,Y,SLO,5,41,-,-,12.570,H,-,N,Y,1,1,0,2,A,-,03,22350,,N,E,I,A,A,H,-,D,D,0,,,Y,,Y,Y,C,02,0,0,0,0,0,0,0,1,0,"- ","- ",35.451229095458984,-120.69732666015625,"SAN LUIS OBISPO",ATASCADERO,-120.69792938232422,35.450702667236328
82112326,2023,2023-12-08,4008,2023-06-01,1651,1145,,4,5,4,4008,0,0,0,,0,,"SYCAMORE RD","ACACIA RD.",1632.00,N,N,A,-,N,,,,,,,,,,N,2,0,1,2,A,-,10,21950,A,N,G,B,D,A,H,-,A,D,0,Y,,,,Y,,A,01,1,0,0,0,1,0,0,0,0,"- ","- ",,,"SAN LUIS OBISPO",ATASCADERO,-116.98039245605469,34.744781494140625
91202044,2020,2020-03-05,9740,2020-03-02,0139,016154,,1,3,9,4000,0,1,2,,2,002,"US-101 SOUTHBOUND","SAN RAMON RD.",2200.00,N,N,B,-,Y,,,101,,,,,,S,N,2,0,1,2,A,-,08,22107,,N,B,G,A,A,H,-,D,D,0,,Y,,,Y,,A,07,1,0,0,0,0,0,1,0,0,"- ","- ",35.531219482421875,-120.70938110351562,"SAN LUIS OBISPO",UNINCORPORATED,-120.70932769775391,35.531265258789062
91274991,2020,2020-07-27,9745,2020-07-22,0750,016773,,3,1,9,4000,0,3,5,,2,004,"US-101 SOUTHBOUND",SR-58,1056.00,S,N,A,-,Y,,,101,,,,,,S,Y,2,0,1,1,A,-,08,22107,,N,E,I,A,A,H,-,A,D,0,,,,,Y,,A,01,1,0,0,0,0,0,0,0,0,"- ","- ",35.379901885986328,-120.63361358642578,"SAN LUIS OBISPO",UNINCORPORATED,-120.63353729248047,35.379837036132812
91479197,2021,2021-05-27,9740,2021-05-17,1445,018988,,1,2,9,4000,0,3,5,,2,021,"S BETHEL RD","VIA ROBLES WAY",139.00,S,N,A,-,N,,,,,,,,,,N,2,0,1,1,A,-,08,22107,,N,F,A,A,A,H,-,A,D,0,,Y,,,Y,,L,04,1,0,0,0,0,0,1,0,0,"- ","- ",35.541759490966797,-120.73130035400391,"SAN LUIS OBISPO",UNINCORPORATED,,
92365741,2024,2025-01-23,9745,2024-03-02,2336,017144,,6,3,4,4006,0,1,2,,2,202,"US-101 NORTHBOUND","PRADO RD",615.00,N,N,C,-,Y,SLO,,101," "," ",26.995,H,,R,Y,1,1,2,3,A,-,01,23152,A,N,E,8,F,B,H,-,C,D,0,Y,,,,Y,Y,-,"- ",0,1,1,1,1,0,0,0,0,"- ","- ",35.258781433105469,-120.67365264892578,"SAN LUIS OBISPO","SAN LUIS OBISPO",-120.6737060546875,35.258792877197266