CASE_ID,ACCIDENT_YEAR,PROC_DATE,JURIS,COLLISION_DATE,COLLISION_TIME,OFFICER_ID,REPORTING_DISTRICT,DAY_OF_WEEK,CHP_SHIFT,POPULATION,CNTY_CITY_LOC,SPECIAL_COND,BEAT_TYPE,CHP_BEAT_TYPE,CITY_DIVISION_LAPD,CHP_BEAT_CLASS,BEAT_NUMBER,PRIMARY_RD,SECONDARY_RD,DISTANCE,DIRECTION,INTERSECTION,WEATHER_1,WEATHER_2,STATE_HWY_IND,CALTRANS_COUNTY,CALTRANS_DISTRICT,STATE_ROUTE,ROUTE_SUFFIX,POSTMILE_PREFIX,POSTMILE,LOCATION_TYPE,RAMP_INTERSECTION,SIDE_OF_HWY,TOW_AWAY,COLLISION_SEVERITY,NUMBER_KILLED,NUMBER_INJURED,PARTY_COUNT,PRIMARY_COLL_FACTOR,PCF_CODE_OF_VIOL,PCF_VIOL_CATEGORY,PCF_VIOLATION,PCF_VIOL_SUBSECTION,HIT_AND_RUN,TYPE_OF_COLLISION,MVIW,PED_ACTION,ROAD_SURFACE,ROAD_COND_1,ROAD_COND_2,LIGHTING,CONTROL_DEVICE,CHP_ROAD_TYPE,PEDESTRIAN_ACCIDENT,BICYCLE_ACCIDENT,MOTORCYCLE_ACCIDENT,TRUCK_ACCIDENT,NOT_PRIVATE_PROPERTY,ALCOHOL_INVOLVED,STWD_VEHTYPE_AT_FAULT,CHP_VEHTYPE_AT_FAULT,COUNT_SEVERE_INJ,COUNT_VISIBLE_INJ,COUNT_COMPLAINT_PAIN,COUNT_PED_KILLED,COUNT_PED_INJURED,COUNT_BICYCLIST_KILLED,COUNT_BICYCLIST_INJURED,COUNT_MC_KILLED,COUNT_MC_INJURED,PRIMARY_RAMP,SECONDARY_RAMP,LATITUDE,LONGITUDE,COUNTY,CITY,POINT_X,POINT_Y
8491579,2017,2017-12-05,4006,2017-10-30,1712,62657,,1,5,4,4006,0,0,0,,0,,BROAD,BRANCH,0.00,,Y,A,-,N,,,,,,,,,,Y,2,0,1,2,A,-,03,22350,,N,D,C,A,A,H,-,A,A,0,,,Y,,Y,,C,02,1,0,0,0,0,0,0,0,1,"- ","- ",35.270249999999997,-120.657,"SAN LUIS OBISPO","SAN LUIS OBISPO",-120.65699997999999,35.270269999999996
9336397,2021,2021-09-24,4008,2021-07-14,1725,3134,A,3,5,4,4008,0,0,0,,0,,"ARENA AV","SAN ANSELMO RD",180.00,N,N,A,-,N,,,,,,,,,,N,2,0,1,2,A,-,11,21954,A,N,G,B,E,A,H,-,A,D,0,Y,,,,Y,,N,60,1,0,0,0,1,0,0,0,0,"- ","- ",35.509319305419922,-120.67723083496094,"SAN LUIS OBISPO",ATASCADERO,-120.67779541015625,35.509666442871094
82199110,2023,2023-10-16,4006,2023-09-27,1600,89870,,3,5,4,4006,0,0,0,,0,,"FOOTHILL BLVD","PATRICIA DR",230.00,W,N,A,-,N,,,,,,,,,,Y,2,0,3,2,A,-,08,22107,,N,B,E,A,A,H,-,A,D,0,,,,,Y,,A,07,1,2,0,0,0,0,0,0,0,"- ","- ",35.294589996337891,-120.68354034423828,"SAN LUIS OBISPO","SAN LUIS OBISPO",-120.68427276611328,35.294147491455078
84725923,2025,2025-06-16,4006,2025-06-01,1845,108324,,7,5,4,4006,0,0,0,,0,,"RAMONA DR","BROAD ST",325.00,W,N,A,-,N,,,,,,,,,,N,2,0,1,2,A,-,05,21460,A,N,B,C,A,A,H,-,A,D,0,,,Y,,Y,,C,02,1,0,0,0,0,0,0,0,1,"- ","- ",35.292961120605469,-120.67176055908203,"SAN LUIS OBISPO","SAN LUIS OBISPO",-120.67277526855469,35.292797088623047
90868604,2018,2018-11-27,9745,2018-10-21,1915,020689,,7,2,9,4000,0,1,3,,1,040,"STATE ROUTE 227 (CARPENTER CANYON RD.)","NOYES ROAD",150.00,S,N,A,-,Y,,,227,,,,,,,Y,1,1,0,1,A,-,08,22107,,N,E,I,A,A,H,-,D,D,0,,,,,Y,,D,22,0,0,0,0,0,0,0,0,0,"- ","- ",35.168498992919922,-120.58190155029297,"SAN LUIS OBISPO",UNINCORPORATED,-120.58189392089844,35.168525695800781
91030529,2019,2019-07-15,9750,2019-07-03,1804,017884,,3,2,9,4000,0,1,3,,1,065,SR-166,"KIRSCHENMANN RD",7392.00,E,N,A,-,Y,,,166,,,,,,,Y,2,0,1,1,A,-,08,22107,,N,E,I,A,A,H,-,A,D,0,,,,,Y,,D,22,1,0,0,0,0,0,0,0,0,"- ","- ",34.934440612792969,-119.57183837890625,"SAN LUIS OBISPO",UNINCORPORATED,-119.57183837890625,34.934341430664062
91171033,2020,2020-01-23,9745,2020-01-17,1210,015144,,5,1,9,4000,0,1,3,,1,043,SR-1,"SHERIDAN RD",0.00,,Y,A,-,Y,,,1,,,,,,,Y,2,0,1,3,A,-,09,21802,A,N,D,C,A,A,H,-,A,A,0,,,,,Y,,A,07,1,0,0,0,0,0,0,0,0,"- ","- ",35.047271728515625,-120.57688140869141,"SAN LUIS OBISPO",UNINCORPORATED,-120.57688140869141,35.047294616699219
91569676,2021,2021-09-14,9740,2021-09-04,2500,015675,,6,4,9,4000,0,1,3,,2,007,SR-41,"STRAW RIDGE RD.",157.00,N,N,A,-,Y,,,,,,,,,,Y,2,0,1,1,A,-,08,22107,,N,E,8,A,A,H,-,D,D,0,,,,,Y,,D,22,1,0,0,0,0,0,0,0,0,"- ","- ",35.548141479492188,-120.71582794189453,"SAN LUIS OBISPO",UNINCORPORATED,-120.54110717773438,35.533512115478516
92390980,2024,2024-05-15,9745,2024-05-07,"924 ",017709,,2,1,9,4000,0,2,4,,1,046,"PRICE CANYON RD","CORRAL DE PIEDRA RD",900.00,S,N,A,-,N,,,,,,,,,,N,2,0,2,2,A,-,08,22107,,N,B,G,A,A,H,-,A,D,0,,Y,,,Y,,L,04,1,1,0,0,0,0,2,0,0,"- ","- ",35.193038940429688,-120.61456298828125,"SAN LUIS OBISPO",UNINCORPORATED,-120.61459350585938,35.19317626953125
8609022,2018,2018-05-04,4006,2018-04-03,1430,16382,,2,5,4,4006,0,0,0,,0,,"SANTA BARBARA",BROAD,0.00,,Y,A,-,N,,,,,,,,,,Y,2,0,1,2,A,-,12,21453,A,N,G,G,A,A,H,-,A,A,0,,Y,,,Y,,L,04,1,0,0,0,0,0,1,0,0,"- ","- ",,,"SAN LUIS OBISPO","SAN LUIS OBISPO",-120.65653991699219,35.269809722900391
9257125,2021,2021-05-12,4002,2021-04-03,0905,368,,6,5,3,4002,0,0,0,,0,,"RT 1","W GRAND AV",0.00,,Y,B,-,N,,,,,,,,,,N,2,0,1,2,A,-,09,21453,C,N,A,C,A,A,H,-,A,A,0,,,,,Y,,A,07,1,0,0,0,0,0,0,0,0,"- ","- ",,,"SAN LUIS OBISPO","GROVER BEACH",-120.62976837158203,35.121959686279297
90174173,2016,2016-05-06,9745,2016-04-09,0240,020689,,6,3,3,4001,0,1,2,,2,402,"US-101 SOUTHBOUND","OAK PARK BLVD",760.00,N,N,A,-,Y,,,101,,,,,,S,Y,1,1,1,2,A,-,11,21956,,N,G,B,E,A,H,-,D,D,0,Y,,,,Y,,N,60,0,1,0,1,0,0,0,0,0,"- ","- ",35.130360000000003,-120.60813,"SAN LUIS OBISPO","ARROYO GRANDE",-120.60813597000001,35.130332789999997
90194293,2016,2016-06-03,9745,2016-05-27,0150,016773,,5,3,4,4006,0,1,2,,2,202,"US-101 SOUTHBOUND","MARSH ST",300.00,S,N,A,-,Y,,,101,,,,,,S,Y,2,0,1,2,A,-,08,22107,,N,D,G,A,A,H,-,D,D,0,,Y,,,Y,Y,L,04,1,0,0,0,0,0,1,0,0,"- ","- ",35.271740000000001,-120.67247,"SAN LUIS OBISPO","SAN LUIS OBISPO",-120.6723937,35.271715409999999
90730537,2018,2018-05-21,9745,2018-05-20,0616,016714,,7,1,9,4000,0,1,3,,1,021,"SR-1 S/B (CABRILLO HIGHWAY)","13TH ST.",234.00,N,N,A,-,Y,,,1,,,,,,S,Y,2,0,1,2,A,-,08,22107,,N,E,I,A,A,H,-,A,D,0,,,,,Y,,A,07,1,0,0,0,0,0,0,0,0,"- ","- ",35.443069458007812,-120.89128875732422,"SAN LUIS OBISPO",UNINCORPORATED,-120.89120483398438,35.443134307861328
91553903,2021,2021-08-25,9740,2021-08-15,2019,020710,,7,2,9,4000,0,1,2,,2,001,"US-101 NORTHBOUND",SR-58,4175.00,N,N,A,-,Y,,,101,,,,,,N,Y,2,0,2,2,C,-,18,,,N,D,2,A,A,H,-,D,D,0,,,,,Y,,-,"- ",1,0,1,0,0,0,0,0,0,"- ","- ",35.393550872802734,-120.62364196777344,"SAN LUIS OBISPO",UNINCORPORATED,-120.6236572265625,35.393558502197266
6592638,2014,2014-09-04,4006,2014-08-07,2049,59350,,4,5,4,4006,0,0,0,,0,,MADONNA,DALIDIO,610.00,W,N,A,-,N,,,,,,,,,,Y,2,0,1,1,C,-,18,,,N,H,H,A,A,H,-,D,D,0,,,Y,,Y,,-,"- ",1,0,0,0,0,0,0,0,1,"- ","- ",,,"SAN LUIS OBISPO","SAN LUIS OBISPO",-120.68188279,35.260476539999999
9689581,2024,2024-05-23,4005,2024-03-20,1705,2502,PB2,3,5,2,4005,0,0,0,,0,,"SHELL BEACH RD","COBURN LN",600.00,N,N,A,-,N,,,,,,,,,,N,2,0,1,1,A,-,03,22350,,N,E,J,A,A,H,-,A,D,0,,,Y,,Y,,C,03,1,0,0,0,0,0,0,0,1,"- ","- ",35.161270141601562,-120.68129730224609,"SAN LUIS OBISPO","PISMO BEACH",-120.68312072753906,35.161968231201172
90612886,2017,2018-02-15,9745,2017-10-06,0725,016390,,5,1,9,4000,0,2,4,,1,049,"CORBETT CANYON ROAD",SR-227,2640.00,E,N,A,-,N,,,,,,,,,,Y,1,1,0,2,A,-,03,22350,,N,H,G,A,A,H,-,B,D,0,,Y,,,Y,,A,01,0,0,0,0,0,1,0,0,0,"- ","- ",35.196219999999997,-120.59408000000001,"SAN LUIS OBISPO",UNINCORPORATED,-120.59425228000001,35.196265250000003
90902986,2018,2019-01-14,9740,2018-11-25,0015,019259,,7,3,9,4000,0,3,5,,2,017,"EL CAMINO REAL","ASUNCION RD",500.00,S,N,B,-,N,,,,,,,,,,Y,1,1,0,1,A,-,01,23152,A,N,E,I,A,A,H,-,D,D,0,,,,,Y,Y,A,01,0,0,0,0,0,0,0,0,0,"- ","- ",35.427791595458984,-120.60472869873047,"SAN LUIS OBISPO",UNINCORPORATED,-120.60453033447266,35.427371978759766
90986307,2019,2019-05-10,9740,2019-05-03,1000,014662,,5,1,9,4000,0,1,3,,1,014,SR-1,"WEYMOUTH ST",218.00,N,N,B,-,Y,,,,,,,,,,Y,2,0,1,2,A,-,08,22107,,N,B,C,A,A,H,-,A,D,0,,,Y,,Y,,A,01,1,0,0,0,0,0,0,0,1,"- ","- ",35.572181701660156,-120.11061096191406,"SAN LUIS OBISPO",UNINCORPORATED,-121.11039733886719,35.571979522705078
91076543,2019,2019-09-17,9745,2019-08-16,1815,020689,,5,2,9,4000,0,2,4,,1,055,"TEFFT STREET","OAKGLEN AVE",5.00,W,N,A,-,N,,,,,,,,,,Y,1,1,0,2,A,-,10,21950,A,N,G,B,B,A,H,-,A,A,0,Y,,,,Y,,A,01,0,0,0,1,0,0,0,0,0,"- ","- ",35.037700653076172,-120.48320007324219,"SAN LUIS OBISPO",UNINCORPORATED,-120.48300170898438,35.03778076171875
91752536,2022,2022-04-20,9740,2022-03-26,1155,019486,,6,1,9,4000,0,3,5,,2,022,"PEACHY CANYON ROAD","OLD SETTLER ROAD",3696.00,W,N,A,-,N,,,,,,,,,,Y,1,1,0,2,A,-,03,22350,,N,A,C,A,A,H,-,A,D,0,,,Y,,Y,,C,02,0,0,0,0,0,0,0,1,0,"- ","- ",35.626480102539062,-120.73069763183594,"SAN LUIS OBISPO",UNINCORPORATED,-120.73126983642578,35.626529693603516
91919040,2022,2022-11-16,9740,2022-09-30,2234,019648,,5,3,3,4004,0,1,2,,2,003,"US-101 NORTHBOUND","SR-46 (WEST)",2112.00,N,N,A,-,Y,SLO,,101,,,54.611,H,,R,Y,1,1,0,1,A,-,08,22107,,N,E,8,A,A,H,-,D,D,0,,,,,Y,,A,07,0,0,0,0,0,0,0,0,0,"- ","- ",35.596500396728516,-120.6949462890625,"SAN LUIS OBISPO","PASO ROBLES",-120.69499969482422,35.596511840820312
8465917,2018,2019-07-12,4004,2018-12-05,1854,1208,,3,5,3,4004,0,0,0,,0,,"RIVER RD","RIVER OAKS DR",493.00,S,N,B,-,N,,,,,,,,,,Y,1,1,0,2,A,-,11,21956,A,N,G,B,E,B,H,-,D,D,0,Y,,,,Y,,N,60,0,0,0,1,0,0,0,0,0,"- ","- ",,,"SAN LUIS OBISPO","PASO ROBLES",-120.68228149414062,35.643650054931641
8911071,2020,2022-06-18,4002,2020-01-21,1859,368,,2,5,3,4002,0,0,0,,0,,"N OAK PARK BL","BRIGHTON AV",0.00,,N,A,-,N,,,,,,,,,,Y,1,1,0,2,A,-,11,21954,A,N,-,B,D,A,H,-,C,D,0,Y,,,,Y,Y,N,60,0,0,0,1,0,0,0,0,0,"- ","- ",,,"SAN LUIS OBISPO","GROVER BEACH",-120.60897827148438,35.123359680175781
9415043,2022,2022-03-11,4006,2022-01-28,2327,67850,,5,5,4,4006,0,0,0,,0,,"LOS OSOS VALLEY OVERPASS","RT 101",0.00,,Y,A,-,Y,SLO,5,101,-,R,25.635,R,4,N,N,2,0,1,2,A,-,11,21456,C,N,G,B,B,A,G,-,C,A,0,Y,,,,Y,,N,60,1,0,0,0,1,0,0,0,0,"- ",NF,35.243221282958984,-120.68151092529297,"SAN LUIS OBISPO","SAN LUIS OBISPO",-120.68347930908203,35.240917205810547
90177943,2016,2016-05-12,9740,2016-05-06,1445,015854,,5,2,4,4008,0,1,2,,2,001,"US-101 NORTHBOUND","SANTA ROSA RD",468.00,S,N,B,-,Y,,,101,,,,,,N,Y,2,0,2,2,A,-,08,22107,,N,E,I,A,A,H,-,A,D,0,,,,,Y,,D,22,1,1,0,0,0,0,0,0,0,"- ","- ",35.464919999999999,-120.65022999999999,"SAN LUIS OBISPO",ATASCADERO,-120.65034761,35.464828070000003
90631736,2017,2018-01-03,9740,2017-12-29,0005,014543,,5,3,9,4000,0,3,5,,2,022,"INTERLAKE RD","BEE ROCK RD",299.00,E,N,A,-,N,,,,,,,,,,Y,2,0,1,1,A,-,01,23152,A,N,E,I,A,A,H,-,D,D,0,,,,,Y,Y,A,01,1,0,0,0,0,0,0,0,0,"- ","- ",35.788600000000002,-120.9384,"SAN LUIS OBISPO",UNINCORPORATED,-120.93841854,35.788518770000003
92076777,2023,2023-05-24,9745,2023-05-08,1900,017817,,1,2,9,4000,0,3,5,,2,003,"S. HIGUERA ST.","SAN LUIS CREEK",7.00,S,N,A,-,N,,,,,,,,,,Y,2,0,4,2,A,-,01,23152,A,N,A,C,A,A,H,-,A,D,0,,,,,Y,Y,A,01,3,1,0,0,0,0,0,0,0,"- ","- ",35.231178283691406,-120.69001770019531,"SAN LUIS OBISPO",UNINCORPORATED,,
94502305,2024,2024-12-13,9745,2024-11-28,"923 ",017968,,4,1,9,4000,0,3,5,,2,005,"S. FRONTAGE ROAD","MARTITA PLACE",0.00,,Y,A,-,N,,,,,,,,,,Y,2,0,1,2,A,-,09,21802,A,N,D,C,A,A,H,-,A,A,0,,,,,Y,,A,01,1,0,0,0,0,0,0,0,0,"- ","- ",35.028411865234375,-120.47599792480469,"SAN LUIS OBISPO",UNINCORPORATED,-120.47599029541016,35.028457641601562
81922608,2022,2022-11-21,4008,2022-09-24,1515,4125,,6,5,4,4008,0,0,0,,0,,"CAPISTRANO AVE","MERCEDES AVE (N)",0.00,,Y,A,-,N,,,,,,,,,,N,2,0,1,2,A,-,09,21800,A,N,D,G,A,A,H,-,A,D,0,,Y,,,Y,,-,"- ",1,0,0,0,0,0,1,0,0,"- ","- ",35.499408721923828,-120.66190338134766,"SAN LUIS OBISPO",ATASCADERO,-120.66192626953125,35.499500274658203
90066957,2015,2015-12-07,9745,2015-11-23,1535,017151,,1,2,9,4000,0,1,3,,1,011,SR-41,"BEAR RIDGE RD.",8976.00,S,N,A,-,Y,,,41,,,,,,,Y,1,1,2,2,A,-,06,21751,,N,A,C,A,A,H,-,A,D,0,,,Y,,Y,,C,02,0,0,2,0,0,0,0,1,0,"- ","- ",35.411470000000001,-120.80713,"SAN LUIS OBISPO",UNINCORPORATED,-120.80715291,35.411545699999998
90092402,2015,2016-01-11,9745,2015-12-31,1247,020689,,4,1,9,4000,0,1,2,,2,505,"US-101 NB TO LOS BERROS RD OFF RAMP","LOS BERROS RD",5.00,N,N,A,-,Y,,,101,,,,R,,N,Y,2,0,1,1,A,-,01,23152,E,N,E,I,A,A,H,-,A,D,0,,,Y,,Y,,C,02,1,0,0,0,0,0,0,0,1,"- ","- ",35.072139999999997,-120.51515999999999,"SAN LUIS OBISPO",UNINCORPORATED,-120.51515999999999,35.072139999999997
91333660,2020,2020-10-29,9740,2020-10-24,2025,018069,,6,2,9,4000,0,1,3,,2,008,SR-46,SR-41,0.00,,Y,A,-,Y,,,46,,,,,,,Y,2,0,3,2,A,-,01,23152,A,N,A,C,A,A,H,-,C,A,0,,,,,Y,Y,D,22,3,0,0,0,0,0,0,0,0,"- ","- ",35.734580993652344,-120.28423309326172,"SAN LUIS OBISPO",UNINCORPORATED,-120.28421783447266,35.734512329101562
91677605,2022,2022-01-13,9740,2022-01-01,1145,017498,,6,1,9,4000,0,1,3,,1,014,SR-1,"PICO AVE.",1056.00,S,N,A,-,Y,SLO,,1,,,54.428,H,,R,Y,2,0,1,1,A,-,01,23152,A,N,F,A,A,A,H,-,A,D,0,,,,,Y,Y,D,22,1,0,0,0,0,0,0,0,0,"- ","- ",35.611541748046875,-121.14247131347656,"SAN LUIS OBISPO",UNINCORPORATED,-121.14250183105469,35.611515045166016
6718494,2014,2014-12-18,9745,2014-11-11,0218,17541,,2,3,9,4000,0,1,3,,2,023,"RT 1","SAN LUISITO CREEK RD",4752.00,N,N,B,-,Y,SLO,5,1,-,-,26.320,H,-,N,Y,1,1,0,1,A,-,01,23152,A,N,E,I,A,A,H,-,D,D,1,,,,,Y,Y,A,01,0,0,0,0,0,0,0,0,0,"- ","- ",35.359029999999997,-120.79939,"SAN LUIS OBISPO",UNINCORPORATED,-120.79696482,35.358036159999997
6913211,2015,2017-01-06,9745,2015-04-27,2000,017017,,1,2,9,4000,0,1,3,,1,040,"RT 227","VIA CHULA ROBLES",681.00,S,N,A,-,Y,SLO,5,227,-,-,3.770,H,-,S,Y,2,0,1,1,A,-,01,23152,A,N,E,I,A,A,H,-,D,D,0,,,Y,,Y,Y,C,02,1,0,0,0,0,0,0,0,1,"- ","- ",35.166919999999998,-120.57844,"SAN LUIS OBISPO",UNINCORPORATED,-120.5773174,35.163723449999999
8404821,2018,2018-06-19,4004,2018-01-26,1242,1208,01,5,5,3,4004,0,0,0,,0,"1 4",21ST,SPRING,0.00,,Y,A,-,N,,,,,,,,,,Y,1,1,0,2,A,-,03,22350,,N,G,B,B,A,H,-,A,D,0,Y,,,,Y,,D,22,0,0,0,1,0,0,0,0,0,"- ","- ",,,"SAN LUIS OBISPO","PASO ROBLES",-120.69217681884766,35.636039733886719
8582907,2018,2018-03-26,4006,2018-03-08,1157,80908,,4,5,4,4006,0,0,0,,0,,HIGUERA,SUBURBAN,0.00,,Y,A,-,N,,,,,,,,,,Y,2,0,2,2,A,-,08,22102,,N,D,C,A,A,H,-,A,A,0,,,,,Y,,A,01,1,1,0,0,0,0,0,0,0,"- ","- ",35.243961334228516,-120.67534637451172,"SAN LUIS OBISPO","SAN LUIS OBISPO",-120.67539978027344,35.244029998779297
9451921,2022,2022-05-31,4006,2022-04-11,0900,98656,,1,5,4,4006,0,0,0,,0,,"HIGUERA ST",WALKER,96.00,S,N,A,-,N,,,,,,,,,,,2,0,1,2,A,-,08,21717,,N,D,G,A,A,H,-,A,D,0,,Y,,,Y,,A,01,1,0,0,0,0,0,1,0,0,"- ","- ",35.162300109863281,-120.4010009765625,"SAN LUIS OBISPO","SAN LUIS OBISPO",-120.66959381103516,35.273319244384766
91561354,2021,2021-09-02,9740,2021-08-22,2240,019648,,7,3,3,4004,0,1,2,,2,003,"US-101 SOUTHBOUND","PINE ST.",25.00,S,N,A,-,Y,,,101,,,,,,S,Y,2,0,2,2,A,-,01,23152,A,N,C,C,A,A,D,-,D,D,0,,,,,Y,Y,A,01,1,0,1,0,0,0,0,0,0,"- ","- ",35.617500305175781,-120.68721771240234,"SAN LUIS OBISPO","PASO ROBLES",-120.68724060058594,35.617515563964844
6913520,2015,2017-01-05,9745,2015-05-02,1300,016514,,6,1,9,4000,0,1,2,,2,303,"RT 101","SAN LUIS BAY DR",4752.00,N,N,A,-,Y,SLO,5,101,-,R,23.190,H,-,N,Y,2,0,1,1,A,-,08,22107,,N,E,J,A,A,H,-,A,D,1,,,Y,,Y,,C,02,1,0,0,0,0,0,0,0,1,"- ","- ",35.209560000000003,-120.69694,"SAN LUIS OBISPO",UNINCORPORATED,-120.69687688,35.20896656
9613542,2023,2023-09-13,4003,2023-08-10,1414,P114700,,4,5,2,4003,0,0,0,,0,002,"RT 1","YERBA BUENA ST",129.00,N,N,A,-,Y,SLO,5,1,-,-,32.000,H,-,S,Y,2,0,1,3,A,-,03,22350,,N,C,C,A,A,H,-,A,A,0,,,,,Y,,A,01,1,0,0,0,0,0,0,0,0,"- ","- ",35.404289245605469,-120.86789703369141,"SAN LUIS OBISPO","MORRO BAY",-120.86820983886719,35.404598236083984
84710215,2025,2025-06-02,4002,2025-05-31,1318,993,,6,5,3,4002,0,0,0,,0,GROVER,"LONGBRANCH AVE","S 14TH ST",0.00,,Y,A,-,N,,,,,,,,,,N,2,0,1,1,D,-,00,,,N,H,A,A,A,G,-,A,D,0,,Y,,,Y,,-,"- ",1,0,0,0,0,0,1,0,0,"- ","- ",35.119129180908203,-120.61419677734375,"SAN LUIS OBISPO","GROVER BEACH",-120.61422729492188,35.119144439697266
90754521,2018,2018-06-25,9740,2018-06-16,2340,017952,,6,3,9,4000,0,2,4,,2,012,"NACIMIENTO LAKE DR","ADELAIDA RD",175.00,S,N,A,-,N,,,,,,,,,,Y,2,0,1,1,A,-,08,22107,,N,E,I,A,A,H,-,D,D,0,,,,,Y,,A,01,1,0,0,0,0,0,0,0,0,"- ","- ",35.649570465087891,-120.71991729736328,"SAN LUIS OBISPO",UNINCORPORATED,-120.72002410888672,35.649555206298828
91165585,2020,2020-01-15,9740,2020-01-11,0925,020057,,6,1,9,4000,0,1,3,,2,011,"SR-46 W E/B","HIDDEN VALLEY RD.",110.00,E,N,B,-,Y,,,46,,,,,,E,Y,2,0,1,1,A,-,08,22107,,N,E,J,A,A,H,-,A,D,0,,,,,Y,,A,07,1,0,0,0,0,0,0,0,0,"- ","- ",35.551181793212891,-120.77485656738281,"SAN LUIS OBISPO",UNINCORPORATED,-120.77484893798828,35.551280975341797
6291460,2014,2014-10-27,9745,2014-06-18,1147,16068,,3,1,9,4000,0,1,3,,1,021,"RT 1","SAN GERONIMO RD",31.00,S,N,A,-,Y,SLO,5,1,-,-,37.430,H,-,N,Y,1,1,0,2,A,-,03,22350,,N,C,C,A,A,H,-,A,D,0,,,Y,,Y,,C,02,0,0,0,0,0,0,0,1,0,"- ","- ",35.450020000000002,-120.93247,"SAN LUIS OBISPO",UNINCORPORATED,-120.9324958,35.449983240000002
6292334,2015,2017-04-25,9740,2015-03-23,0655,12113,,1,1,9,4000,0,1,3,,1,009,"RT 46","RT 41",64.00,W,N,E,-,Y,SLO,5,46,-,-,55.090,H,-,E,Y,1,2,1,2,A,-,09,21801,A,N,A,C,A,A,H,-,A,A,0,,,,,Y,Y,D,22,1,0,0,0,0,0,0,0,0,"- ","- ",35.734400000000001,-120.2846,"SAN LUIS OBISPO",UNINCORPORATED,-120.28473504999999,35.73442155
6385930,2014,2014-06-18,9745,2014-02-03,1433,015144,,1,2,9,4000,0,2,4,,1,058,"HUTTON RD","CUYAMA LN",1353.00,N,N,B,-,N,,,,,,,,,,Y,2,0,7,2,A,-,03,22350,,N,C,C,A,A,H,-,A,D,0,,,,,Y,,A,01,2,1,4,0,0,0,0,0,0,"- ","- ",34.9998,-120.43693,"SAN LUIS OBISPO",UNINCORPORATED,-120.43683806999999,34.999656520000002
6396670,2014,2016-03-05,9740,2014-02-18,0413,14662,,2,3,9,4000,0,1,3,,2,008,"RT 46","GRUENHAGEN FLAT RD",3168.00,E,N,A,-,Y,SLO,5,46,-,-,42.361,H,-,E,Y,2,0,2,2,A,-,01,23152,A,N,B,C,A,A,H,-,D,D,0,,,,Y,Y,Y,A,01,1,0,1,0,0,0,0,0,0,"- ","- ",35.659700000000001,-120.4644,"SAN LUIS OBISPO",UNINCORPORATED,-120.46440543,35.65976569
6414487,2014,2014-06-25,4006,2014-03-14,1541,15913,,5,5,4,4006,0,0,0,,0,,BOND,HATHWAY,60.00,E,N,A,-,N,,,,,,,,,,N,2,0,2,2,A,-,01,23153,A,F,C,E,A,A,H,-,A,A,0,,,,,Y,Y,M,96,1,1,0,0,0,0,0,0,0,"- ","- ",,,"SAN LUIS OBISPO","SAN LUIS OBISPO",-120.66125903,35.294113690000003
6418117,2014,2014-06-12,4004,2014-02-07,1421,1206,1,5,5,3,4004,0,0,0,,0,"1 4",24TH,OAK,24.00,N,N,B,-,N,,,,,,,,,,N,2,0,1,2,A,-,09,21801,A,N,D,G,A,B,H,-,A,A,0,,Y,,,Y,,L,04,1,0,0,0,0,0,1,0,0,"- ","- ",,,"SAN LUIS OBISPO","PASO ROBLES",-120.69374000000001,35.63908
6453990,2014,2014-07-08,4004,2014-03-26,0724,0901,04,3,5,3,4004,0,0,0,,0,4-8,"SANTA BELLA",COMMERCE,420.00,W,N,A,-,N,,,,,,,,,,N,2,0,1,2,A,-,11,21954,A,N,G,B,D,A,H,-,A,D,0,Y,,,,Y,,N,60,1,0,0,0,1,0,0,0,0,"- ","- ",,,"SAN LUIS OBISPO","PASO ROBLES",-120.65378257,35.611785650000002
6484982,2014,2014-07-16,4008,2014-04-17,2010,1053,,4,5,4,4008,0,0,0,,0,,"MORRO RD","ATASCADERO AV",450.00,E,N,A,-,N,,,41,,,,,,,N,2,0,1,2,A,-,11,21955,,N,G,B,D,A,H,-,D,A,0,Y,,,,Y,Y,N,60,1,0,0,0,1,0,0,0,0,"- ","- ",35.481969999999997,-120.66616999999999,"SAN LUIS OBISPO",ATASCADERO,-120.66607878000001,35.481943559999998
6485814,2014,2014-07-26,9740,2014-05-07,2155,12113,,3,2,9,4000,0,3,5,,2,019,"JARDINE RD","ESTRELLA RD",1056.00,S,N,A,-,N,,,,,,,,,,N,2,0,1,2,A,-,03,22350,,N,F,A,A,A,H,-,A,D,0,,,Y,,Y,,C,02,1,0,0,0,0,0,0,0,1,"- ","- ",35.698770000000003,-120.60517,"SAN LUIS OBISPO",UNINCORPORATED,-120.60502282,35.699101900000002
6511758,2014,2014-09-08,9740,2014-05-30,2325,014947,,5,3,4,4008,0,1,2,,2,001,"RT 101","SANTA ROSA RD",5280.00,S,N,A,-,Y,,,101,,,,,,,Y,2,0,1,2,A,-,01,23152,A,N,B,C,A,A,H,-,D,D,0,,,Y,,Y,,C,02,1,0,0,0,0,0,0,0,1,"- ","- ",35.453989999999997,-120.64178,"SAN LUIS OBISPO",ATASCADERO,-120.64183174999999,35.453949639999998
6530525,2014,2014-08-19,9745,2014-06-18,2100,017541,,3,2,9,4000,0,2,4,,2,047,"LOPEZ DR","CHANTERELLE LN",8448.00,W,N,A,-,N,,,,,,,,,,Y,2,0,1,1,A,-,01,23152,A,N,E,I,A,A,H,-,D,D,0,,,Y,,Y,Y,C,02,1,0,0,0,0,0,0,0,1,"- ","- ",35.106749999999998,-120.47709999999999,"SAN LUIS OBISPO",UNINCORPORATED,-120.47789276,35.186257609999998