CASE_ID,ACCIDENT_YEAR,PROC_DATE,JURIS,COLLISION_DATE,COLLISION_TIME,OFFICER_ID,REPORTING_DISTRICT,DAY_OF_WEEK,CHP_SHIFT,POPULATION,CNTY_CITY_LOC,SPECIAL_COND,BEAT_TYPE,CHP_BEAT_TYPE,CITY_DIVISION_LAPD,CHP_BEAT_CLASS,BEAT_NUMBER,PRIMARY_RD,SECONDARY_RD,DISTANCE,DIRECTION,INTERSECTION,WEATHER_1,WEATHER_2,STATE_HWY_IND,CALTRANS_COUNTY,CALTRANS_DISTRICT,STATE_ROUTE,ROUTE_SUFFIX,POSTMILE_PREFIX,POSTMILE,LOCATION_TYPE,RAMP_INTERSECTION,SIDE_OF_HWY,TOW_AWAY,COLLISION_SEVERITY,NUMBER_KILLED,NUMBER_INJURED,PARTY_COUNT,PRIMARY_COLL_FACTOR,PCF_CODE_OF_VIOL,PCF_VIOL_CATEGORY,PCF_VIOLATION,PCF_VIOL_SUBSECTION,HIT_AND_RUN,TYPE_OF_COLLISION,MVIW,PED_ACTION,ROAD_SURFACE,ROAD_COND_1,ROAD_COND_2,LIGHTING,CONTROL_DEVICE,CHP_ROAD_TYPE,PEDESTRIAN_ACCIDENT,BICYCLE_ACCIDENT,MOTORCYCLE_ACCIDENT,TRUCK_ACCIDENT,NOT_PRIVATE_PROPERTY,ALCOHOL_INVOLVED,STWD_VEHTYPE_AT_FAULT,CHP_VEHTYPE_AT_FAULT,COUNT_SEVERE_INJ,COUNT_VISIBLE_INJ,COUNT_COMPLAINT_PAIN,COUNT_PED_KILLED,COUNT_PED_INJURED,COUNT_BICYCLIST_KILLED,COUNT_BICYCLIST_INJURED,COUNT_MC_KILLED,COUNT_MC_INJURED,PRIMARY_RAMP,SECONDARY_RAMP,LATITUDE,LONGITUDE,COUNTY,CITY,POINT_X,POINT_Y
6570717,2014,2016-05-04,9740,2014-07-09,1813,17283,,3,2,9,4000,0,1,3,,2,007,"RT 41","RT 229",0.00,,Y,A,-,Y,SLO,5,41,-,-,27.975,I,5,N,Y,2,0,1,2,A,-,09,21802,A,N,D,C,A,A,H,-,-,A,0,,,,,Y,Y,A,07,1,0,0,0,0,0,0,0,0,"- ","- ",35.53443,-120.52632,"SAN LUIS OBISPO",UNINCORPORATED,-120.52728697000001,35.534344249999997
6606010,2014,2015-12-21,4004,2014-02-26,1559,1208,03,3,5,3,4004,0,0,0,,0,039,"RT 46","UNION RD",0.00,,Y,B,-,Y,SLO,5,46,-,-,31.800,I,5,E,Y,1,2,0,2,A,-,01,23152,E,N,D,C,A,A,H,-,A,D,0,,,,,Y,,A,01,0,0,0,0,0,0,0,0,0,"- ","- ",,,"SAN LUIS OBISPO","PASO ROBLES",-120.64943228999999,35.644434369999999
6606217,2014,2014-09-30,9745,2014-06-18,1705,16068,,3,2,9,4000,0,2,4,,1,024,"SOUTH BAY BL","TURRI RD",898.00,S,N,A,-,N,,,,,,,,,,Y,1,1,1,3,A,-,01,23152,A,N,A,C,A,A,H,-,A,D,0,,,,,Y,,A,01,0,0,1,0,0,0,0,0,0,"- ","- ",35.332689999999999,-120.82337,"SAN LUIS OBISPO",UNINCORPORATED,-120.82332,35.33415316
6617992,2014,2014-09-18,4004,2014-08-05,1450,1200,01,2,5,3,4004,0,0,0,,0,017,RIVERSIDE,"16TH ST",0.00,,Y,A,-,N,,,,,,,,,,Y,2,0,1,2,A,-,09,21800,A,N,D,C,A,A,H,-,A,D,0,,,Y,,Y,,A,01,1,0,0,0,0,0,0,0,1,"- ","- ",,,"SAN LUIS OBISPO","PASO ROBLES",-120.68726992000001,35.631120029999998
6621490,2014,2014-11-03,9745,2014-09-02,1043,017968,,2,1,9,4000,0,3,5,,2,004,"SAN LUIS BAY DR","ONTARIO RD",0.00,,Y,A,-,N,,,,,,,,,,Y,2,0,1,2,A,-,09,21802,A,N,D,C,A,A,H,-,A,D,0,,,,,Y,,D,22,1,0,0,0,0,0,0,0,0,"- ","- ",35.19614,-120.70052,"SAN LUIS OBISPO",UNINCORPORATED,-120.70057988000001,35.19611003
6628676,2014,2016-05-04,9740,2014-09-04,1935,017283,,4,2,9,4000,0,1,3,,2,007,"RT 41","ROCKY CANYON RD",0.00,,Y,A,-,Y,SLO,5,41,-,R,17.501,I,5,N,Y,2,0,2,2,A,-,09,21802,A,N,D,C,A,A,H,-,B,A,0,,,,,Y,,A,01,1,1,0,0,0,0,0,0,0,"- ","- ",,,"SAN LUIS OBISPO",UNINCORPORATED,-120.65243522,35.504342970000003
6649267,2014,2016-05-02,9740,2014-09-18,1105,013246,,4,1,9,4000,0,1,3,,1,015,"RT 1","SLO SAN SIMEON RD",5808.00,N,N,B,-,Y,SLO,5,1,-,-,60.870,H,-,S,Y,2,0,1,1,A,-,16,24002,A,N,F,A,A,A,H,-,A,D,0,,,Y,,Y,,C,02,1,0,0,0,0,0,0,0,1,"- ","- ",35.653320000000001,-121.23457000000001,"SAN LUIS OBISPO",UNINCORPORATED,-121.23437370000001,35.65331991
6652684,2014,2014-12-05,9740,2014-10-02,0110,19259,,4,3,9,4000,0,1,3,,2,010,"RT 41","RT 46",1056.00,N,N,A,-,Y,,,,,,,,,,Y,2,0,2,3,A,-,03,22350,,N,C,C,A,A,D,-,D,A,0,,,,Y,Y,,G,25,1,0,1,0,0,0,0,0,0,"- ","- ",,,"SAN LUIS OBISPO",UNINCORPORATED,-120.35739735,35.668543939999999
6658365,2014,2014-11-10,4002,2014-09-18,1800,311,104,4,5,3,4002,0,0,0,,0,001,"RAMONA AV","N 16TH ST",250.00,E,N,A,-,N,,,,,,,,,,N,2,0,1,2,A,-,10,21952,,N,G,B,F,A,H,-,B,D,0,Y,,,,Y,,D,22,1,0,0,0,1,0,0,0,0,"- ","- ",,,"SAN LUIS OBISPO","GROVER BEACH",-120.61069501999999,35.122109330000001
6710059,2014,2015-01-07,9745,2014-11-06,1033,012601,,4,1,9,4000,0,1,2,,1,101,"RT 101","STAGECOACH RD",0.00,,Y,A,-,Y,,,101,,,,,,,Y,2,0,2,2,A,-,09,21801,A,N,D,C,A,A,H,-,A,D,0,,,,,Y,,A,07,1,1,0,0,0,0,0,0,0,"- ","- ",35.317509999999999,-120.62111,"SAN LUIS OBISPO",UNINCORPORATED,-120.62109913,35.317508050000001
6748976,2014,2015-01-30,9745,2014-12-12,0650,013206,9745,5,1,9,4000,0,2,4,,1,052,"THOMPSON AV","POAGUE RD",10.00,N,N,B,C,N,,,,,,,,,,Y,2,0,1,1,A,-,08,22107,,N,E,I,A,B,B,-,B,D,0,,,,,Y,,A,08,1,0,0,0,0,0,0,0,0,"- ","- ",,,"SAN LUIS OBISPO",UNINCORPORATED,-120.45152788999999,35.016873189999998
6748979,2014,2015-02-02,9745,2014-12-13,0725,013206,9745,6,1,3,4001,0,1,2,,2,402,"RT 101","OAK PARK BL",1675.00,S,N,A,-,Y,,,,,,,,,,Y,2,0,1,2,A,-,03,22350,,N,C,C,A,A,H,-,A,D,0,,,,,Y,,A,07,1,0,0,0,0,0,0,0,0,"- ","- ",,,"SAN LUIS OBISPO","ARROYO GRANDE",-120.60157307,35.128295059999999
6763316,2014,2016-06-18,9745,2014-12-19,0735,13206,9745,5,1,9,4000,0,1,3,,1,041,"RT 1","PERSHING DR",360.00,S,N,B,-,Y,SLO,5,1,-,-,12.810,H,-,S,Y,2,0,2,2,A,-,01,23152,E,N,A,C,A,A,H,-,A,D,0,,,,,Y,,A,01,1,0,1,0,0,0,0,0,0,"- ","- ",35.104939999999999,-120.62148000000001,"SAN LUIS OBISPO",UNINCORPORATED,-120.62152818,35.104912259999999
6788975,2015,2016-10-03,9745,2015-01-27,0415,017541,,2,3,9,4000,0,1,3,,1,011,"RT 41","TORO CREEK RD",5280.00,S,N,B,-,Y,SLO,5,41,-,-,8.300,H,-,S,Y,2,0,1,1,C,-,18,,,N,E,J,A,B,C,-,D,D,0,,,,,Y,,-,"- ",1,0,0,0,0,0,0,0,0,"- ","- ",35.428510000000003,-120.75955,"SAN LUIS OBISPO",UNINCORPORATED,-120.75284268999999,35.444179750000004
6854069,2015,2017-04-25,9750,2015-02-20,1245,13267,,5,1,9,4000,0,1,2,,2,111,"RT 101",BROADWAY,2640.00,N,N,A,-,Y,SLO,5,101,-,-,0.350,H,-,N,Y,1,2,1,2,A,-,01,23152,A,N,A,C,A,A,H,-,A,D,1,,,,,Y,Y,D,23,1,0,0,0,0,0,0,0,0,"- ",NF,34.989669999999997,-120.43379,"SAN LUIS OBISPO",UNINCORPORATED,-120.43358469,34.989541780000003
6854511,2015,2015-07-15,9740,2015-04-24,1700,14691,,5,2,9,4000,0,1,3,,2,005,"RT 58","O DONOVAN RD",3168.00,W,N,A,-,Y,SLO,5,58,-,-,11.200,H,-,E,Y,1,1,1,1,A,-,01,23152,A,N,E,I,A,A,H,-,D,D,0,,,,,Y,Y,D,22,1,0,0,0,0,0,0,0,0,"- ","- ",35.443840000000002,-120.48242,"SAN LUIS OBISPO",UNINCORPORATED,-120.48267877000001,35.443407209999997
6860418,2015,2016-09-08,9745,2015-03-08,2020,020229,,7,2,3,4001,0,1,2,,2,505,"RT 101","EL CAMPO RD",0.00,,Y,A,-,Y,SLO,5,101,-,-,11.830,I,5,S,Y,2,0,3,2,A,-,09,21804,A,N,D,C,A,A,H,-,C,D,0,,,,,Y,Y,A,01,1,1,1,0,0,0,0,0,0,"- ","- ",35.11121,-120.56361,"SAN LUIS OBISPO","ARROYO GRANDE",-120.56365651,35.111178010000003
6880482,2015,2016-10-19,9745,2015-03-20,0150,15144,,5,3,9,4000,0,1,2,,2,505,"RT 101","WILLOW RD",2112.00,S,N,A,-,Y,SLO,5,101,-,-,5.890,H,-,S,Y,2,0,1,1,A,-,01,23152,A,N,E,I,A,A,H,-,D,D,1,,,,,Y,Y,A,01,1,0,0,0,0,0,0,0,0,"- ","- ",35.049019999999999,-120.49576,"SAN LUIS OBISPO",UNINCORPORATED,-120.49563442,35.048976639999999
6913516,2015,2017-01-06,9745,2015-05-03,1335,020689,,7,1,9,4000,0,1,3,,1,040,"RT 227","MONTECITO RIDGE DR",1584.00,N,N,A,-,Y,SLO,5,227,-,-,3.650,H,-,N,Y,2,0,1,1,A,-,03,22350,,N,F,A,A,A,H,-,A,D,0,,,Y,,Y,,C,02,1,0,0,0,0,0,0,0,1,"- ","- ",35.162080000000003,-120.57774999999999,"SAN LUIS OBISPO",UNINCORPORATED,-120.57794158999999,35.16217417
6934769,2015,2017-01-05,9745,2015-06-23,0312,9745,,2,3,4,4006,0,1,2,,2,202,"RT 101","MADONNA RD",1584.00,S,N,A,-,Y,SLO,5,101,-,-,27.200,H,-,S,Y,2,0,1,1,A,-,08,22107,,N,E,I,A,A,H,-,C,D,1,,,,,Y,,A,07,1,0,0,0,0,0,0,0,0,"- ","- ",35.259909999999998,-120.67359,"SAN LUIS OBISPO","SAN LUIS OBISPO",-120.67361449000001,35.26165116
6939585,2015,2015-06-01,4005,2015-04-26,1405,P085,5,7,5,2,4005,0,0,0,,0,,"4TH ST","FIVE CITIES DR",0.00,,Y,A,-,N,,,,,,,,,,N,2,0,1,2,A,-,12,21453,A,N,D,G,A,A,H,-,A,A,0,,Y,,,Y,,L,04,1,0,0,0,0,0,1,0,0,"- ","- ",,,"SAN LUIS OBISPO","PISMO BEACH",-120.62207986999999,35.135720030000002
6948621,2015,2015-06-23,9740,2015-05-19,0743,012113,,2,1,9,4000,0,3,5,,2,018,"UNION RD","BRAND RD",3168.00,E,N,A,-,N,,,,,,,,,,Y,2,0,1,1,A,-,08,22107,,N,E,I,A,A,H,-,A,D,0,,,,,Y,,A,01,1,0,0,0,0,0,0,0,0,"- ","- ",35.637659999999997,-121.5685,"SAN LUIS OBISPO",UNINCORPORATED,-120.56876421,35.637560579999999
6948873,2015,2016-09-30,9745,2015-05-26,1405,015144,,2,2,9,4000,0,1,3,,1,043,"RT 1","SHERIDAN RD",0.00,,Y,A,-,Y,SLO,5,1,-,-,5.570,H,-,N,Y,2,0,3,2,A,-,09,21802,A,N,D,C,A,A,H,-,A,A,0,,,,,Y,,A,01,1,0,2,0,0,0,0,0,0,"- ","- ",35.047359999999998,-120.57664,"SAN LUIS OBISPO",UNINCORPORATED,-120.5769264,35.047302700000003
6952739,2015,2015-07-10,9740,2015-06-01,1715,014691,,1,2,9,4000,0,3,5,,2,022,"ADELAIDA RD","VINEYARD DR",2640.00,W,N,A,-,N,,,,,,,,,,Y,2,0,1,1,A,-,08,22107,,N,E,I,A,A,H,-,A,D,0,,,,,Y,,D,22,1,0,0,0,0,0,0,0,0,"- ","- ",35.639589999999998,-120.86056000000001,"SAN LUIS OBISPO",UNINCORPORATED,-120.86020128,35.639131040000002
6972909,2015,2015-07-22,4006,2015-06-02,1630,77895,,2,5,4,4006,0,0,0,,0,,"HIGH ST","BUCHON ST",0.00,,Y,A,-,N,,,,,,,,,,Y,2,0,2,2,A,-,09,21801,A,N,B,C,A,A,H,-,A,A,0,,,,,Y,,-,,1,1,0,0,0,0,0,0,0,"- ","- ",,,"SAN LUIS OBISPO","SAN LUIS OBISPO",-120.66769995,35.272220079999997
7006011,2015,2015-07-27,9745,2015-06-13,2120,20144,,6,2,9,4000,0,1,2,,2,505,"RT 101","TEFFT ST",7445.00,S,N,A,-,Y,SLO,5,101,-,-,3.150,H,-,S,N,1,1,0,2,A,-,11,21954,A,F,G,B,E,A,H,-,D,D,1,Y,,,,Y,,N,60,0,0,0,1,0,0,0,0,0,"- ","- ",35.021450000000002,-120.46821,"SAN LUIS OBISPO",UNINCORPORATED,-120.46446192000001,35.018083179999998
7190132,2016,2018-09-25,4002,2016-02-15,2059,368,105,1,5,3,4002,0,0,0,,0,001,"N 4TH ST","BRIGHTON AV",4.00,S,N,A,-,N,,,,,,,,,,Y,1,1,0,2,A,-,10,21950,A,N,G,B,B,A,H,-,C,A,0,Y,,,,Y,Y,A,01,0,0,0,1,0,0,0,0,0,"- ","- ",,,"SAN LUIS OBISPO","GROVER BEACH",-120.62624080000001,35.124239029999998
8011646,2016,2016-04-11,4002,2016-04-01,1950,025,104,5,5,3,4002,0,0,0,,0,002,"W GRAND AV","S 16TH ST",21.00,E,N,A,-,N,,,,,,,,,,N,2,0,1,2,A,-,05,21650,1,N,D,G,A,A,H,-,C,A,0,,Y,,,Y,,L,04,1,0,0,0,0,0,1,0,0,"- ","- ",,,"SAN LUIS OBISPO","GROVER BEACH",-120.61152991,35.121066730000003
8043962,2016,2016-05-24,4008,2016-04-19,1530,3013,,2,5,4,4008,0,0,0,,0,,"TECORIDA AV","SAN ANDRES AV",412.00,N,N,A,-,N,,,,,,,,,,N,2,0,1,1,A,-,03,22350,,N,E,I,A,A,H,-,A,D,0,,,,,Y,,M,96,1,0,0,0,0,0,0,0,0,"- ","- ",35.480789999999999,-120.66529,"SAN LUIS OBISPO",ATASCADERO,-120.66530784,35.481903709999997
8104285,2016,2016-08-26,4006,2016-07-26,1445,69585,,2,5,4,4006,0,0,0,,0,,NIPOMO,DANA,0.00,,Y,A,-,N,,,,,,,,,,Y,2,0,1,2,A,-,17,23109,C,N,E,E,A,A,H,-,A,A,0,,,Y,,Y,,C,02,1,0,0,0,0,0,0,0,1,"- ","- ",35.164520000000003,-120.39597999999999,"SAN LUIS OBISPO","SAN LUIS OBISPO",-120.66669989,35.279179999999997
8104313,2016,2016-10-11,4006,2016-07-27,2010,48750,,3,5,4,4006,0,0,0,,0,,"S HIGUERA",MARGARITA,411.00,S,N,A,-,N,,,,,,,,,,Y,2,0,1,1,A,-,01,23152,E,N,E,I,A,A,H,-,B,D,0,,,Y,,Y,,C,03,1,0,0,0,0,0,0,0,1,"- ","- ",,,"SAN LUIS OBISPO","SAN LUIS OBISPO",-120.66874574000001,35.255933229999997
8176501,2016,2017-01-18,4006,2016-11-02,1102,69585,,3,5,4,4006,0,0,0,,0,,BROAD,SWEENEY,0.00,,Y,A,-,N,,,,,,,,,,N,2,0,1,1,D,-,00,,,N,F,A,A,A,H,-,A,D,0,,,Y,,Y,,-,"- ",1,0,0,0,0,0,0,0,1,"- ","- ",35.154510000000002,-120.3903,"SAN LUIS OBISPO","SAN LUIS OBISPO",-120.65084985999999,35.26249009
81779683,2022,2022-05-25,4006,2022-05-06,2052,27552,,5,5,4,4006,0,0,0,,0,,"BROAD ST","RAMONA DR",0.00,,Y,A,-,N,,,,,,,,,,N,2,0,1,2,A,-,12,22450,A,N,A,G,A,A,H,-,C,D,0,,Y,,,Y,,L,04,1,0,0,0,0,0,1,0,0,"- ","- ",35.291370391845703,-120.67282867431641,"SAN LUIS OBISPO","SAN LUIS OBISPO",-120.67169189453125,35.292797088623047
81856593,2022,2022-09-05,4006,2022-08-22,1846,99310,,1,5,4,4006,0,0,0,,0,,"CERRO ROMAULDO AVE","EAST P/L OF CUESTA DR",431.00,E,N,A,-,N,,,,,,,,,,Y,2,0,1,2,A,-,11,21954,A,N,G,B,E,A,H,-,A,D,0,Y,,,,Y,Y,-,"- ",1,0,0,0,1,0,0,0,0,"- ","- ",35.295398712158203,-120.67559814453125,"SAN LUIS OBISPO","SAN LUIS OBISPO",-120.67579650878906,35.295448303222656
81894790,2022,2022-10-20,4004,2022-09-08,2137,1381,-----,4,5,3,4004,0,0,0,,0,------,"RT 46E","UNION RD",0.00,,Y,A,-,Y,,,,,,,,,,Y,2,0,3,2,A,-,09,21801,A,N,D,C,A,A,H,-,C,D,0,,,,,Y,Y,A,01,1,0,2,0,0,0,0,0,0,"- ","- ",35.643280029296875,-120.64872741699219,"SAN LUIS OBISPO","PASO ROBLES",-120.64942169189453,35.644447326660156
81977554,2023,2023-01-26,4004,2023-01-04,1602,1349,-----,3,5,3,4004,0,0,0,,0,------,"RT 46E","MILL RD",4559.00,E,N,B,C,Y,,,,,,,,,,Y,2,0,4,2,A,-,09,21804,A,N,D,C,A,B,H,-,B,A,0,,,,,Y,,A,07,1,3,0,0,0,0,0,0,0,"- ","- ",35.643730163574219,-120.63337707519531,"SAN LUIS OBISPO","PASO ROBLES",-120.62110900878906,35.651870727539062
82001841,2023,2023-02-24,4006,2023-02-11,1936,99747,,6,5,4,4006,0,0,0,,0,,"BROAD ST","ORCUTT RD",0.00,,Y,-,-,N,,,,,,,,,,N,2,0,1,2,A,-,03,22350,,N,C,C,A,A,H,-,C,A,0,,,,,Y,,A,01,1,0,0,0,0,0,0,0,0,"- ","- ",35.26129150390625,-120.65025329589844,"SAN LUIS OBISPO","SAN LUIS OBISPO",-120.64994812011719,35.261280059814453
82135883,2023,2023-08-04,4004,2023-07-06,1301,1381,-----,4,5,3,4004,0,0,0,,0,------,"RT 46E","UNION RD",216.00,W,N,A,-,Y,SLO,,46," "," ",31.798,H,,L,Y,2,0,2,3,A,-,03,22350,,N,C,C,A,A,H,-,A,D,0,,,,Y,Y,,A,01,1,1,0,0,0,0,0,0,0,"- ","- ",35.644779205322266,-120.64945220947266,"SAN LUIS OBISPO","PASO ROBLES",-120.64945220947266,35.644645690917969
82194919,2023,2023-10-10,4004,2023-08-23,2233,1565,,3,5,3,4004,0,0,0,,0,,"LINNE RD","LINNE ROAD",40.00,S,N,A,-,N,,,,,,,,,,Y,2,0,2,2,A,-,05,21460,A,N,D,C,A,A,H,-,C,B,0,,,,,Y,,A,01,1,1,0,0,0,0,0,0,0,"- ","- ",35.610660552978516,-120.64475250244141,"SAN LUIS OBISPO","PASO ROBLES",,
82259336,2023,2023-12-12,4006,2023-11-30,1820,68370,,4,5,4,4006,0,0,0,,0,,"BOB JONES TRAIL","LOS OSOS VALLEY",1800.00,N,N,A,-,N,,,,,,,,,,N,2,0,2,2,A,-,03,22350,,N,A,G,A,A,H,-,D,D,0,,Y,,,Y,,L,04,2,0,0,0,0,0,2,0,0,"- ","- ",35.248249053955078,-120.67865753173828,"SAN LUIS OBISPO","SAN LUIS OBISPO",,
8328927,2017,2017-03-27,4006,2017-03-11,0125,59980,,6,5,4,4006,0,0,0,,0,,"SANTA ROSA",MONTEREY,0.00,,Y,A,-,N,,,,,,,,,,Y,2,0,6,2,A,-,01,23152,A,N,D,C,A,A,H,-,A,A,0,,,,,Y,Y,A,01,5,0,1,0,0,0,0,0,0,"- ","- ",35.282609999999998,-120.65989,"SAN LUIS OBISPO","SAN LUIS OBISPO",-120.65995992000001,35.282600080000002
8366571,2017,2017-07-14,4001,2017-04-20,1022,P0127,461,4,5,3,4001,0,0,0,,0,,"E BRANCH ST","LE POINT TER",0.00,,Y,A,-,N,,,,,,,,,,Y,2,0,1,3,A,-,05,21650,,N,A,C,A,A,H,-,A,A,0,,,,,Y,,A,07,1,0,0,0,0,0,0,0,0,"- ","- ",,,"SAN LUIS OBISPO","ARROYO GRANDE",-120.57373989,35.125190070000002
84420311,2024,2024-10-07,4006,2024-09-21,2155,98227,,6,5,4,4006,0,0,0,,0,,"HIGUERA ST","LOS OSOS VALLEY RD",1000.00,S,N,A,-,N,,,,,,,,,,Y,2,0,1,2,A,-,05,21202,A,F,D,G,A,A,H,-,D,D,0,,Y,,,Y,Y,L,04,1,0,0,0,0,0,1,0,0,"- ","- ",35.241729736328125,-120.67710113525391,"SAN LUIS OBISPO","SAN LUIS OBISPO",-120.67826080322266,35.239578247070312
84423879,2024,2024-10-09,4004,2024-09-07,1616,1610,,6,5,3,4004,0,0,0,,0,,"RT 46E","MILL RD",0.00,,Y,A,-,Y,SLO,,46," "," ",32.651,H,,R,Y,2,0,4,2,A,-,09,21800,A,N,D,C,A,A,H,-,A,A,0,,,,,Y,,A,07,2,2,0,0,0,0,0,0,0,"- ","- ",35.645240783691406,-120.63408660888672,"SAN LUIS OBISPO","PASO ROBLES",-120.63409423828125,35.645248413085938
84632132,2025,2025-04-01,4006,2025-03-17,1700,108643,,1,5,4,4006,0,0,0,,0,,"LOS OSOS VALLEY RD","UNNAMED RD (1)",0.00,,N,B,-,N,,,,,,,,,,Y,2,0,1,1,A,-,01,23153,A,F,E,J,A,A,H,-,A,D,0,,,,,Y,Y,A,01,1,0,0,0,0,0,0,0,0,"- ","- ",35.272869110107422,-120.70770263671875,"SAN LUIS OBISPO","SAN LUIS OBISPO",,
8465559,2018,2020-05-26,4004,2018-05-26,0222,1349,02,6,5,3,4004,0,0,0,,0,"3 12",CRESTON,"GOLDEN HILL",0.00,,Y,A,-,N,,,,,,,,,,Y,1,1,0,1,A,-,01,23152,A,N,E,I,A,A,H,-,C,A,0,,,,,Y,Y,A,01,0,0,0,0,0,0,0,0,0,"- ","- ",,,"SAN LUIS OBISPO","PASO ROBLES",-120.65969085693359,35.622280120849609
84728070,2025,2025-06-17,4001,2025-05-30,1618,P0172,,5,5,3,4001,0,0,0,,0,46-2,"FAIR OAKS AVE","VALLEY RD",605.00,S,N,A,-,N,,,,,,,,,,Y,2,0,3,2,A,-,08,22107,,N,B,C,A,A,H,-,A,D,0,,,Y,,Y,,A,01,1,1,1,0,0,0,0,0,2,"- ","- ",35.115638732910156,-120.58280181884766,"SAN LUIS OBISPO","ARROYO GRANDE",-120.58379364013672,35.115020751953125
84757590,2025,2025-07-11,4004,2025-06-26,"950 ",1351,,4,5,3,4004,0,0,0,,0,,"RAMADA DR","RT 46W",60.00,N,N,A,-,N,,,,,,,,,,Y,2,0,3,4,A,-,09,21804,A,N,D,C,A,A,H,-,A,A,0,,,,,Y,,D,22,1,2,0,0,0,0,0,0,0,"- ","- ",35.589229583740234,-120.69465637207031,"SAN LUIS OBISPO","PASO ROBLES",-120.69508361816406,35.596458435058594
8500732,2017,2017-12-06,4003,2017-10-02,1227,F2780,5,1,5,2,4003,0,0,0,,0,001,"SOUTH BAY BL","STATE PARK RD",0.00,,Y,A,-,N,,,,,,,,,,Y,2,0,4,2,A,-,01,23153,A,N,F,C,A,A,H,-,A,A,0,,,,,Y,Y,A,07,1,1,2,0,0,0,0,0,0,"- ","- ",,,"SAN LUIS OBISPO","MORRO BAY",-120.82808,35.355050110000001
8504665,2018,2018-08-01,4008,2018-01-07,1918,2032,,7,5,4,4008,0,0,0,,0,,"SANTA ROSA RD","E FRONT RD",0.00,,Y,B,-,Y,SLO,5,101,-,-,44.160,R,4,N,Y,2,0,1,2,A,-,01,23153,A,N,A,C,A,A,H,-,C,A,0,,,,,Y,Y,A,01,1,0,0,0,0,0,0,0,0,"- ","- ",35.466098785400391,-120.6510009765625,"SAN LUIS OBISPO",ATASCADERO,-120.65269470214844,35.467830657958984
8528443,2018,2018-07-27,4004,2018-01-04,1756,1208,03,4,5,3,4004,0,0,0,,0,3-4,"RT 46 E",AIRPORT,0.00,,Y,C,-,Y,SLO,5,46,-,-,32.145,I,5,W,Y,2,0,2,2,A,-,09,21800,A,N,D,C,A,B,H,-,A,D,0,,,,Y,Y,,A,01,1,0,1,0,0,0,0,0,0,"- ","- ",,,"SAN LUIS OBISPO","PASO ROBLES",-120.64331817626953,35.644618988037109
8543989,2017,2018-01-31,4006,2017-12-21,1839,49251,SLO,4,5,4,4006,0,0,0,,0,0Z2,BROAD,FRANCIS,135.00,S,N,A,-,N,,,,,,,,,,N,2,0,1,2,A,-,00,21956,B,N,G,B,D,A,H,-,C,D,0,Y,,,,Y,Y,N,60,1,0,0,0,1,0,0,0,0,"- ","- ",35.155560000000001,-120.39109000000001,"SAN LUIS OBISPO","SAN LUIS OBISPO",-120.65310638,35.26544251
8550213,2018,2018-08-01,4006,2018-01-20,0431,69585,,6,5,4,4006,0,0,0,,0,,MADONNA,"RT 101",0.00,,Y,-,-,Y,SLO,5,101,-,-,27.650,R,4,N,Y,2,0,2,2,A,-,01,23153,A,N,A,C,A,-,-,-,-,A,0,,,,,Y,,A,01,1,1,0,0,0,0,0,0,0,"- ",NF,35.155941009521484,-120.40229034423828,"SAN LUIS OBISPO","SAN LUIS OBISPO",-120.67312622070312,35.268283843994141
8566304,2018,2018-03-12,4006,2018-02-20,1828,80908,,2,5,4,4006,0,0,0,,0,,BROAD,MURRAY,0.00,,Y,A,-,N,,,,,,,,,,Y,2,0,1,2,A,-,09,21801,A,N,D,C,A,A,H,-,C,A,0,,,Y,,Y,,C,02,1,0,0,0,0,0,0,0,1,"- ","- ",35.292430877685547,-120.67166900634766,"SAN LUIS OBISPO","SAN LUIS OBISPO",-120.67167663574219,35.290851593017578
8689199,2018,2018-12-28,4008,2018-08-18,1918,4044,,6,5,4,4008,0,0,0,,0,,"MORRO RD","SANTA YSABEL AV",0.00,,Y,A,-,Y,SLO,5,41,-,R,16.063,I,5,S,N,2,0,2,3,A,-,03,22350,,N,G,-,B,A,H,-,A,A,0,Y,,,,Y,,-,"- ",2,0,0,0,2,0,0,0,0,"- ","- ",35.486099243164062,-120.66484832763672,"SAN LUIS OBISPO",ATASCADERO,-120.66399383544922,35.487590789794922
8695557,2018,2018-09-24,4003,2018-08-18,2022,P1561,5,6,5,2,4003,0,0,0,,0,001,"SOUTH BAY BL","QUINTANA RD",1320.00,S,N,B,-,N,,,,,,,,,,Y,2,0,1,1,D,-,00,,,N,F,I,A,A,H,-,D,D,0,,,,,Y,,-,"- ",1,0,0,0,0,0,0,0,0,"- ","- ",,,"SAN LUIS OBISPO","MORRO BAY",-120.82673645019531,35.359256744384766
8719872,2018,2018-10-23,4006,2018-09-29,1929,66493,,6,5,4,4006,0,0,0,,0,,ORCUTT,BROAD,0.00,,Y,A,-,N,,,,,,,,,,N,2,0,1,2,D,-,00,,,F,A,G,A,A,H,-,C,D,0,,Y,,,Y,Y,-,"- ",1,0,0,0,0,0,1,0,0,"- ","- ",35.261371612548828,-120.64939880371094,"SAN LUIS OBISPO","SAN LUIS OBISPO",-120.64994812011719,35.261280059814453
8719876,2018,2018-10-23,4006,2018-09-19,0814,80908,,3,5,4,4006,0,0,0,,0,,BONETTI,EMPRESA,189.00,E,N,B,-,N,,,,,,,,,,N,2,0,1,2,A,-,17,22517,,N,H,G,A,A,H,-,A,D,0,,Y,,,Y,,A,01,1,0,0,0,0,0,1,0,0,"- ","- ",35.252479553222656,-120.66645050048828,"SAN LUIS OBISPO","SAN LUIS OBISPO",-120.66643524169922,35.252532958984375