CASE_ID,ACCIDENT_YEAR,PROC_DATE,JURIS,COLLISION_DATE,COLLISION_TIME,OFFICER_ID,REPORTING_DISTRICT,DAY_OF_WEEK,CHP_SHIFT,POPULATION,CNTY_CITY_LOC,SPECIAL_COND,BEAT_TYPE,CHP_BEAT_TYPE,CITY_DIVISION_LAPD,CHP_BEAT_CLASS,BEAT_NUMBER,PRIMARY_RD,SECONDARY_RD,DISTANCE,DIRECTION,INTERSECTION,WEATHER_1,WEATHER_2,STATE_HWY_IND,CALTRANS_COUNTY,CALTRANS_DISTRICT,STATE_ROUTE,ROUTE_SUFFIX,POSTMILE_PREFIX,POSTMILE,LOCATION_TYPE,RAMP_INTERSECTION,SIDE_OF_HWY,TOW_AWAY,COLLISION_SEVERITY,NUMBER_KILLED,NUMBER_INJURED,PARTY_COUNT,PRIMARY_COLL_FACTOR,PCF_CODE_OF_VIOL,PCF_VIOL_CATEGORY,PCF_VIOLATION,PCF_VIOL_SUBSECTION,HIT_AND_RUN,TYPE_OF_COLLISION,MVIW,PED_ACTION,ROAD_SURFACE,ROAD_COND_1,ROAD_COND_2,LIGHTING,CONTROL_DEVICE,CHP_ROAD_TYPE,PEDESTRIAN_ACCIDENT,BICYCLE_ACCIDENT,MOTORCYCLE_ACCIDENT,TRUCK_ACCIDENT,NOT_PRIVATE_PROPERTY,ALCOHOL_INVOLVED,STWD_VEHTYPE_AT_FAULT,CHP_VEHTYPE_AT_FAULT,COUNT_SEVERE_INJ,COUNT_VISIBLE_INJ,COUNT_COMPLAINT_PAIN,COUNT_PED_KILLED,COUNT_PED_INJURED,COUNT_BICYCLIST_KILLED,COUNT_BICYCLIST_INJURED,COUNT_MC_KILLED,COUNT_MC_INJURED,PRIMARY_RAMP,SECONDARY_RAMP,LATITUDE,LONGITUDE,COUNTY,CITY,POINT_X,POINT_Y
8735864,2019,2019-04-12,4004,2019-02-19,1533,1353,41,2,5,3,4004,0,0,0,,0,004,"SOUTH RIVER RD","NIBLICK RD",411.00,N,N,A,-,N,,,,,,,,,,,2,0,1,2,A,-,10,21950,A,N,G,B,C,A,H,-,A,D,0,Y,,,Y,Y,,F,26,1,0,0,0,1,0,0,0,0,"- ","- ",,,"SAN LUIS OBISPO","PASO ROBLES",-120.68041229248047,35.616142272949219
8737716,2018,2018-11-26,4008,2018-11-03,2141,2032,,6,5,4,4008,0,0,0,,0,,"DEL RIO RD","SAN RAMON RD",460.00,E,N,A,-,N,,,,,,,,,,Y,2,0,5,1,A,-,03,22350,,N,F,A,A,A,H,-,C,D,0,,,,,Y,,A,07,1,4,0,0,0,0,0,0,0,"- ","- ",35.512119293212891,-120.70262908935547,"SAN LUIS OBISPO",ATASCADERO,-120.70119476318359,35.512611389160156
8809340,2019,2019-05-23,4001,2019-01-24,0832,P0127,463,4,5,3,4001,0,0,0,,0,190011,"EAST GRAND AV","E GRAND AV 300",0.00,,N,A,-,N,,,,,,,,,,N,2,0,1,2,A,-,09,21804,A,N,D,C,A,A,H,-,A,A,0,,,,,Y,,A,01,1,0,0,0,0,0,0,0,0,"- ","- ",,,"SAN LUIS OBISPO","ARROYO GRANDE",-120.58561,35.120736000000001
8833200,2019,2019-04-12,4006,2019-03-18,1241,30311,,1,5,4,4006,0,0,0,,0,,MADONNA,DALIDIO,0.00,,Y,A,-,N,,,,,,,,,,Y,2,0,3,2,A,-,12,21453,A,N,D,C,A,A,H,-,A,A,0,,,,,Y,,A,01,1,2,0,0,0,0,0,0,0,"- ","- ",35.261348724365234,-120.68015289306641,"SAN LUIS OBISPO","SAN LUIS OBISPO",-120.68013000488281,35.261318206787109
8915789,2019,2019-08-14,4003,2019-03-07,1254,S6616,8,4,5,2,4003,0,0,0,,0,002,BONITA,GREENWOOD,25.00,W,N,A,-,N,,,,,,,,,,N,2,0,1,1,A,-,13,22515,A,N,E,I,A,A,H,-,A,D,0,,,,,Y,,A,07,1,0,0,0,0,0,0,0,0,"- ","- ",,,"SAN LUIS OBISPO","MORRO BAY",-120.85443878173828,35.387241363525391
8939140,2019,2019-11-13,4004,2019-09-19,1028,1208,,4,5,3,4004,0,0,0,,0,,"RIVER RD","13TH ST",165.00,W,N,A,-,N,,,,,,,,,,N,1,1,0,2,B,-,22,,,N,G,B,E,A,H,-,A,D,0,Y,,,,Y,,D,22,0,0,0,1,0,0,0,0,0,"- ","- ",35.629081726074219,-120.68315887451172,"SAN LUIS OBISPO","PASO ROBLES",-120.68318176269531,35.629108428955078
8939392,2019,2021-05-24,4006,2019-10-08,2124,15913,,2,5,4,4006,0,0,0,,0,,MADONNA,"EL MERCADO",400.00,E,N,A,-,N,,,,,,,,,,Y,1,1,0,2,A,-,11,21955,,N,G,B,D,A,H,-,C,D,0,Y,,,,Y,Y,N,60,0,0,0,1,0,0,0,0,0,"- ","- ",35.263320922851562,-120.67746734619141,"SAN LUIS OBISPO","SAN LUIS OBISPO",-120.67752838134766,35.263286590576172
90026495,2015,2015-10-19,9745,2015-09-07,2035,020689,,1,2,9,4000,0,3,5,,2,004,"DIVISION STREET","OSO FLACO LAKE RD",1090.00,E,N,A,-,N,,,,,,,,,,Y,2,0,1,1,A,-,08,22107,,F,E,I,A,A,H,-,D,D,0,,,,,Y,,A,01,1,0,0,0,0,0,0,0,0,"- ","- ",35.001849999999997,-120.52735,"SAN LUIS OBISPO",UNINCORPORATED,-120.52753027,35.001824650000003
90029636,2015,2015-10-19,9740,2015-10-11,1505,016849,,7,2,9,4000,0,1,2,,2,004,"US-101 SOUTHBOUND","10TH STREET",8448.00,N,N,A,-,Y,,,101,,,,,,S,Y,2,0,1,1,A,-,08,22107,,N,E,I,A,A,H,-,A,D,0,,,,,Y,,A,01,1,0,0,0,0,0,0,0,0,"- ","- ",35.76773,-120.70352,"SAN LUIS OBISPO",UNINCORPORATED,-120.70346121,35.767782070000003
90063837,2015,2015-12-02,9740,2015-11-20,1300,016849,,5,1,9,4000,0,1,3,,2,005,SR-58,"HORSESHOE CANYON ROAD",1056.00,E,N,A,-,Y,,,58,,,,,,,Y,2,0,1,1,A,-,08,22107,,N,E,I,A,A,H,-,A,D,0,,,,,Y,,A,01,1,0,0,0,0,0,0,0,0,"- ","- ",35.436430000000001,-120.50653,"SAN LUIS OBISPO",UNINCORPORATED,-120.50653942,35.436453890000003
90108531,2016,2016-02-03,9740,2016-01-24,1633,015644,,7,2,9,4000,0,3,5,,2,019,"RIVER RD.","ESTRELLA RD.",0.00,,Y,A,-,N,,,,,,,,,,Y,2,0,4,2,A,-,09,21801,A,N,A,C,A,A,H,-,A,D,0,,,,,Y,,A,01,2,0,2,0,0,0,0,0,0,"- ","- ",35.72316,-120.57271,"SAN LUIS OBISPO",UNINCORPORATED,-120.68537994,35.736420090000003
90119779,2016,2016-02-22,9740,2016-02-13,1605,016849,,6,2,9,4000,0,3,5,,2,019,"BUENA VISTA ROAD","CIRCLE B ROAD",6864.00,N,N,A,-,N,,,,,,,,,,N,2,0,1,1,A,-,08,22107,,N,F,A,A,A,H,-,A,D,0,,Y,,,Y,Y,L,04,1,0,0,0,0,0,1,0,0,"- ","- ",35.66675,-120.66524,"SAN LUIS OBISPO",UNINCORPORATED,-120.66501058,35.670116589999999
90130455,2016,2016-03-07,9750,2016-02-29,0730,015514,,1,1,9,4000,0,1,3,,1,063,"SR-166 E/B","SPANISH RANCH",21120.00,W,N,A,-,Y,,,166,,,,,,E,Y,2,0,3,1,A,-,08,22107,,N,F,A,A,A,H,-,A,D,0,,,,,Y,,A,01,1,2,0,0,0,0,0,0,0,"- ","- ",35.086750000000002,-120.03052,"SAN LUIS OBISPO",UNINCORPORATED,-120.03050931999999,35.086773749999999
90168138,2016,2016-04-28,9740,2016-04-23,1045,019096,,6,1,9,4000,0,1,2,,2,002,"US-101 S/B TO VINEYARD DR","VINEYARD DR",400.00,S,N,A,-,Y,,,101,,,,R,,S,Y,2,0,3,2,A,-,03,22350,,N,E,I,A,A,H,-,A,D,0,,,,,Y,,A,01,1,1,1,0,0,0,0,0,0,"- ","- ",35.542279999999998,-120.71505000000001,"SAN LUIS OBISPO",UNINCORPORATED,-120.71505000000001,35.542279999999998
90193536,2016,2016-06-02,9740,2016-05-25,1420,011615,,3,2,9,4000,0,1,3,,1,015,SR-1,"ARROYO DE LA CRUZ",1584.00,N,N,A,-,Y,,,1,,,,,,,Y,1,1,4,2,A,-,08,22107,,N,A,C,A,A,H,-,A,D,0,,,,,Y,,A,01,1,1,2,0,0,0,0,0,0,"- ","- ",35.713839999999998,-121.30503,"SAN LUIS OBISPO",UNINCORPORATED,-121.30502502,35.713842900000003
90213100,2016,2016-06-30,9750,2016-05-20,1058,014820,,5,1,9,4000,0,1,3,,1,063,SR-166,"GIFFORD CREEK BRIDGE",403.00,W,N,B,-,Y,,,166,,,,,,,Y,1,1,0,2,A,-,05,21460,A,N,A,C,A,A,H,-,A,D,0,,,,Y,Y,,A,01,0,0,0,0,0,0,0,0,0,"- ","- ",35.075409999999998,-120.0026,"SAN LUIS OBISPO",UNINCORPORATED,-120.00260608000001,35.075402850000003
90217386,2016,2016-07-07,9750,2016-06-30,1230,016874,,4,1,9,4000,0,1,3,,1,063,"SR-166 W/B","COTTONWOOD CANYON RD",5280.00,W,N,A,-,Y,,,,,,,,,,Y,2,0,2,1,A,-,08,22107,,N,E,I,A,A,H,-,A,D,0,,,,Y,Y,,G,25,2,0,0,0,0,0,0,0,0,"- ","- ",35.033659999999998,-119.88844,"SAN LUIS OBISPO",UNINCORPORATED,,
90223610,2016,2016-07-15,9745,2016-04-15,2030,020229,,5,2,9,4000,0,1,2,,1,101,"US-101 SOUTHBOUND","TV TOWER RD",5808.00,S,N,A,-,Y,,,101,,,,,,S,Y,1,1,4,3,A,-,01,23152,A,F,E,I,A,A,H,-,D,D,0,,,,Y,Y,Y,A,01,2,2,0,0,0,0,0,0,0,"- ","- ",35.331389999999999,-120.62299,"SAN LUIS OBISPO",UNINCORPORATED,-120.62297196,35.331403029999997
90225594,2016,2016-07-19,9740,2016-06-21,0038,014460,,2,3,9,4000,0,1,3,,2,007,SR-41,"ROCKY CANYON ROAD",1584.00,N,N,A,-,Y,,,41,,,,,,,Y,1,1,1,1,A,-,01,23152,E,F,E,J,A,A,H,-,D,D,0,,,,,Y,,D,22,1,0,0,0,0,0,0,0,0,"- ","- ",35.505470000000003,-120.64888000000001,"SAN LUIS OBISPO",UNINCORPORATED,-120.64887198,35.505443489999998
90226795,2016,2016-07-20,9740,2016-01-17,1203,014465,,7,1,9,4000,0,3,5,,2,016,"PARKHILL ROAD","SEVEN OAKS WAY",2640.00,S,N,B,-,N,,,,,,,,,,Y,1,1,1,2,A,-,03,22350,,N,A,C,A,B,H,-,A,D,0,,,,,Y,,A,01,1,0,0,0,0,0,0,0,0,"- ","- ",35.387819999999998,-120.51437,"SAN LUIS OBISPO",UNINCORPORATED,-120.51547855,35.397509630000002
90235248,2016,2016-08-02,9740,2016-07-17,1820,015167,,7,2,9,4000,0,2,4,,2,012,"LAKE NACIMIENTO DR (G14)","CHIMNEY ROCK RD",5808.00,W,N,A,-,N,,,,,,,,,,Y,2,0,1,2,A,-,01,23152,A,N,B,C,A,A,H,-,A,D,0,,,,,Y,Y,D,23,1,0,0,0,0,0,0,0,0,"- ","- ",35.701169999999998,-120.81148,"SAN LUIS OBISPO",UNINCORPORATED,-120.81148,35.701169999999998
90237821,2016,2016-08-04,9745,2016-07-02,0237,017151,,6,3,9,4000,0,1,2,,2,505,"US-101 NORTHBOUND","TEFFT STREET",6864.00,S,N,B,-,Y,,,101,,,,,,N,Y,1,1,0,1,A,-,08,22107,,N,F,A,A,A,H,-,D,D,0,,,,,Y,,A,07,0,0,0,0,0,0,0,0,0,"- ","- ",35.02243,-120.46874,"SAN LUIS OBISPO",UNINCORPORATED,-120.46879351,35.022371970000002
90251732,2016,2016-08-24,9745,2016-08-09,1846,015734,,2,2,9,4000,0,1,3,,1,011,"SR-41 NORTHBOUND","BEAR RIDGE RD",4752.00,N,N,B,-,Y,,,41,,,,,,N,Y,2,0,1,1,A,-,01,23152,E,N,E,I,A,A,H,-,A,D,0,,,,,Y,,A,01,1,0,0,0,0,0,0,0,0,"- ","- ",35.428669999999997,-120.76622,"SAN LUIS OBISPO",UNINCORPORATED,-120.76622067,35.428675349999999
90263084,2016,2016-09-07,9740,2016-07-10,1300,011615,,7,1,9,4000,0,1,3,,1,014,SR-1,"PICO CREEK",174.00,S,N,A,-,Y,,,,,,,,,,N,1,1,7,7,A,-,03,22350,,N,F,A,A,A,H,-,A,D,0,,,Y,,Y,,C,02,3,3,1,0,0,0,0,1,7,"- ","- ",36.615229999999997,-121.14673999999999,"SAN LUIS OBISPO",UNINCORPORATED,-121.14599690999999,35.614633339999997
90274125,2016,2016-09-26,9740,2016-06-28,0448,015644,,2,3,9,4000,0,1,2,,2,004,"US-101 SOUTHBOUND","WELLSONA RD",0.00,,Y,A,-,Y,,,101,,,,,,S,Y,1,1,1,2,A,-,02,22400,A,N,D,C,A,A,H,-,C,A,0,,,,Y,Y,,G,25,1,0,0,0,0,0,0,0,0,"- ","- ",35.695799999999998,-120.69687,"SAN LUIS OBISPO",UNINCORPORATED,-120.69679687999999,35.695799409999999
90293296,2016,2016-10-17,9745,2016-10-15,2210,017930,,6,3,9,4000,0,3,5,,2,003,"SEE CANYON RD","SAN LUIS BAY DR",16896.00,N,N,B,C,N,,,,,,,,,,Y,2,0,1,1,A,-,01,23152,A,N,E,I,A,B,H,-,D,D,0,,,,,Y,Y,D,22,1,0,0,0,0,0,0,0,0,"- ","- ",35.226860000000002,-120.73894,"SAN LUIS OBISPO",UNINCORPORATED,-120.74146220999999,35.228466769999997
90303027,2016,2017-03-13,9740,2016-09-17,0950,013133,,6,1,9,4000,0,1,3,,2,010,SR-41,"KERN COUNTY LINE",2112.00,S,N,A,-,Y,,,41,,,,,,,Y,1,1,1,2,A,-,05,21460,A,N,A,C,A,A,H,-,A,D,0,,,Y,,Y,,D,22,0,0,1,0,0,0,0,1,0,"- ","- ",35.782730000000001,-120.20114,"SAN LUIS OBISPO",UNINCORPORATED,-120.20113754,35.782759939999998
9034515,2019,2020-02-04,4004,2019-12-18,1943,1384,,3,5,3,4004,0,0,0,,0,,"UNION RD","PROSPECT AV",466.00,E,N,A,-,N,,,,,,,,,,Y,2,0,2,2,A,-,03,22350,,N,H,G,A,A,H,-,D,D,0,,Y,Y,,Y,,C,02,1,0,1,0,0,0,1,0,1,"- ","- ",35.638660430908203,-120.66098785400391,"SAN LUIS OBISPO","PASO ROBLES",-120.65956115722656,35.639244079589844
90355106,2016,2016-12-27,9745,2016-12-24,0425,016714,,6,3,9,4000,0,1,2,,2,505,"US-101 S/B",SR-166,12144.00,N,N,A,-,Y,,,101,,,,,,S,Y,2,0,1,2,A,-,03,22350,,N,C,C,A,A,H,-,D,D,0,,,,,Y,,A,01,1,0,0,0,0,0,0,0,0,"- ","- ",35.017429999999997,-120.46382,"SAN LUIS OBISPO",UNINCORPORATED,-120.46378948,35.017463100000001
90367224,2016,2017-02-06,9740,2016-12-15,1943,014662,,4,2,9,4000,0,1,3,,2,010,"SR-41 N/B","46/41 CHOLAME Y",19008.00,N,N,B,C,Y,,,41,,,,,,N,Y,1,1,0,1,A,-,01,23152,A,N,E,I,A,B,H,-,D,D,0,,,,,Y,Y,A,07,0,0,0,0,0,0,0,0,0,"- ","- ",35.771700000000003,-120.23739999999999,"SAN LUIS OBISPO",UNINCORPORATED,-120.23740071,35.771669539999998
90380186,2016,2017-02-14,9750,2016-09-05,1655,016170,,1,2,9,4000,0,1,3,,1,063,SR-166,"COTTONWOOD CYN",36960.00,W,N,A,-,Y,,,166,,,,,,,Y,1,2,6,2,A,-,01,23152,A,N,D,C,A,A,H,-,A,D,0,,,,,Y,Y,A,01,0,5,1,0,0,0,0,0,0,"- ","- ",35.062240000000003,-119.97295,"SAN LUIS OBISPO",UNINCORPORATED,-119.97292966000001,35.062277430000002
90408251,2017,2017-03-08,9740,2017-02-25,0755,014543,,6,1,9,4000,0,3,5,,2,024,"MAIN ST","BURTON DR",0.00,,Y,B,-,N,,,,,,,,,,Y,2,0,6,8,A,-,01,23152,F,N,E,I,A,A,H,-,A,A,0,,,,,Y,,D,22,2,2,2,0,0,0,0,0,0,"- ","- ",35.56391,-120.08259,"SAN LUIS OBISPO",UNINCORPORATED,-121.08266998000001,35.563980020000002
90431130,2017,2017-04-10,9740,2017-03-17,2117,014465,,5,2,9,4000,0,1,3,,2,010,"STATE ROUTE 41",SR-46,21120.00,N,N,A,-,Y,,,41,,,,,,,Y,1,1,2,2,A,-,01,23152,A,N,A,C,A,A,H,-,D,D,0,,,,,Y,Y,A,01,2,0,0,0,0,0,0,0,0,"- ","- ",35.77205,-120.23282,"SAN LUIS OBISPO",UNINCORPORATED,-120.23279721,35.772011079999999
90456647,2017,2017-05-16,9740,2017-05-04,1230,013733,,4,1,9,4000,0,2,4,,2,012,"NACIMIENTO LAKE DR","MUSTANG SPRINGS ROAD",273.00,E,N,A,-,N,,,,,,,,,,Y,2,0,1,1,A,-,08,22107,,N,E,I,A,A,H,-,D,D,0,,,,,Y,,A,01,1,0,0,0,0,0,0,0,0,"- ","- ",35.643059999999998,-120.70268,"SAN LUIS OBISPO",UNINCORPORATED,-120.70288146999999,35.643385430000002
90463853,2017,2017-05-25,9740,2017-04-27,2058,018323,,4,2,9,4000,0,1,2,,2,004,"US-101 SOUTHBOUND","STOCKDALE RD",300.00,S,N,A,-,Y,,,101,,,,,,S,Y,1,1,0,2,A,-,01,23152,F,N,B,C,A,A,H,-,C,D,0,,,,,Y,Y,E,22,0,0,0,0,0,0,0,0,0,"- ","- ",35.665460000000003,-120.69663,"SAN LUIS OBISPO",UNINCORPORATED,-120.69657343999999,35.665445230000003
9049638,2020,2020-09-11,4008,2020-01-31,1200,2133,,5,5,4,4008,0,0,0,,0,,"DEL RIO RD","POTRERO RD",753.00,W,N,A,-,N,,,,,,,,,,Y,2,0,1,2,A,-,09,21801,A,N,A,C,A,A,H,-,A,D,0,,,Y,,Y,,D,22,1,0,0,0,0,0,0,0,1,"- ","- ",35.517681121826172,-120.69155883789062,"SAN LUIS OBISPO",ATASCADERO,-120.69193267822266,35.514438629150391
90496627,2017,2017-07-10,9740,2017-06-23,2345,016849,,5,3,9,4000,0,1,2,,2,001,"US-101 SOUTHBOUND","SANTA BARBARA ROAD",11088.00,S,N,A,-,Y,,,101,,,,,,S,Y,2,0,1,1,A,-,08,22107,,N,E,I,A,A,H,-,D,D,0,,,,,Y,,A,01,1,0,0,0,0,0,0,0,0,"- ","- ",35.413600000000002,-120.6268,"SAN LUIS OBISPO",UNINCORPORATED,-120.62689179,35.413570200000002
90506624,2017,2017-07-24,9740,2017-07-17,1820,013952,,1,2,9,4000,0,1,3,,1,015,"STATE ROUTE 1","RAGGED POINT INN",6864.00,N,N,A,-,Y,,,1,,,,,,,Y,2,0,1,1,A,-,08,22107,,N,E,I,A,A,H,-,A,D,0,,,Y,,Y,,C,02,1,0,0,0,0,0,0,0,1,"- ","- ",35.794829999999997,-121.34496,"SAN LUIS OBISPO",UNINCORPORATED,-121.34495287999999,35.794848209999998
90521527,2017,2017-08-11,9740,2017-06-19,1750,013952,,1,2,9,4000,0,3,5,,2,016,"PARKHILL RD","STATE ROUTE 58",3696.00,S,N,A,-,N,,,,,,,,,,Y,1,1,0,1,A,-,08,22107,,N,F,A,A,A,H,-,A,D,0,,,,,Y,Y,D,22,0,0,0,0,0,0,0,0,0,"- ","- ",35.40945,-120.54958999999999,"SAN LUIS OBISPO",UNINCORPORATED,-120.55015231,35.409501519999999
90548138,2017,2017-09-14,9745,2017-08-26,0610,016773,,6,1,9,4000,0,2,4,,1,025,"LOS OSOS VALLEY RD","FOOTHILL BLVD.",3696.00,W,N,B,-,N,,,,,,,,,,Y,2,0,2,2,A,-,01,23152,A,N,A,C,A,A,H,-,D,D,0,,,,,Y,Y,D,22,1,0,1,0,0,0,0,0,0,"- ","- ",35.281239999999997,-120.724,"SAN LUIS OBISPO",UNINCORPORATED,-120.72287145,35.280852350000004
90564760,2017,2017-10-06,9745,2017-10-02,1427,014713,,1,2,9,4000,0,1,2,,1,101,"US-101 SOUTHBOUND","CUESTA SPRINGS ROAD",930.00,S,N,A,-,Y,,,101,,,,,,S,N,2,0,1,1,A,-,03,22350,,N,E,J,A,A,H,-,A,D,0,,Y,,,Y,,L,04,1,0,0,0,0,0,1,0,0,"- ","- ",35.348439999999997,-120.63081,"SAN LUIS OBISPO",UNINCORPORATED,-120.63070015,35.348525909999999
90569082,2017,2017-10-19,9745,2017-10-04,1107,017541,,3,1,4,4006,0,1,2,,2,202,"US-101 NORTHBOUND","MARSH ST",3.00,N,N,A,-,Y,,,101,,,,,,N,Y,2,0,1,2,A,-,03,22350,,N,C,C,A,A,H,-,A,D,0,,,Y,,Y,,A,01,1,0,0,0,0,0,0,0,1,"- ","- ",35.274500000000003,-120.67124,"SAN LUIS OBISPO","SAN LUIS OBISPO",-120.67122071,35.274493679999999
90589508,2017,2017-11-07,9740,2017-11-04,0920,014543,,6,1,9,4000,0,3,5,,2,016,"SODA LAKE RD","SPRAGUE HILL RD.",12144.00,S,N,A,-,N,,,,,,,,,,Y,2,0,2,1,A,-,01,23152,A,N,F,A,A,A,H,-,A,A,0,,,,,Y,Y,A,07,2,0,0,0,0,0,0,0,0,"- ","- ",35.23939,-119.9051,"SAN LUIS OBISPO",UNINCORPORATED,,
90641813,2018,2018-01-17,9745,2018-01-15,1810,017097,,1,2,9,4000,0,1,3,,1,011,SR-41,"TORO CREEK RD",2640.00,S,N,A,-,Y,,,41,,,,,,,Y,2,0,3,3,A,-,05,21460,A,N,B,C,A,A,H,-,D,D,0,,,,,Y,Y,A,01,1,1,1,0,0,0,0,0,0,"- ","- ",35.451919555664062,-120.75235748291016,"SAN LUIS OBISPO",UNINCORPORATED,-120.7523193359375,35.451911926269531
90644627,2018,2018-01-22,9745,2018-01-14,1210,016773,,7,1,9,4000,0,1,2,,2,402,"US-101 SOUTHBOUND","EL CAMPO RD",200.00,N,N,A,-,Y,,,101,,,,,,S,Y,2,0,1,1,A,-,01,23152,A,N,E,J,A,A,H,-,A,D,0,,,,,Y,Y,A,01,1,0,0,0,0,0,0,0,0,"- ","- ",35.112571716308594,-120.56790924072266,"SAN LUIS OBISPO",UNINCORPORATED,-120.56790161132812,35.112586975097656
90651081,2018,2018-01-30,9745,2018-01-28,0025,017151,,7,3,9,4000,0,3,5,,2,004,"HUASNA RD","HUASNA TOWNSITE RD",3168.00,N,N,A,-,N,,,,,,,,,,Y,2,0,3,1,A,-,08,22107,,N,E,I,A,A,H,-,D,D,0,,,,,Y,,A,01,2,1,0,0,0,0,0,0,0,"- ","- ",35.126548767089844,-120.40292358398438,"SAN LUIS OBISPO",UNINCORPORATED,-120.38576507568359,35.127952575683594
90657255,2018,2018-02-08,9740,2018-02-04,1755,015854,,7,2,9,4000,0,3,5,,2,016,"WEST POZO RD",SR-58,8976.00,S,N,A,-,N,,,,,,,,,,Y,2,0,1,1,A,-,01,23152,A,N,E,I,A,A,H,-,D,D,0,,,,,Y,Y,A,01,1,0,0,0,0,0,0,0,0,"- ","- ",35.369560241699219,-120.56099700927734,"SAN LUIS OBISPO",UNINCORPORATED,-120.56168365478516,35.370082855224609
90696402,2018,2018-04-02,9740,2018-03-27,1830,016849,,2,2,9,4000,0,3,5,,2,017,"MAIN STREET","7 TH STREET",123.00,N,N,A,-,N,,,,,,,,,,N,2,0,1,2,A,-,21,22106,,N,G,B,D,A,H,-,A,D,0,Y,,,,Y,,A,01,1,0,0,0,1,0,0,0,0,"- ","- ",35.547599792480469,-120.70680236816406,"SAN LUIS OBISPO",UNINCORPORATED,-120.70691680908203,35.547626495361328
90728831,2018,2018-05-17,9740,2018-02-18,1650,020773,,7,2,4,4008,0,1,2,,2,002,"US-101 NORTHBOUND","DEL RIO ROAD",2640.00,N,N,A,-,Y,,,101,,,,,,N,Y,1,1,1,5,A,-,01,23152,G,N,B,C,A,A,H,-,A,D,0,,,,,Y,Y,A,01,1,0,0,0,0,0,0,0,0,"- ","- ",35.519050598144531,-120.70329284667969,"SAN LUIS OBISPO",ATASCADERO,-120.70331573486328,35.519035339355469
90740216,2018,2018-07-03,9740,2018-04-06,0555,013733,,5,3,9,4000,0,1,3,,2,008,SR-46,"CHOLAME CREEK BRIDGE",2034.00,W,N,B,-,Y,,,46,,,,,,,Y,1,2,9,4,A,-,08,22107,,N,B,C,A,A,H,-,D,D,0,,,,,Y,,A,01,7,2,0,0,0,0,0,0,0,"- ","- ",35.731231689453125,-120.2926025390625,"SAN LUIS OBISPO",UNINCORPORATED,-120.29259490966797,35.731224060058594
90749814,2018,2018-06-18,9740,2018-06-06,1010,013984,,3,1,9,4000,0,1,3,,2,011,SR-46,"GREEN VALLEY RD",34320.00,E,N,A,-,Y,,,46,,,,,,,N,2,0,1,1,A,-,03,22350,,N,F,I,A,A,H,-,A,D,0,,Y,,,Y,,L,04,1,0,0,0,0,0,1,0,0,"- ","- ",35.550041198730469,-120.93965911865234,"SAN LUIS OBISPO",UNINCORPORATED,-120.93966674804688,35.550022125244141
90754978,2018,2018-06-25,9740,2018-06-18,1040,014460,,1,1,9,4000,0,1,3,,2,007,SR-41,"STRAW RIDGE ROAD",1584.00,N,N,A,-,Y,,,41,,,,,,,Y,2,0,2,2,A,-,05,21460,A,N,A,C,A,A,H,-,A,D,0,,,,,Y,,A,07,1,0,1,0,0,0,0,0,0,"- ","- ",35.534290313720703,-120.5367431640625,"SAN LUIS OBISPO",UNINCORPORATED,-120.5367431640625,35.534313201904297
90755621,2018,2018-06-26,9740,2018-06-23,0432,018988,,6,3,9,4000,0,3,5,,2,022,"INTERLAKE RD","LYNCH CANYON RD",5280.00,E,N,A,-,N,,,,,,,,,,Y,2,0,2,1,A,-,08,22107,,N,E,I,A,A,H,-,D,D,0,,,,,Y,,D,22,2,0,0,0,0,0,0,0,0,"- ","- ",35.788078308105469,-120.94716644287109,"SAN LUIS OBISPO",UNINCORPORATED,-120.94818878173828,35.788459777832031
90767717,2018,2018-07-12,9745,2018-06-29,1155,017144,,5,1,9,4000,0,2,4,,1,025,"LOS OSOS VALLEY RD.","ETO LN",64.00,E,N,A,-,N,,,,,,,,,,Y,2,0,2,2,A,-,09,21804,A,N,D,C,A,A,H,-,A,D,0,,,,,Y,,A,08,1,1,0,0,0,0,0,0,0,"- ","- ",35.306381225585938,-120.81324768066406,"SAN LUIS OBISPO",UNINCORPORATED,-120.81330108642578,35.30645751953125
90771697,2018,2018-07-18,9745,2018-07-06,2225,016773,,5,3,9,4000,0,2,4,,1,048,"AVILA BEACH DRIVE","ONTARIO RD",278.00,E,N,A,-,N,,,,,,,,,,Y,2,0,4,2,A,-,09,21804,A,N,A,C,A,A,H,-,D,D,0,,,,,Y,,A,01,1,2,1,0,0,0,0,0,0,"- ","- ",35.180141448974609,-120.70319366455078,"SAN LUIS OBISPO",UNINCORPORATED,-120.70353698730469,35.180393218994141
90792972,2018,2018-08-17,9745,2018-08-11,2210,020689,,6,3,9,4000,0,2,4,,1,048,"AVILA BEACH DRIVE","SAN MIGUEL ST",0.00,,Y,A,-,N,,,,,,,,,,Y,2,0,1,2,A,-,09,21801,A,N,A,C,A,A,H,-,C,D,0,,,Y,,Y,,A,01,1,0,0,0,0,0,0,0,1,"- ","- ",35.182079315185547,-120.73269653320312,"SAN LUIS OBISPO",UNINCORPORATED,-120.73268127441406,35.182121276855469
90815293,2018,2018-09-18,9740,2018-09-16,1750,018988,,7,2,9,4000,0,2,4,,2,012,"NACIMIENTO LAKE DR","SAN MARCOS RD",467.00,W,N,A,-,N,,,,,,,,,,Y,2,0,1,1,A,-,08,22107,,N,F,A,A,A,H,-,A,D,0,,,,,Y,,A,01,1,0,0,0,0,0,0,0,0,"- ","- ",35.688621520996094,-120.76564788818359,"SAN LUIS OBISPO",UNINCORPORATED,-120.76576232910156,35.688571929931641