CASE_ID,ACCIDENT_YEAR,PROC_DATE,JURIS,COLLISION_DATE,COLLISION_TIME,OFFICER_ID,REPORTING_DISTRICT,DAY_OF_WEEK,CHP_SHIFT,POPULATION,CNTY_CITY_LOC,SPECIAL_COND,BEAT_TYPE,CHP_BEAT_TYPE,CITY_DIVISION_LAPD,CHP_BEAT_CLASS,BEAT_NUMBER,PRIMARY_RD,SECONDARY_RD,DISTANCE,DIRECTION,INTERSECTION,WEATHER_1,WEATHER_2,STATE_HWY_IND,CALTRANS_COUNTY,CALTRANS_DISTRICT,STATE_ROUTE,ROUTE_SUFFIX,POSTMILE_PREFIX,POSTMILE,LOCATION_TYPE,RAMP_INTERSECTION,SIDE_OF_HWY,TOW_AWAY,COLLISION_SEVERITY,NUMBER_KILLED,NUMBER_INJURED,PARTY_COUNT,PRIMARY_COLL_FACTOR,PCF_CODE_OF_VIOL,PCF_VIOL_CATEGORY,PCF_VIOLATION,PCF_VIOL_SUBSECTION,HIT_AND_RUN,TYPE_OF_COLLISION,MVIW,PED_ACTION,ROAD_SURFACE,ROAD_COND_1,ROAD_COND_2,LIGHTING,CONTROL_DEVICE,CHP_ROAD_TYPE,PEDESTRIAN_ACCIDENT,BICYCLE_ACCIDENT,MOTORCYCLE_ACCIDENT,TRUCK_ACCIDENT,NOT_PRIVATE_PROPERTY,ALCOHOL_INVOLVED,STWD_VEHTYPE_AT_FAULT,CHP_VEHTYPE_AT_FAULT,COUNT_SEVERE_INJ,COUNT_VISIBLE_INJ,COUNT_COMPLAINT_PAIN,COUNT_PED_KILLED,COUNT_PED_INJURED,COUNT_BICYCLIST_KILLED,COUNT_BICYCLIST_INJURED,COUNT_MC_KILLED,COUNT_MC_INJURED,PRIMARY_RAMP,SECONDARY_RAMP,LATITUDE,LONGITUDE,COUNTY,CITY,POINT_X,POINT_Y
90815804,2018,2018-09-18,9745,2018-09-11,1413,017930,,2,2,9,4000,0,1,2,,2,505,"US-101 SOUTHBOUND","LOS BERROS RD",528.00,N,N,A,-,Y,,,101,,,,,,S,Y,2,0,3,3,A,-,03,22350,,N,C,C,A,A,H,-,A,A,0,,,,,Y,,A,01,1,2,0,0,0,0,0,0,0,"- ","- ",35.073501586914062,-120.51850128173828,"SAN LUIS OBISPO",UNINCORPORATED,-120.5184326171875,35.073589324951172
90827679,2018,2018-10-03,9740,2018-09-30,2020,018988,,7,2,9,4000,0,3,5,,2,017,"CRESTON RD","SOUTH EL POMAR RD",823.00,E,N,A,-,N,,,,,,,,,,Y,2,0,3,2,A,-,01,23152,A,N,A,C,A,A,H,-,D,D,0,,,,,Y,Y,A,07,1,2,0,0,0,0,0,0,0,"- ","- ",35.572620391845703,-120.60605621337891,"SAN LUIS OBISPO",UNINCORPORATED,-120.60617065429688,35.572711944580078
90844582,2018,2018-10-25,9745,2018-10-18,2059,016002,,4,2,9,4000,0,3,5,,2,004,"ORCUTT ROAD","VARIAN RANCH CIRCLE",1056.00,N,N,A,-,N,,,,,,,,,,Y,2,0,1,1,A,-,08,22107,,N,F,A,A,A,H,-,D,D,0,,,,,Y,,A,07,1,0,0,0,0,0,0,0,0,"- ","- ",35.184009552001953,-120.55133819580078,"SAN LUIS OBISPO",UNINCORPORATED,-120.55133819580078,35.184009552001953
90855193,2018,2018-11-07,9740,2018-09-06,1155,013246,,4,1,9,4000,0,1,3,,2,007,SR-41,"CRIPPLE CREEK RD",3696.00,N,N,A,-,Y,,,41,,,,,,,N,2,0,1,1,A,-,08,22107,,N,F,A,A,A,H,-,A,D,0,,,Y,,Y,,C,06,1,0,0,0,0,0,0,0,1,"- ","- ",35.534030914306641,-120.54429626464844,"SAN LUIS OBISPO",UNINCORPORATED,-120.54430389404297,35.534015655517578
90856461,2018,2018-11-08,9740,2018-11-02,0940,017426,,5,1,9,4000,0,3,5,,2,017,"NEAL SPRING RD","EL POMAR DR",500.00,N,N,A,-,N,,,,,,,,,,N,2,0,1,1,A,-,08,22107,,N,F,A,A,A,H,-,A,D,0,,Y,,,Y,,L,04,1,0,0,0,0,0,1,0,0,"- ","- ",35.564338684082031,-120.66841888427734,"SAN LUIS OBISPO",UNINCORPORATED,-120.66839599609375,35.563274383544922
90858738,2018,2018-11-13,9740,2018-09-03,0820,013246,,1,1,9,4000,0,1,3,,1,014,SR-1,"SLO SAN SIMEON RD",0.00,,Y,B,-,Y,,,1,,,,,,,N,2,0,1,2,A,-,09,21801,A,N,D,G,A,A,H,-,A,D,0,,Y,,,Y,,L,04,1,0,0,0,0,0,1,0,0,"- ","- ",35.643848419189453,-121.18547058105469,"SAN LUIS OBISPO",UNINCORPORATED,-121.18544769287109,35.643898010253906
90858909,2018,2018-11-13,9740,2018-10-26,0835,014662,,5,1,9,4000,0,3,5,,2,017,"LAS PILITAS RD","VISTA DEL LAGO PL",5280.00,N,N,A,-,N,,,,,,,,,,Y,2,0,1,1,A,-,08,22107,,N,E,I,A,A,H,-,A,D,0,,,,,Y,,A,01,1,0,0,0,0,0,0,0,0,"- ","- ",35.358570098876953,-120.48043823242188,"SAN LUIS OBISPO",UNINCORPORATED,-120.47830963134766,35.359153747558594
90859074,2018,2019-01-14,9745,2018-10-22,1953,016514,,1,2,2,4005,0,1,2,,2,404,"US-101 SOUTHBOUND","SPYGLASS DR",254.00,S,N,A,-,Y,,,,,,,,,,Y,1,1,0,1,A,-,08,22107,,N,E,I,A,A,H,-,D,D,0,,,,,Y,,A,01,0,0,0,0,0,0,0,0,0,"- ","- ",35.094898223876953,-120.41130065917969,"SAN LUIS OBISPO","PISMO BEACH",-120.68659973144531,35.163665771484375
90885522,2018,2018-12-18,9740,2018-10-28,0400,019259,,7,3,9,4000,0,1,3,,2,008,SR-46,"UNION RD",4224.00,W,N,A,-,Y,,,46,,,,,,,Y,2,0,1,1,A,-,08,22107,,F,E,I,A,A,H,-,D,D,0,,,,,Y,,A,01,1,0,0,0,0,0,0,0,0,"- ","- ",35.659271240234375,-120.54708099365234,"SAN LUIS OBISPO",UNINCORPORATED,-120.54706573486328,35.659416198730469
90887806,2018,2018-12-21,9740,2018-12-15,0244,016849,,6,3,9,4000,0,3,5,,2,017,"EL CAMINO REAL","ASUNCION RD",590.00,S,N,A,-,N,,,,,,,,,,Y,2,0,1,1,A,-,08,22107,,N,E,I,A,A,H,-,D,A,0,,,,,Y,,A,07,1,0,0,0,0,0,0,0,0,"- ","- ",35.427120208740234,-120.60434722900391,"SAN LUIS OBISPO",UNINCORPORATED,-120.60441589355469,35.427143096923828
90902742,2019,2019-01-11,9745,2019-01-10,1257,013531,,4,1,9,4000,0,3,5,,2,005,"HIGOS WAY","DIVISION STREET",0.00,,Y,A,-,N,,,,,,,,,,N,2,0,1,1,A,-,03,22350,,N,F,A,A,A,H,-,A,D,0,,,Y,,Y,,C,02,1,0,0,0,0,0,0,0,1,"- ","- ",35.025028228759766,-120.48459625244141,"SAN LUIS OBISPO",UNINCORPORATED,-120.48484802246094,35.024890899658203
90927693,2019,2019-02-15,9745,2019-02-14,1235,014713,,4,1,3,4001,0,1,2,,2,402,"US-101 SOUTHBOUND FROM GRAND AVE.","GRAND AVE",256.00,S,N,B,-,Y,,,101,,,,R,,S,Y,2,0,2,1,A,-,03,22350,,N,E,I,A,B,H,-,A,D,0,,,,,Y,,D,22,1,1,0,0,0,0,0,0,0,"- ","- ",35.120929718017578,-120.58361053466797,"SAN LUIS OBISPO","ARROYO GRANDE",-120.58361053466797,35.120929718017578
90932773,2019,2019-02-25,9740,2019-02-15,2000,019486,,5,2,9,4000,0,1,3,,2,005,SR-58,"RED HILL RD",9504.00,E,N,C,-,Y,,,58,,,,,,,Y,2,0,2,1,A,-,08,22107,,N,E,I,A,B,H,-,D,D,0,,,,,Y,,A,08,2,0,0,0,0,0,0,0,0,"- ","- ",35.410499572753906,-120.25110626220703,"SAN LUIS OBISPO",UNINCORPORATED,-120.25112152099609,35.4105224609375
90938696,2019,2019-03-04,9745,2019-02-20,1502,017817,,3,2,9,4000,0,1,2,,1,101,"US-101 SOUTHBOUND","TV TOWER RD",849.00,S,N,B,-,Y,,,101,,,,,,S,Y,2,0,3,2,A,-,03,22350,,N,C,C,A,A,H,-,A,D,0,,,,Y,Y,,A,07,1,1,1,0,0,0,0,0,0,"- ","- ",35.342998504638672,-120.62779998779297,"SAN LUIS OBISPO",UNINCORPORATED,-120.62785339355469,35.342983245849609
90954335,2019,2019-04-11,9745,2019-03-13,1102,014543,,3,1,9,4000,0,3,5,,2,003,"MONTE RD","MONTE RD. ON RAMP TO US-101 N/B",50.00,E,N,A,-,Y,,,,,,,,,,Y,1,1,3,1,A,-,08,22107,,N,E,I,A,A,H,-,A,D,0,,,,,Y,,A,08,2,1,0,0,0,0,0,0,0,"- ","- ",35.18280029296875,-120.70082855224609,"SAN LUIS OBISPO",UNINCORPORATED,,
90963146,2019,2019-04-08,9745,2019-03-30,1748,016514,,6,2,9,4000,0,1,3,,1,021,"SR-1 SOUTHBOUND","OLD CREEK RD",79.00,N,N,A,-,Y,,,1,,,,,,S,Y,2,0,2,3,A,-,03,22350,,N,C,C,A,A,H,-,A,A,0,,,,,Y,,D,22,1,1,0,0,0,0,0,0,0,"- ","- ",35.429100036621094,-120.8822021484375,"SAN LUIS OBISPO",UNINCORPORATED,-120.88223266601562,35.429073333740234
90987618,2019,2019-05-13,9745,2019-04-11,0900,014713,,4,1,9,4000,0,2,4,,1,024,"SOUTH BAY BLVD","NIPOMO AVE",576.00,N,N,A,-,N,,,,,,,,,,Y,1,1,0,2,A,-,01,23152,F,N,E,I,A,A,H,-,A,D,0,,,,,Y,,A,01,0,0,0,0,0,0,0,0,0,"- ","- ",35.318130493164062,-120.82347869873047,"SAN LUIS OBISPO",UNINCORPORATED,-120.82345581054688,35.318130493164062
90991260,2019,2019-05-20,9740,2019-03-23,0626,014460,,6,1,9,4000,0,1,3,,2,008,SR-46,"CHOLAME CREEK",3696.00,W,N,B,-,Y,,,46,,,,,,,Y,1,1,3,2,A,-,09,21804,A,N,D,C,A,A,H,-,D,D,0,,,,,Y,,A,01,3,0,0,0,0,0,0,0,0,"- ","- ",35.723949432373047,-120.29634857177734,"SAN LUIS OBISPO",UNINCORPORATED,-120.29634857177734,35.723949432373047
91006354,2019,2019-06-10,9740,2019-06-08,2005,020773,,6,2,9,4000,0,1,3,,2,011,SR-46,"ARBOR RD",0.00,,Y,A,-,Y,,,46,,,,,,,Y,2,0,2,2,A,-,01,23152,A,N,D,C,A,A,H,-,A,D,0,,,,,Y,Y,D,22,1,1,0,0,0,0,0,0,0,"- ","- ",35.583721160888672,-120.7147216796875,"SAN LUIS OBISPO",UNINCORPORATED,-120.71469116210938,35.583629608154297
91017828,2019,2019-06-26,9745,2019-06-10,1237,014910,,1,1,9,4000,0,1,3,,1,011,SR-41,"CALL BOX 41 SLO 082",44.00,N,N,A,-,Y,,,41,,,,,,,Y,2,0,4,2,A,-,05,21460,A,N,A,C,A,A,H,-,A,D,0,,,,,Y,,D,22,4,0,0,0,0,0,0,0,0,"- ","- ",35.436630249023438,-120.75287628173828,"SAN LUIS OBISPO",UNINCORPORATED,-120.75276184082031,35.436695098876953
91039791,2019,2019-09-23,9745,2019-07-08,1602,020211,,1,2,9,4000,0,2,4,,1,053,"POMEROY ROAD","SANDYDALE DR",249.00,W,N,A,-,N,,,,,,,,,,Y,1,1,1,2,A,-,01,23152,F,N,A,C,A,A,H,-,A,D,0,,,,,Y,,A,01,1,0,0,0,0,0,0,0,0,"- ","- ",35.038719177246094,-120.50347137451172,"SAN LUIS OBISPO",UNINCORPORATED,-120.50343322753906,35.0386962890625
91051988,2019,2019-08-14,9740,2019-07-30,2324,020226,,2,3,9,4000,0,1,S,,2,904,"US-101  NORTHBOUND",SR-58,13200.00,N,N,A,-,Y,,,101,,,,,,N,Y,2,0,1,2,A,-,01,23152,A,N,D,C,A,A,H,-,D,D,0,,,,,Y,Y,A,01,1,0,0,0,0,0,0,0,0,"- ","- ",35.417648315429688,-120.62850952148438,"SAN LUIS OBISPO",UNINCORPORATED,-120.62856292724609,35.417625427246094
91052010,2019,2019-08-14,9740,2019-07-13,1820,016154,,6,2,9,4000,0,3,5,,2,018,"UNION ROAD","BRANCH ROAD",4782.00,W,N,A,-,N,,,,,,,,,,Y,1,1,1,1,A,-,01,23152,G,N,E,I,A,A,H,-,A,D,0,,,,,Y,Y,A,01,1,0,0,0,0,0,0,0,0,"- ","- ",35.6380615234375,-120.59696197509766,"SAN LUIS OBISPO",UNINCORPORATED,-120.59531402587891,35.637832641601562
91059329,2019,2019-08-26,9740,2019-07-15,0154,018988,,1,3,3,4004,0,1,2,,2,003,"US-101 NORTHBOUND","NIBLICK RD",4752.00,S,N,A,-,Y,,,101,,,,,,N,Y,1,1,1,2,A,-,01,23152,F,F,A,C,A,A,H,-,C,D,0,,,,,Y,,A,07,1,0,0,0,0,0,0,0,0,"- ","- ",35.602069854736328,-120.69243621826172,"SAN LUIS OBISPO","PASO ROBLES",-120.69247436523438,35.602073669433594
91068674,2019,2019-09-05,9745,2019-08-27,0453,016514,,2,3,3,4001,0,1,2,,2,402,"US-101 NORTHBOUND","BRISCO RD",1056.00,N,N,A,-,Y,,,101,,,,,,N,Y,2,0,1,2,A,-,08,22107,,N,C,E,A,A,H,-,D,D,0,,,,,Y,,A,01,1,0,0,0,0,0,0,0,0,"- ","- ",35.126201629638672,-120.59709930419922,"SAN LUIS OBISPO","ARROYO GRANDE",-120.59710693359375,35.126190185546875
91072258,2019,2019-09-11,9740,2019-09-07,0248,016154,,6,3,4,4008,0,1,2,,2,002,"US-101 NORTHBOUND","TRAFFIC WAY",360.00,S,N,A,-,Y,,,101,,,,,,N,Y,2,0,1,1,A,-,01,23152,A,M,E,I,A,A,H,-,E,D,0,,,,,Y,Y,A,01,1,0,0,0,0,0,0,0,0,"- ","- ",35.48809814453125,-120.66976165771484,"SAN LUIS OBISPO",ATASCADERO,-120.66976165771484,35.488090515136719
91078480,2019,2019-09-19,9740,2019-09-12,1859,014622,,4,2,9,4000,0,1,3,,2,007,SR-41,"HOMESTEAD ROAD",0.00,,Y,A,-,Y,,,41,,,,,,,Y,2,0,2,2,A,-,09,21801,A,N,A,C,A,A,H,-,A,D,0,,,,,Y,,A,07,1,0,1,0,0,0,0,0,0,"- ","- ",35.510650634765625,-120.63813781738281,"SAN LUIS OBISPO",UNINCORPORATED,-120.63813781738281,35.510650634765625
91093577,2019,2019-10-17,9740,2019-09-29,0200,013984,,7,3,9,4000,0,1,3,,2,011,SR-46,"GREEN VALLEY RD.",20592.00,E,N,A,-,Y,,,46,,,,,,,Y,2,0,2,1,A,-,01,23152,A,N,E,I,A,A,H,-,D,D,0,,,,,Y,Y,D,22,2,0,0,0,0,0,0,0,0,"- ","- ",35.550498962402344,-120.9464111328125,"SAN LUIS OBISPO",UNINCORPORATED,-120.94641876220703,35.550563812255859
91095708,2019,2019-10-11,9750,2019-10-01,1657,015916,,2,2,9,4000,0,1,3,,2,061,"SR-166 (CUYAMA HIGHWAY)","ALAMO CREEK ROAD",1320.00,W,N,A,-,Y,,,166,,,,,,,Y,2,0,1,1,A,-,03,22350,,N,E,I,A,A,H,-,A,D,0,,,,,Y,,A,01,1,0,0,0,0,0,0,0,0,"- ","- ",35.019908905029297,-120.31529998779297,"SAN LUIS OBISPO",UNINCORPORATED,-120.31529998779297,35.019931793212891
91099387,2019,2019-10-17,9740,2019-10-08,0140,013984,,2,3,9,4000,0,1,2,,2,002,"US-101 SOUTHBOUND","SAN RAMON RD",600.00,N,N,A,-,Y,,,101,,,,,,S,Y,2,0,1,1,A,-,08,22107,,N,E,I,A,A,H,-,D,D,0,,,,,Y,,A,07,1,0,0,0,0,0,0,0,0,"- ","- ",35.530120849609375,-120.70867919921875,"SAN LUIS OBISPO",UNINCORPORATED,-120.70845031738281,35.530391693115234
91108745,2019,2019-10-29,9740,2019-10-02,0745,010820,,3,1,9,4000,0,3,5,,2,021,"LAS TABLAS RD","US-101 S/B FROM LAS TABLAS RD. E/B",0.00,,Y,A,-,Y,,,,,,,,,,N,2,0,1,2,A,-,10,21950,A,N,G,B,B,A,H,-,A,A,0,Y,,,,Y,,A,01,1,0,0,0,1,0,0,0,0,"- ","- ",35.5543212890625,-120.71299743652344,"SAN LUIS OBISPO",UNINCORPORATED,,
91134403,2019,2019-12-03,9745,2019-11-19,1825,018454,,2,2,9,4000,0,2,4,,1,055,"TEFFT STREET","US-101 N/B TO TEFFT ST",0.00,,Y,A,-,N,,,,,,,,,,Y,2,0,1,2,A,-,17,21451,A,N,D,C,A,A,H,-,D,A,0,,,Y,,Y,,D,22,1,0,0,0,0,0,0,0,1,"- ","- ",35.037258148193359,-120.48445129394531,"SAN LUIS OBISPO",UNINCORPORATED,-120.483942,35.037204000000003
91135806,2019,2019-12-04,9740,2019-11-23,0220,019700,,6,3,9,4000,0,2,4,,2,012,"NACIMIENTO LAKE DRIVE","GATEWAY DRIVE",1056.00,E,N,A,-,N,,,,,,,,,,Y,2,0,2,1,A,-,01,23152,A,N,E,I,A,A,H,-,D,D,0,,,,,Y,Y,A,01,2,0,0,0,0,0,0,0,0,"- ","- ",35.718921661376953,-120.84752655029297,"SAN LUIS OBISPO",UNINCORPORATED,-120.85646820068359,35.72247314453125
91137170,2019,2019-12-05,9745,2019-12-04,1710,019070,,3,2,9,4000,0,2,4,,1,055,"TEFFT STREET","SUNRIDGE LN",168.00,E,N,B,-,N,,,,,,,,,,Y,2,0,1,1,A,-,08,22107,,N,E,I,A,B,H,-,D,D,0,,,,,Y,,A,07,1,0,0,0,0,0,0,0,0,"- ","- ",35.020790100097656,-120.50041961669922,"SAN LUIS OBISPO",UNINCORPORATED,-120.50067901611328,35.020267486572266
91142197,2019,2019-12-12,9745,2019-12-04,1520,017857,,3,2,9,4000,0,1,3,,1,011,SR-41,"CERRO ALTO ROAD",496.00,N,N,B,-,Y,,,41,,,,,,,Y,2,0,2,2,A,-,05,21460,A,N,A,C,A,B,H,-,A,D,0,,,,,Y,Y,D,22,1,1,0,0,0,0,0,0,0,"- ","- ",35.430301666259766,-120.75129699707031,"SAN LUIS OBISPO",UNINCORPORATED,-120.75135040283203,35.430294036865234
91143369,2019,2019-12-13,9745,2019-12-07,0600,016719,,6,1,9,4000,0,2,S,,2,054,"LOPEZ DRIVE","ORCUTT ROAD",0.00,,Y,B,-,N,,,,,,,,,,Y,2,0,1,1,A,-,03,22350,,N,E,I,A,A,H,-,B,A,0,,,,,Y,,D,22,1,0,0,0,0,0,0,0,0,"- ","- ",35.172409057617188,-120.52993011474609,"SAN LUIS OBISPO",UNINCORPORATED,-120.53000640869141,35.172508239746094
91145053,2019,2019-12-17,9740,2019-09-18,2340,016154,,3,3,9,4000,0,1,3,,2,008,"SR-46 E/B","WEST CENTRE RD.",4224.00,E,N,A,-,Y,,,46,,,,,,E,Y,1,1,7,1,A,-,08,22107,,N,E,I,A,A,H,-,D,D,0,,,,,Y,,I,10,6,1,0,0,0,0,0,0,0,"- ","- ",35.662078857421875,-120.40026092529297,"SAN LUIS OBISPO",UNINCORPORATED,-120.40026092529297,35.662109375
91165372,2020,2020-04-28,9745,2020-01-07,1605,019280,,2,2,9,4000,0,2,4,,1,058,"ORCHARD ROAD","FAITH PLACE",921.00,N,N,A,-,N,,,,,,,,,,Y,2,0,2,2,A,-,09,21804,A,N,D,C,A,A,H,-,A,D,0,,,,,Y,,A,07,1,1,0,0,0,0,0,0,0,"- ","- ",35.012931823730469,-120.47460174560547,"SAN LUIS OBISPO",UNINCORPORATED,-120.46934509277344,35.009605407714844
91188337,2020,2020-02-18,9740,2020-01-31,1800,019486,,5,2,9,4000,0,3,5,,2,022,"ADELAIDA RD","STAGS LEAP WAY",1056.00,S,N,A,-,N,,,,,,,,,,Y,2,0,1,1,A,-,01,23152,A,N,F,A,A,A,H,-,D,D,0,,,,,Y,Y,A,07,1,0,0,0,0,0,0,0,0,"- ","- ",35.657989501953125,-120.75955963134766,"SAN LUIS OBISPO",UNINCORPORATED,-120.75425720214844,35.654514312744141
91229561,2020,2020-04-27,9745,2020-04-23,1052,020211,,4,1,9,4000,0,3,5,,2,002,"TURRI ROAD","SOUTH BAY BLVD",9504.00,E,N,A,-,N,,,,,,,,,,Y,2,0,1,1,A,-,03,22350,,N,F,A,A,A,H,-,A,D,0,,,Y,,Y,,C,02,1,0,0,0,0,0,0,0,1,"- ","- ",35.323978424072266,-120.79923248291016,"SAN LUIS OBISPO",UNINCORPORATED,-120.79875946044922,35.324127197265625
91234109,2020,2020-05-05,9745,2020-04-24,2010,017817,,5,2,9,4000,0,1,2,,1,101,"US-101 SOUTHBOUND","STAGE COACH RD.",20.00,S,N,A,-,Y,,,101,,,,,,S,Y,2,0,1,1,A,-,08,22107,,N,E,I,A,A,H,-,D,D,0,,,,,Y,,A,01,1,0,0,0,0,0,0,0,0,"- ","- ",35.316989898681641,-120.62145233154297,"SAN LUIS OBISPO",UNINCORPORATED,-120.6214599609375,35.316993713378906
91238861,2020,2020-05-18,9740,2020-05-12,0230,015167,,2,3,9,4000,0,3,5,,2,017,"ROCKY CANYON ROAD","ADOBE CANYON ROAD",1056.00,N,N,B,-,N,,,,,,,,,,Y,2,0,1,1,C,-,18,,,N,D,H,A,A,H,-,D,D,0,,,Y,,Y,,-,"- ",1,0,0,0,0,0,0,0,1,"- ","- ",35.487918853759766,-120.63730621337891,"SAN LUIS OBISPO",UNINCORPORATED,-120.63660430908203,35.487651824951172
91246347,2020,2020-06-02,9745,2020-05-29,2022,020168,,5,2,9,4000,0,1,3,,1,045,"OSO FLACO LAKE RD",SR-1,4224.00,W,N,A,-,N,,,,,,,,,,Y,2,0,2,1,A,-,01,23152,A,N,E,I,A,A,H,-,D,D,0,,,,,Y,Y,D,22,1,1,0,0,0,0,0,0,0,"- ","- ",35.014549255371094,-120.58116912841797,"SAN LUIS OBISPO",UNINCORPORATED,-120.58090972900391,35.014549255371094
91257411,2020,2020-06-25,9745,2020-06-21,1330,019400,,7,1,9,4000,0,3,5,,2,002,"TURRI RD","SOUTH BAY BLVD",4224.00,E,N,A,-,N,,,,,,,,,,Y,2,0,2,2,A,-,08,22107,,N,D,C,A,A,H,-,A,D,0,,,Y,,Y,,C,02,1,1,0,0,0,0,0,0,1,"- ","- ",35.330471038818359,-120.81255340576172,"SAN LUIS OBISPO",UNINCORPORATED,-120.81324768066406,35.330642700195312
91258987,2020,2020-06-26,9740,2020-06-20,1035,019259,,6,1,9,4000,0,1,3,,2,007,"W. CENTRE ST.",SR-41,0.00,,Y,A,-,Y,,,,,,,,,,N,2,0,3,2,A,-,03,22350,,N,B,C,A,A,H,-,A,A,0,,,Y,,Y,,C,02,1,1,1,0,0,0,0,0,3,"- ","- ",35.655479431152344,-120.39987945556641,"SAN LUIS OBISPO",UNINCORPORATED,-120.41413879394531,35.661388397216797
91260688,2020,2020-07-01,9750,2020-06-20,1412,017709,,6,2,9,4000,0,1,3,,2,061,SR-166,"TEPUSQUET RD",9504.00,W,N,A,-,Y,,,166,,,,,,,Y,2,0,5,1,A,-,08,22107,,N,E,I,A,A,H,-,A,D,0,,,,,Y,,A,07,2,2,1,0,0,0,0,0,0,"- ","- ",35.02471923828125,-120.23770904541016,"SAN LUIS OBISPO",UNINCORPORATED,-120.23771667480469,35.024673461914062
91266930,2020,2020-07-13,9745,2020-07-09,1435,016849,,4,2,9,4000,0,3,5,,2,001,"OLD CREEK ROAD","SANTA RITA ROAD",768.00,S,N,A,-,N,,,,,,,,,,Y,2,0,1,1,A,-,08,22107,,N,F,A,A,A,H,-,A,D,0,,,Y,,Y,,C,02,1,0,0,0,0,0,0,0,1,"- ","- ",35.470748901367188,-120.85739135742188,"SAN LUIS OBISPO",UNINCORPORATED,-120.85802459716797,35.470481872558594
91267406,2020,2020-07-13,9740,2020-05-31,0645,020710,,7,1,9,4000,0,3,5,,2,019,"RANCHITA CANYON ROAD","CROSS CANYON ROAD",7128.00,N,N,A,-,N,,,,,,,,,,Y,1,1,0,1,A,-,01,23152,G,N,E,I,A,A,H,-,A,D,0,,,,,Y,,A,01,0,0,0,0,0,0,0,0,0,"- ","- ",35.763351440429688,-120.60047912597656,"SAN LUIS OBISPO",UNINCORPORATED,-120.60050964355469,35.762123107910156
91268569,2020,2020-07-14,9745,2020-07-07,1245,016773,,2,1,2,4005,0,1,2,,2,404,"US-101 NORTHBOUND","MATTIE RD",686.00,S,N,A,-,Y,,,101,,,,,,N,Y,2,0,1,2,A,-,07,21658,A,N,B,C,A,A,H,-,A,D,0,,,Y,,Y,,C,02,1,0,0,0,0,0,0,0,1,"- ","- ",35.150588989257812,-120.65281677246094,"SAN LUIS OBISPO","PISMO BEACH",-120.65283203125,35.150547027587891
91268619,2020,2020-07-14,9750,2020-07-10,1421,016469,,5,2,9,4000,0,1,3,,1,063,SR-166,"SPANISH RANCH",12672.00,E,N,A,-,Y,,,166,,,,,,,Y,2,0,1,1,A,-,08,22107,,N,F,A,A,A,H,-,A,D,0,,,,,Y,,A,01,1,0,0,0,0,0,0,0,0,"- ","- ",35.054389953613281,-119.91443634033203,"SAN LUIS OBISPO",UNINCORPORATED,-119.91448211669922,35.054317474365234
9128147,2020,2020-11-04,4002,2020-07-03,1023,459,,5,5,3,4002,0,0,0,,0,,"W GRAND AV","RT 1",0.00,,Y,A,-,Y,SLO,5,1,-,-,14.110,H,-,S,N,2,0,1,2,A,-,12,21453,A,N,D,G,A,A,H,-,A,A,0,,Y,,,Y,,L,04,1,0,0,0,0,0,1,0,0,"- ","- ",,,"SAN LUIS OBISPO","GROVER BEACH",-120.62993621826172,35.122116088867188
91284186,2020,2020-08-11,9745,2020-08-05,0735,016390,,3,1,9,4000,0,2,4,,1,051,"LOS BERROS ROAD","PHELAN RANCH WAY",555.00,E,N,A,-,N,,,,,,,,,,Y,2,0,1,2,A,-,09,21804,A,N,D,C,A,A,H,-,A,D,0,,,Y,,Y,,D,22,1,0,0,0,0,0,0,0,1,"- ","- ",35.085178375244141,-120.55548095703125,"SAN LUIS OBISPO",UNINCORPORATED,-120.55555725097656,35.085224151611328
91299793,2020,2020-09-07,9740,2020-08-23,0315,019648,,7,3,9,4000,0,2,4,,2,012,"NACIEMIENTO LAKE DRIVE","OAK FLAT RD",1056.00,W,N,A,-,N,,,,,,,,,,Y,2,0,1,1,A,-,08,22107,,N,E,J,A,A,H,-,D,D,0,,,,,Y,,D,22,1,0,0,0,0,0,0,0,0,"- ","- ",35.668350219726562,-120.72550201416016,"SAN LUIS OBISPO",UNINCORPORATED,-120.74617004394531,35.679550170898438
91307265,2020,2020-09-18,9740,2020-07-05,1400,019700,,7,2,4,4008,0,1,2,,2,002,"US-101 NORTHBOUND","DEL RIO ROAD",59.00,N,N,A,-,Y,,,101,,,,,,N,Y,1,1,3,1,A,-,08,22107,,N,F,A,A,A,H,-,A,D,0,,,,,Y,,A,07,0,3,0,0,0,0,0,0,0,"- ","- ",35.513431549072266,-120.69937896728516,"SAN LUIS OBISPO",ATASCADERO,-120.69944000244141,35.513385772705078