CASE_ID,ACCIDENT_YEAR,PROC_DATE,JURIS,COLLISION_DATE,COLLISION_TIME,OFFICER_ID,REPORTING_DISTRICT,DAY_OF_WEEK,CHP_SHIFT,POPULATION,CNTY_CITY_LOC,SPECIAL_COND,BEAT_TYPE,CHP_BEAT_TYPE,CITY_DIVISION_LAPD,CHP_BEAT_CLASS,BEAT_NUMBER,PRIMARY_RD,SECONDARY_RD,DISTANCE,DIRECTION,INTERSECTION,WEATHER_1,WEATHER_2,STATE_HWY_IND,CALTRANS_COUNTY,CALTRANS_DISTRICT,STATE_ROUTE,ROUTE_SUFFIX,POSTMILE_PREFIX,POSTMILE,LOCATION_TYPE,RAMP_INTERSECTION,SIDE_OF_HWY,TOW_AWAY,COLLISION_SEVERITY,NUMBER_KILLED,NUMBER_INJURED,PARTY_COUNT,PRIMARY_COLL_FACTOR,PCF_CODE_OF_VIOL,PCF_VIOL_CATEGORY,PCF_VIOLATION,PCF_VIOL_SUBSECTION,HIT_AND_RUN,TYPE_OF_COLLISION,MVIW,PED_ACTION,ROAD_SURFACE,ROAD_COND_1,ROAD_COND_2,LIGHTING,CONTROL_DEVICE,CHP_ROAD_TYPE,PEDESTRIAN_ACCIDENT,BICYCLE_ACCIDENT,MOTORCYCLE_ACCIDENT,TRUCK_ACCIDENT,NOT_PRIVATE_PROPERTY,ALCOHOL_INVOLVED,STWD_VEHTYPE_AT_FAULT,CHP_VEHTYPE_AT_FAULT,COUNT_SEVERE_INJ,COUNT_VISIBLE_INJ,COUNT_COMPLAINT_PAIN,COUNT_PED_KILLED,COUNT_PED_INJURED,COUNT_BICYCLIST_KILLED,COUNT_BICYCLIST_INJURED,COUNT_MC_KILLED,COUNT_MC_INJURED,PRIMARY_RAMP,SECONDARY_RAMP,LATITUDE,LONGITUDE,COUNTY,CITY,POINT_X,POINT_Y
91319283,2020,2020-10-07,9745,2020-09-26,2320,020417,,6,3,9,4000,0,2,4,,1,052,"THOMPSON AVE.","POAGUE RD.",531.00,N,N,B,-,N,,,,,,,,,,Y,2,0,2,2,A,-,03,22350,,F,C,C,A,A,H,-,D,D,0,,,,,Y,,A,07,1,1,0,0,0,0,0,0,0,"- ","- ",35.01824951171875,-120.45229339599609,"SAN LUIS OBISPO",UNINCORPORATED,-120.45230865478516,35.018150329589844
91320764,2020,2020-10-09,9740,2020-10-04,1945,019486,,7,2,9,4000,0,3,5,,2,017,"EL CAMINO REAL","PINE AVE",235.00,S,N,A,-,N,,,,,,,,,,Y,2,0,1,2,A,-,05,21460,A,N,D,C,A,A,H,-,D,D,0,,,,,Y,,D,22,1,0,0,0,0,0,0,0,0,"- ","- ",35.41748046875,-120.60443115234375,"SAN LUIS OBISPO",UNINCORPORATED,-120.60434722900391,35.417625427246094
91354786,2020,2020-11-30,9740,2020-04-25,1920,019700,,6,2,9,4000,0,1,3,,2,008,SR-46,"GRUENHAGEN FLAT ROAD",5280.00,W,N,A,-,Y,,,46,,,,,,,Y,1,1,1,1,A,-,01,23152,G,N,F,A,A,A,H,-,A,D,0,,,,,Y,Y,A,01,1,0,0,0,0,0,0,0,0,"- ","- ",35.659358978271484,-120.48516082763672,"SAN LUIS OBISPO",UNINCORPORATED,-120.48516082763672,35.659065246582031
91354809,2020,2020-11-30,9740,2020-10-29,1424,019648,,4,2,3,4004,0,1,2,,2,003,"US-101 NORTHBOUND","NIBLICK ROAD",2640.00,S,N,A,-,Y,,,101,,,,,,N,Y,1,1,0,2,C,-,18,,,N,E,C,A,A,H,-,A,D,0,,,,,Y,,-,"- ",0,0,0,0,0,0,0,0,0,"- ","- ",35.605491638183594,-120.6922607421875,"SAN LUIS OBISPO","PASO ROBLES",-120.69226837158203,35.605491638183594
91356611,2020,2020-12-01,9745,2020-11-08,1708,017061,,7,2,9,4000,0,2,4,,1,025,"LOS OSOS VALLEY RD","FOOTHILL BLVD",6864.00,W,N,G,-,N,,,,,,,,,,Y,2,0,3,2,A,-,01,23152,A,N,A,C,A,A,H,-,B,D,0,,,,,Y,Y,A,01,2,1,0,0,0,0,0,0,0,"- ","- ",35.285079956054688,-120.73432159423828,"SAN LUIS OBISPO",UNINCORPORATED,-120.73255920410156,35.284397125244141
91367683,2020,2020-12-15,9740,2020-12-09,2050,021275,,3,2,4,4008,0,1,2,,2,002,"US-101 NORTHBOUND",SR-41,579.00,N,N,A,-,Y,,,101,,,,,,N,Y,2,0,1,1,A,-,01,23152,A,N,E,I,A,A,H,-,D,D,0,,,,,Y,Y,A,01,1,0,0,0,0,0,0,0,0,"- ","- ",35.486438751220703,-120.66700744628906,"SAN LUIS OBISPO",ATASCADERO,-120.66698455810547,35.486488342285156
9138910,2020,2020-10-14,4004,2020-07-27,1506,1349,,1,5,3,4004,0,0,0,,0,,"24TH ST","MOUNTAIN SPRINGS RD",0.00,,Y,A,-,N,,,,,,,,,,Y,2,0,2,2,A,-,01,23152,F,F,A,C,A,A,H,-,A,D,0,,,,,Y,,A,01,1,0,1,0,0,0,0,0,0,"- ","- ",35.640010833740234,-120.69876098632812,"SAN LUIS OBISPO","PASO ROBLES",-120.69870758056641,35.639980316162109
91393507,2021,2021-01-25,9740,2021-01-15,2357,019648,,5,3,9,4000,0,2,4,,2,012,"NACIMIENTO LAKE DR","FRAZIER RD",3168.00,W,N,A,-,N,,,,,,,,,,Y,2,0,1,1,A,-,08,22107,,N,E,I,A,A,H,-,D,D,0,,,,,Y,,D,22,1,0,0,0,0,0,0,0,0,"- ","- ",35.710838317871094,-120.83274841308594,"SAN LUIS OBISPO",UNINCORPORATED,-120.83197021484375,35.711147308349609
91404172,2021,2021-02-08,9745,2021-02-04,1835,018454,,4,2,9,4000,0,1,3,,1,043,SR-1,"RANDY LANE",0.00,,Y,A,-,Y,,,1,,,,,,,Y,2,0,2,2,A,-,09,21804,A,N,D,C,A,A,H,-,D,D,0,,,,,Y,Y,A,01,1,0,1,0,0,0,0,0,0,"- ","- ",35.063259124755859,-120.59721374511719,"SAN LUIS OBISPO",UNINCORPORATED,-120.59725952148438,35.063274383544922
91418168,2021,2021-03-01,9740,2021-02-18,1015,017283,,4,1,9,4000,0,1,3,,2,010,SR-41,SR-46,15312.00,N,N,A,-,Y,,,,,,,,,,Y,2,0,3,2,A,-,05,21460,A,N,A,C,A,A,D,-,A,A,0,,,,,Y,,A,01,3,0,0,0,0,0,0,0,0,"- ","- ",35.445499420166016,-120.16899871826172,"SAN LUIS OBISPO",UNINCORPORATED,-120.31739807128906,35.706283569335938
91418288,2021,2021-03-01,9745,2021-02-06,1120,017968,,6,1,9,4000,0,3,5,,2,004,"VIA CONCHA ROAD","EUCALYPTUS ROAD",257.00,S,N,A,-,N,,,,,,,,,,N,2,0,1,1,A,-,17,21712,A,N,H,A,A,A,H,-,A,D,0,,,,,Y,,A,01,1,0,0,0,0,0,0,0,0,"- ","- ",35.027671813964844,-120.55735778808594,"SAN LUIS OBISPO",UNINCORPORATED,-120.55725860595703,35.027679443359375
91450151,2021,2021-05-19,9740,2021-04-05,1858,018988,,1,2,9,4000,0,1,3,,2,005,SR-58,"ESTRADA AVE",120.00,W,N,A,-,Y,,,58,,,,,,,Y,2,0,1,1,A,-,01,23152,F,N,E,I,A,A,H,-,B,D,0,,,,,Y,,A,07,1,0,0,0,0,0,0,0,0,"- ","- ",35.393718719482422,-120.60532379150391,"SAN LUIS OBISPO",UNINCORPORATED,-120.60495758056641,35.393444061279297
9145125,2020,2020-10-12,4006,2020-08-07,2256,98539,,5,5,4,4006,0,0,0,,0,,MONTEREY,"SANTA ROSA",0.00,,Y,A,-,N,,,,,,,,,,N,2,0,2,2,A,-,12,21453,A,N,D,G,A,A,H,-,C,A,0,,Y,,,Y,,L,04,1,1,0,0,0,0,1,0,0,"- ","- ",35.282600402832031,-120.65997314453125,"SAN LUIS OBISPO","SAN LUIS OBISPO",-120.65995788574219,35.282600402832031
9146016,2020,2020-09-30,4006,2020-07-25,2026,98539,,6,5,4,4006,0,0,0,,0,,JOHNSON,LAUREL,0.00,,Y,A,-,N,,,,,,,,,,Y,2,0,2,2,A,-,09,21801,A,N,D,C,A,A,H,-,C,A,0,,,,,Y,,-,,1,1,0,0,0,0,0,0,0,"- ","- ",35.268341064453125,-120.63839721679688,"SAN LUIS OBISPO","SAN LUIS OBISPO",-120.63838958740234,35.268348693847656
91466209,2021,2021-05-05,9740,2021-04-25,2500,019259,,7,4,9,4000,0,1,2,,2,004,"US-101 SOUTHBOUND","MISSION ST",1056.00,S,N,B,-,Y,,,101,,,,,,S,Y,2,0,1,1,A,-,01,23152,A,N,E,I,A,A,H,-,D,D,0,,,,,Y,Y,D,22,1,0,0,0,0,0,0,0,0,"- ","- ",35.768119812011719,-120.70371246337891,"SAN LUIS OBISPO",UNINCORPORATED,-120.7037353515625,35.768093109130859
91469836,2021,2021-05-11,9745,2021-05-01,2049,020226,,6,2,9,4000,0,1,3,,1,045,"STATE ROUTE 1","OSO FLACO LAKE ROAD",2851.00,S,N,A,-,Y,,,1,,,,,,,Y,2,0,1,2,A,-,01,23152,A,N,B,C,A,A,H,-,D,D,0,,,Y,Y,Y,Y,C,02,1,0,0,0,0,0,0,0,1,"- ","- ",35.002048492431641,-120.57054138183594,"SAN LUIS OBISPO",UNINCORPORATED,-120.57052612304688,35.002048492431641
91470610,2021,2021-05-12,9740,2021-05-04,1535,018988,,2,2,4,4008,0,1,2,,2,002,"US-101 NORTHBOUND","DEL RIO RD",1056.00,N,N,A,-,Y,,,101,,,,,,N,Y,2,0,1,2,A,-,03,22350,,F,C,C,A,A,H,-,A,D,0,,,,,Y,Y,A,01,1,0,0,0,0,0,0,0,0,"- ","- ",35.515689849853516,-120.7010498046875,"SAN LUIS OBISPO",ATASCADERO,-120.70104217529297,35.515693664550781
91486474,2021,2021-06-01,9745,2021-03-27,2310,018454,,6,3,9,4000,0,1,2,,2,505,"US-101 NORTHBOUND","TEFFT STREET",737.00,S,N,A,-,Y,,,101,,,,,,N,Y,1,1,3,2,A,-,01,23152,A,F,A,C,A,A,H,-,C,D,0,,,,,Y,Y,A,07,2,1,0,0,0,0,0,0,0,"- ","- ",35.034679412841797,-120.482177734375,"SAN LUIS OBISPO",UNINCORPORATED,-120.48215484619141,35.034709930419922
91486807,2021,2021-06-01,9745,2021-05-23,1240,017541,,7,1,9,4000,0,2,4,,1,055,"TEFFT STREET","HAZEL LN",0.00,,Y,A,-,N,,,,,,,,,,Y,2,0,2,2,A,-,12,22450,A,N,D,C,A,A,H,-,A,A,0,,,,,Y,,D,22,1,1,0,0,0,0,0,0,0,"- ","- ",35.024028778076172,-120.49878692626953,"SAN LUIS OBISPO",UNINCORPORATED,-120.49888610839844,35.023914337158203
91493044,2021,2021-06-09,9740,2021-05-30,2310,019259,,7,3,9,4000,0,1,2,,2,004,"US-101 SOUTHBOUND","EXLINE RD",0.00,,Y,A,-,Y,,,101,,,,,,S,Y,2,0,4,2,A,-,09,21801,A,N,D,C,A,A,H,-,D,A,0,,,,,Y,,A,07,2,1,1,0,0,0,0,0,0,"- ","- ",35.682651519775391,-120.69699096679688,"SAN LUIS OBISPO",UNINCORPORATED,-120.69699096679688,35.682651519775391
91496433,2021,2021-06-14,9740,2021-06-11,1750,021275,,5,2,9,4000,0,1,3,,2,005,SR-58,"PARKHILL RD",1000.00,E,N,A,-,Y,,,58,,,,,,,Y,2,0,2,1,A,-,01,23152,A,N,E,I,A,A,H,-,A,D,0,,,,,Y,Y,A,07,1,1,0,0,0,0,0,0,0,"- ","- ",35.414020538330078,-120.55818939208984,"SAN LUIS OBISPO",UNINCORPORATED,-120.55818939208984,35.413974761962891
91496632,2021,2021-06-14,9740,2021-06-07,1540,020302,,1,2,9,4000,0,3,5,,2,017,"MAIN ST","5TH ST",0.00,,Y,A,-,N,,,,,,,,,,Y,2,0,1,2,A,-,01,23152,A,N,D,C,A,A,H,-,A,D,0,,,Y,,Y,Y,C,02,1,0,0,0,0,0,0,0,1,"- ","- ",35.548969268798828,-120.70565795898438,"SAN LUIS OBISPO",UNINCORPORATED,-120.70564270019531,35.548992156982422
91501463,2021,2021-06-21,9740,2021-06-09,1327,017498,,3,1,3,4004,0,1,2,,2,003,"US-101 NORTHBOUND","NIBLICK RD",4752.00,S,N,A,-,Y,,,101,,,,,,N,Y,2,0,1,1,A,-,01,23152,A,N,F,A,A,A,H,-,A,D,0,,,,,Y,Y,A,01,1,0,0,0,0,0,0,0,0,"- ","- ",35.601421356201172,-120.69277954101562,"SAN LUIS OBISPO","PASO ROBLES",-120.69265747070312,35.601371765136719
91501747,2021,2021-06-21,9740,2021-06-12,1938,021275,,6,2,9,4000,0,3,5,,2,017,"TEMPLETON RD","BLUE BIRD HILL LN",630.00,S,N,A,-,N,,,,,,,,,,Y,2,0,1,1,A,-,01,23152,A,N,F,A,A,A,H,-,A,D,0,,,,,Y,Y,D,22,1,0,0,0,0,0,0,0,0,"- ","- ",35.513710021972656,-120.65422821044922,"SAN LUIS OBISPO",UNINCORPORATED,-120.65420532226562,35.513713836669922
91538555,2021,2021-08-06,9745,2021-07-28,1805,017097,,3,2,9,4000,0,2,S,,2,054,"LOPEZ DR","GRIEB RANCH WAY",634.00,W,N,A,-,N,,,,,,,,,,Y,2,0,1,1,A,-,03,22350,,N,E,I,A,A,H,-,A,D,0,,,Y,,Y,,C,02,1,0,0,0,0,0,0,0,1,"- ","- ",35.183948516845703,-120.50179290771484,"SAN LUIS OBISPO",UNINCORPORATED,-120.50182342529297,35.184032440185547
91549201,2021,2021-08-19,9745,2021-08-10,0655,016773,,2,1,9,4000,0,1,3,,1,011,"SR-41 NORTHBOUND","BEAR RIDGE RD",1584.00,S,N,B,-,Y,,,41,,,,,,N,Y,2,0,1,1,A,-,08,22107,,N,E,I,A,A,H,-,A,D,0,,,,,Y,,D,22,1,0,0,0,0,0,0,0,0,"- ","- ",35.423538208007812,-120.78640747070312,"SAN LUIS OBISPO",UNINCORPORATED,-120.78642272949219,35.423606872558594
9155276,2020,2020-11-20,4004,2020-09-06,1122,1373,,7,5,3,4004,0,0,0,,0,,"SPRING ST","6TH ST",206.00,S,N,A,-,N,,,,,,,,,,Y,2,0,1,2,A,-,01,23152,F,N,A,E,A,A,H,-,A,D,0,,,,,Y,,A,07,1,0,0,0,0,0,0,0,0,"- ","- ",35.620151519775391,-120.39096069335938,"SAN LUIS OBISPO","PASO ROBLES",-120.69082641601562,35.619895935058594
91567581,2021,2021-09-10,9740,2021-07-31,2350,020710,,6,3,9,4000,0,1,3,,2,008,SR-46,"CHOLAME CREEK BRIDGE",392.00,W,N,A,-,Y,,,46,,,,,,,Y,1,1,2,2,A,-,01,23152,G,N,A,C,A,A,H,-,D,D,0,,,,,Y,Y,D,22,0,2,0,0,0,0,0,0,0,"- ","- ",35.732421875,-120.29135894775391,"SAN LUIS OBISPO",UNINCORPORATED,-120.29136657714844,35.732425689697266
91570259,2021,2021-09-14,9740,2021-09-04,1515,017952,,6,2,9,4000,0,3,5,,2,024,"SANTA ROSA CREEK RD.","CURTI CREEK RD.",7392.00,S,N,A,-,N,,,,,,,,,,N,2,0,1,1,A,-,08,22107,,N,F,A,A,A,H,-,A,D,0,,Y,,,Y,,L,04,1,0,0,0,0,0,1,0,0,"- ","- ",35.574710845947266,-120.98446655273438,"SAN LUIS OBISPO",UNINCORPORATED,-120.98486328125,35.575206756591797
91583022,2021,2021-09-29,9740,2021-09-20,0540,017283,,1,3,9,4000,0,1,3,,2,008,SR-46E,"JARDINE RD.",0.00,,Y,A,-,Y,,,,,,,,,,Y,2,0,1,2,A,-,09,21802,A,N,D,C,A,A,H,-,C,A,0,,,,Y,Y,,G,25,1,0,0,0,0,0,0,0,0,"- ","- ",35.689449310302734,-120.60225677490234,"SAN LUIS OBISPO",UNINCORPORATED,,
91586997,2021,2021-10-04,9745,2021-09-20,1925,017061,,1,2,9,4000,0,2,4,,1,025,"LOS OSOS VALLEY ROAD","TURRI ROAD",528.00,W,N,A,-,N,,,,,,,,,,Y,2,0,1,1,A,-,01,23152,A,M,E,I,A,A,H,-,D,D,0,,,,,Y,Y,A,07,1,0,0,0,0,0,0,0,0,"- ","- ",35.299339294433594,-120.77922821044922,"SAN LUIS OBISPO",UNINCORPORATED,-120.77834320068359,35.299636840820312
9162390,2020,2020-11-24,4006,2020-09-14,1041,62657,,1,5,4,4006,0,0,0,,0,,"JOHN WY","LA VINEDA CT",0.00,,Y,A,-,N,,,,,,,,,,N,2,0,1,2,A,-,03,22350,,N,B,C,A,A,H,-,A,A,0,,,Y,,Y,,A,07,1,0,0,0,0,0,0,0,1,"- ","- ",35.270648956298828,-120.64311981201172,"SAN LUIS OBISPO","SAN LUIS OBISPO",,
91624957,2021,2021-11-15,9745,2021-11-06,1430,020417,,6,2,9,4000,0,1,3,,1,011,SR-41,"CERRO ALTO RD.",2640.00,N,N,B,-,Y,,,41,,,,,,,Y,2,0,1,1,A,-,08,22107,,N,E,I,A,A,H,-,A,D,0,,,,,Y,,A,01,1,0,0,0,0,0,0,0,0,"- ","- ",35.435020446777344,-120.75184631347656,"SAN LUIS OBISPO",UNINCORPORATED,-120.751953125,35.434986114501953
91625890,2021,2021-11-16,9745,2021-09-21,0045,020417,,2,3,9,4000,0,1,2,,2,303,"US101 NORTHBOUND","AVILA BEACH DRIVE",176.00,S,N,B,-,Y,,,101,,,,,,N,Y,1,1,1,1,A,-,08,22107,,N,E,8,A,A,H,-,C,D,0,,,,,Y,,A,01,1,0,0,0,0,0,0,0,0,"- ","- ",35.179290771484375,-120.69872283935547,"SAN LUIS OBISPO",UNINCORPORATED,-120.69879150390625,35.179225921630859
91649131,2021,2021-12-10,9745,2021-12-08,1255,016390,,3,1,9,4000,0,1,3,,1,043,SR-1,"GRACIA WAY",600.00,S,N,A,-,Y,,,1,,,,,,,Y,2,0,1,1,C,-,18,,,N,E,I,A,A,H,-,A,D,0,,,Y,,Y,,-,"- ",1,0,0,0,0,0,0,0,1,"- ","- ",35.092121124267578,-120.58236694335938,"SAN LUIS OBISPO",UNINCORPORATED,-120.58235931396484,35.092121124267578
91665474,2021,2021-12-29,9745,2021-12-27,0848,016390,,1,1,3,4001,0,1,2,,2,402,"US-101 N/B","OAK PARK BLVD.",200.00,S,N,C,-,Y,,,101,,,,,,N,Y,2,0,1,1,A,-,03,22350,,N,E,I,A,B,H,-,A,D,0,,,,,Y,,A,07,1,0,0,0,0,0,0,0,0,"- ","- ",35.130088806152344,-120.60491943359375,"SAN LUIS OBISPO","ARROYO GRANDE",-120.60496520996094,35.129875183105469
91680175,2022,2022-01-18,9745,2022-01-10,2055,017817,,1,2,9,4000,0,3,5,,2,005,"SUEY CREEK RD.",SR-166,120.00,N,N,A,-,N,,,,,,,,,,Y,2,0,1,1,A,-,08,22107,,N,E,I,A,D,H,-,D,D,0,,,,,Y,,A,01,1,0,0,0,0,0,0,0,0,"- ","- ",35.003349304199219,-120.36048889160156,"SAN LUIS OBISPO",UNINCORPORATED,-120.36057281494141,35.00335693359375
91701198,2022,2022-02-15,9740,2022-02-09,1300,017498,,3,1,4,4008,0,1,2,,2,001,"US-101 SOUTHBOUND","SANTA ROSA RD.",1584.00,S,N,A,-,Y,SLO,,101,,,43.771,H,,L,Y,2,0,2,1,A,-,08,22107,,N,E,I,A,A,H,-,A,D,0,,,,,Y,,D,22,1,1,0,0,0,0,0,0,0,"- ","- ",35.462928771972656,-120.64924621582031,"SAN LUIS OBISPO",ATASCADERO,-120.649169921875,35.462974548339844
91702406,2022,2022-02-16,9740,2022-02-11,2020,020057,,5,2,9,4000,0,1,2,,2,004,"US-101 SOUTHBOUND","SAN MARCOS RD.",620.00,S,N,A,-,Y,SLO,,101,,,63.622,H,,L,Y,2,0,3,2,A,-,01,23152,A,N,C,2,A,A,H,-,D,D,0,,,,,Y,Y,A,01,1,1,1,0,0,0,0,0,0,"- ","- ",35.720378875732422,-120.69722747802734,"SAN LUIS OBISPO",UNINCORPORATED,-120.69725799560547,35.720371246337891
91703663,2022,2022-02-17,9740,2022-02-12,1950,020057,,6,2,9,4000,0,1,3,,2,008,"STATE ROUTE 46 EAST (SR-46E) WESTBOUND","ALMOND DR.",0.00,,Y,A,-,Y,SLO,,46,,,40.625,H,,L,Y,2,0,6,2,A,-,09,21802,A,N,D,C,A,A,H,-,D,A,0,,,,,Y,,A,07,6,0,0,0,0,0,0,0,0,"- ","- ",35.658950805664062,-120.49954223632812,"SAN LUIS OBISPO",UNINCORPORATED,-120.49954223632812,35.658969879150391
91708136,2022,2022-02-24,9745,2022-02-20,1225,020689,,7,1,9,4000,0,1,3,,1,040,SR-227,"MONTECITO RIDGE DR.",1056.00,N,N,A,-,Y,SLO,,227,,,3.655,H,,R,Y,2,0,2,2,A,-,08,22107,,N,A,C,A,A,H,-,A,D,0,,,,,Y,,A,01,1,1,0,0,0,0,0,0,0,"- ","- ",35.162269592285156,-120.57788848876953,"SAN LUIS OBISPO",UNINCORPORATED,-120.57794189453125,35.162281036376953
91729757,2022,2022-03-23,9740,2022-03-18,0935,019486,,5,1,9,4000,0,1,3,,2,008,"SR-46 E/B","UNION RD.",0.00,,Y,A,-,Y,SLO,,46,,,38.609,H,,R,Y,2,0,3,2,A,-,09,21802,A,N,D,2,A,A,C,D,A,A,0,,,,,Y,,A,01,2,0,1,0,0,0,0,0,0,"- ","- ",35.655410766601562,-120.53388977050781,"SAN LUIS OBISPO",UNINCORPORATED,-120.53391265869141,35.655357360839844
91756101,2022,2022-04-25,9740,2022-04-23,1515,020057,,6,2,9,4000,0,1,3,,2,010,SR-41,SR-46E,19536.00,N,N,A,-,Y,SLO,,41,,,47.546,H,,R,N,2,0,1,1,A,-,08,22107,,N,F,A,A,A,H,-,A,D,0,,,Y,,Y,,C,02,1,0,0,0,0,0,0,0,1,"- ","- ",35.771530151367188,-120.23874664306641,"SAN LUIS OBISPO",UNINCORPORATED,-120.23874664306641,35.771514892578125
91774298,2022,2022-05-17,9750,2022-05-08,0205,016469,,7,3,9,4000,0,1,3,,2,061,SR-166,"SUEY CREEK RD",11616.00,E,N,A,-,Y,SLO,,166,,,15.708,H,,R,Y,2,0,4,1,A,-,08,22107,,N,E,I,A,A,H,-,D,D,0,,,,,Y,Y,A,01,2,2,0,0,0,0,0,0,0,"- ","- ",35.016429901123047,-120.33438110351562,"SAN LUIS OBISPO",UNINCORPORATED,-120.33436584472656,35.016456604003906
91785370,2022,2022-05-31,9740,2022-05-21,1914,020841,,6,2,4,4008,0,1,2,,2,002,"US-101 NORTHBOUND","SAN ANSELMO RD.",2112.00,S,N,A,-,Y,SLO,,101,,,46.494,H,,R,Y,2,0,1,1,A,-,08,22107,,N,E,8,A,A,H,-,A,D,0,,,,,Y,,A,07,1,0,0,0,0,0,0,0,0,"- ","- ",35.493461608886719,-120.6781005859375,"SAN LUIS OBISPO",ATASCADERO,-120.67791748046875,35.493640899658203
91799042,2022,2022-06-20,9740,2022-06-11,0115,021275,,6,3,9,4000,0,1,3,,2,005,SR-58,"LA PANZA RD.",5280.00,E,N,A,-,Y,SLO,,58,,,19.365,H,,R,Y,2,0,1,1,A,-,01,23152,G,N,E,I,A,A,H,-,D,D,0,,,,,Y,Y,A,01,1,0,0,0,0,0,0,0,0,"- ","- ",35.463100433349609,-120.36251068115234,"SAN LUIS OBISPO",UNINCORPORATED,-120.36256408691406,35.462947845458984
91804223,2022,2022-06-27,9740,2022-06-25,0714,019700,,6,1,4,4008,0,1,2,,2,001,"US-101 NORTHBOUND","SANTA ROSA RD.",2112.00,N,N,A,-,Y,SLO,,101,,,44.389,H,,R,Y,2,0,1,1,A,-,08,22107,,N,F,0,A,A,H,-,A,A,0,,,,,Y,,D,22,1,0,0,0,0,0,0,0,0,"- ","- ",35.470619201660156,-120.65492248535156,"SAN LUIS OBISPO",ATASCADERO,-120.65488433837891,35.470638275146484
91819135,2022,2022-07-18,9740,2022-04-16,1959,020841,,6,2,4,4008,0,1,2,,2,001,"US-101 NORTHBOUND","SANTA BARBARA ROAD",1162.00,S,N,A,-,Y,SLO,,101,,,42.051,H,,R,Y,1,2,4,2,A,-,01,23152,A,N,C,E,A,A,H,-,C,D,0,,,,,Y,Y,A,07,2,1,1,0,0,0,0,0,0,"- ","- ",35.440441131591797,-120.63767242431641,"SAN LUIS OBISPO",ATASCADERO,-120.63774108886719,35.440433502197266
91820545,2022,2022-07-19,9745,2022-06-30,1908,020841,,4,2,2,4005,0,1,S,,2,904,"US-101 SOUTHBOUND","MATTIE RD.",1637.00,N,N,A,-,Y,SLO,,101,,,18.027,H,,L,Y,2,0,5,2,A,-,01,23152,A,N,C,2,A,A,H,-,A,D,0,,,,,Y,Y,D,22,3,2,0,0,0,0,0,0,0,"- ","- ",35.152511596679688,-120.65897369384766,"SAN LUIS OBISPO","PISMO BEACH",-120.65904998779297,35.15240478515625
91821261,2022,2022-07-20,9745,2022-07-11,1955,020391,,1,2,9,4000,0,3,5,,2,004,"HI MOUNTAIN RD","SAUCELITO CREEK RD",825.00,E,N,A,-,N,,,,,,,,,,Y,2,0,1,2,A,-,03,22350,,N,B,C,A,A,H,-,B,D,0,,,Y,,Y,,C,02,1,0,0,0,0,0,0,0,1,"- ","- ",35.20635986328125,-120.418701171875,"SAN LUIS OBISPO",UNINCORPORATED,-120.41899108886719,35.206363677978516
91823033,2022,2022-07-22,9750,2022-07-12,1635,020549,,2,2,4,4006,0,1,3,,2,061,SR-166,"BULL CANYON RD",20.00,N,N,A,-,N,,,,,,,,,,Y,2,0,2,2,A,-,01,23152,A,N,D,C,A,A,H,-,A,A,0,,,,,Y,Y,A,01,1,1,0,0,0,0,0,0,0,"- ","- ",34.997650146484375,-120.38008117675781,"SAN LUIS OBISPO","SAN LUIS OBISPO",-120.38020324707031,34.997692108154297
91842868,2022,2022-08-17,9740,2022-08-07,1345,021275,,7,1,9,4000,0,3,5,,2,022,"ADELAIDA RD.","HIDDEN MOUNTAIN RD.",260.00,E,N,A,-,N,,,,,,,,,,Y,2,0,1,1,A,-,08,22107,,N,F,A,A,A,H,-,A,D,0,,,Y,,Y,,C,02,1,0,0,0,0,0,0,0,1,"- ","- ",35.648818969726562,-120.78276062011719,"SAN LUIS OBISPO",UNINCORPORATED,-120.78288269042969,35.648830413818359
91882782,2022,2022-11-09,9740,2022-09-24,1230,019486,,6,1,9,4000,0,3,5,,2,021,"SANTA RITA RD.","HIGH LAUREL LN.",792.00,W,N,A,-,N,,,,,,,,,,N,2,0,1,2,A,-,03,22350,,N,F,A,A,A,H,-,A,D,0,,Y,,,Y,,L,04,1,0,0,0,0,0,1,0,0,"- ","- ",35.511821746826172,-120.80265808105469,"SAN LUIS OBISPO",UNINCORPORATED,-120.80302429199219,35.515560150146484
91928897,2022,2023-01-17,9740,2022-11-18,1923,020894,,5,2,9,4000,0,1,2,,2,001,"US-101 NORTHBOUND","SANTA BARBARA RD.",4224.00,S,N,A,-,Y,SLO,,101,,,41.540,H,,R,Y,2,0,1,1,A,-,08,22107,,N,E,I,A,A,H,-,D,D,0,,,,,Y,,A,01,1,0,0,0,0,0,0,0,0,"- ","- ",35.433139801025391,-120.63625335693359,"SAN LUIS OBISPO",UNINCORPORATED,-120.63636779785156,35.433109283447266