CASE_ID,ACCIDENT_YEAR,PROC_DATE,JURIS,COLLISION_DATE,COLLISION_TIME,OFFICER_ID,REPORTING_DISTRICT,DAY_OF_WEEK,CHP_SHIFT,POPULATION,CNTY_CITY_LOC,SPECIAL_COND,BEAT_TYPE,CHP_BEAT_TYPE,CITY_DIVISION_LAPD,CHP_BEAT_CLASS,BEAT_NUMBER,PRIMARY_RD,SECONDARY_RD,DISTANCE,DIRECTION,INTERSECTION,WEATHER_1,WEATHER_2,STATE_HWY_IND,CALTRANS_COUNTY,CALTRANS_DISTRICT,STATE_ROUTE,ROUTE_SUFFIX,POSTMILE_PREFIX,POSTMILE,LOCATION_TYPE,RAMP_INTERSECTION,SIDE_OF_HWY,TOW_AWAY,COLLISION_SEVERITY,NUMBER_KILLED,NUMBER_INJURED,PARTY_COUNT,PRIMARY_COLL_FACTOR,PCF_CODE_OF_VIOL,PCF_VIOL_CATEGORY,PCF_VIOLATION,PCF_VIOL_SUBSECTION,HIT_AND_RUN,TYPE_OF_COLLISION,MVIW,PED_ACTION,ROAD_SURFACE,ROAD_COND_1,ROAD_COND_2,LIGHTING,CONTROL_DEVICE,CHP_ROAD_TYPE,PEDESTRIAN_ACCIDENT,BICYCLE_ACCIDENT,MOTORCYCLE_ACCIDENT,TRUCK_ACCIDENT,NOT_PRIVATE_PROPERTY,ALCOHOL_INVOLVED,STWD_VEHTYPE_AT_FAULT,CHP_VEHTYPE_AT_FAULT,COUNT_SEVERE_INJ,COUNT_VISIBLE_INJ,COUNT_COMPLAINT_PAIN,COUNT_PED_KILLED,COUNT_PED_INJURED,COUNT_BICYCLIST_KILLED,COUNT_BICYCLIST_INJURED,COUNT_MC_KILLED,COUNT_MC_INJURED,PRIMARY_RAMP,SECONDARY_RAMP,LATITUDE,LONGITUDE,COUNTY,CITY,POINT_X,POINT_Y
91940716,2022,2022-12-13,9740,2022-12-10,0230,021275,,6,3,9,4000,0,1,2,,2,001,"SR-58 WESTBOUND ONTO US-101 NORTHBOUND",SR-58,240.00,N,N,B,C,Y,SLO,,101,,,37.908,H,,R,Y,2,0,3,1,A,-,01,23152,A,N,E,I,A,B,H,-,D,D,0,,,,,Y,Y,A,01,1,1,1,0,0,0,0,0,0,"- ","- ",35.3837890625,-120.62979125976562,"SAN LUIS OBISPO",UNINCORPORATED,-120.62975311279297,35.383769989013672
91942454,2022,2022-12-14,9740,2022-12-03,1728,017952,,6,2,9,4000,0,3,5,,2,017,"SANTA CLARA RD.","CARMEL RD.",320.00,W,N,B,C,N,,,,,,,,,,Y,2,0,1,1,A,-,01,23152,A,N,F,A,A,B,H,-,D,D,0,,,Y,,Y,Y,C,02,1,0,0,0,0,0,0,0,1,"- ","- ",35.440921783447266,-120.61827850341797,"SAN LUIS OBISPO",UNINCORPORATED,-120.61814117431641,35.440902709960938
91951390,2022,2022-12-23,9740,2022-12-13,1310,019259,,2,1,9,4000,0,3,5,,2,022,"WILLOW CREEK ROAD","LAS TABLAS WILLOW CRK RD",1056.00,N,N,A,-,N,,,,,,,,,,Y,2,0,1,1,A,-,08,22107,,N,E,I,A,A,H,-,A,D,0,,,Y,,Y,,C,02,1,0,0,0,0,0,0,0,1,"- ","- ",35.577869415283203,-120.78014373779297,"SAN LUIS OBISPO",UNINCORPORATED,-120.78001403808594,35.577762603759766
91957801,2022,2023-01-02,9750,2022-12-23,0230,020765,,5,3,9,4000,0,1,3,,1,063,"SR-166 (CUYAMA HIGHWAY)","CHIMINEAS RANCH RD",11616.00,W,N,E,-,Y,SLO,,166,,,42.267,H,,R,Y,2,0,1,1,A,-,08,22107,,N,E,8,A,B,H,-,D,D,0,,,,,Y,,A,01,1,0,0,0,0,0,0,0,0,"- ","- ",35.085498809814453,-120.02565002441406,"SAN LUIS OBISPO",UNINCORPORATED,-120.02564239501953,35.085514068603516
9198896,2020,2021-03-15,4008,2020-12-02,1225,2154,A,3,5,4,4008,0,0,0,,0,,"SAN ANSELMO RD","MONTEREY RD",0.00,,Y,A,-,N,,,,,,,,,,N,2,0,1,2,A,-,09,21802,A,N,D,G,A,A,H,-,A,A,0,,Y,,,Y,,-,"- ",1,0,0,0,0,0,1,0,0,"- ","- ",35.495368957519531,-120.68447113037109,"SAN LUIS OBISPO",ATASCADERO,-120.68447875976562,35.49530029296875
92025577,2023,2023-03-22,9745,2023-03-18,"950 ",020211,,6,1,9,4000,0,1,3,,1,032,SR-227,"MAXWELLTON ST",1003.00,N,N,A,-,Y,SLO,,227," ",R,7.568,H,,R,N,2,0,1,1,D,-,00,,,N,F,A,A,A,H,-,A,D,0,,Y,,,Y,,-,"- ",1,0,0,0,0,0,1,0,0,"- ","- ",35.205329895019531,-120.61382293701172,"SAN LUIS OBISPO",UNINCORPORATED,-120.61375427246094,35.205348968505859
92028555,2022,2023-03-27,9740,2022-12-22,2222,020894,,4,3,9,4000,0,1,2,,2,004,"US-101 NORTHBOUND","MONTEREY RD.",1584.00,N,N,A,-,Y,SLO,,101,,,60.256,H,,R,N,1,1,0,2,A,-,17,21200,,N,H,G,A,A,H,-,D,D,0,,Y,,,Y,Y,L,04,0,0,0,0,0,1,0,0,0,"- ","- ",35.672168731689453,-120.69613647460938,"SAN LUIS OBISPO",UNINCORPORATED,-120.69620513916016,35.672164916992188
92062423,2023,2023-05-05,9740,2023-04-29,2130,021275,,6,2,9,4000,0,3,5,,2,018,"BRANCH RD.","UNION RD.",2800.00,N,N,A,-,N,,,,,,,,,,Y,2,0,1,1,A,-,01,23152,A,N,E,8,A,A,H,-,D,D,0,,,,,Y,Y,A,08,1,0,0,0,0,0,0,0,0,"- ","- ",35.644889831542969,-120.57866668701172,"SAN LUIS OBISPO",UNINCORPORATED,-120.57857513427734,35.644924163818359
9211740,2020,2021-03-24,4006,2020-12-09,1158,89870,,3,5,4,4006,0,0,0,,0,,MARSH,HIGUERA,0.00,,Y,A,-,N,,,,,,,,,,Y,1,2,0,1,A,-,08,22107,,N,E,I,A,A,H,-,A,A,0,,,,,Y,,A,01,0,0,0,0,0,0,0,0,0,"- ","- ",35.162899017333984,-120.40080261230469,"SAN LUIS OBISPO","SAN LUIS OBISPO",-120.66934204101562,35.2747802734375
92143537,2023,2023-08-14,9745,2023-08-11,2041,020391,,5,2,9,4000,0,1,2,,2,303,"US-101 NORTHBOUND","SAN LUIS BAY DR",3432.00,N,N,A,-,Y,SLO,,101," ",R,23.045,H,,R,Y,2,0,1,1,A,-,01,23152,E,M,F,A,A,A,H,-,D,D,0,,,,,Y,,A,07,1,0,0,0,0,0,0,0,0,"- ","- ",35.206771850585938,-120.69666290283203,"SAN LUIS OBISPO",UNINCORPORATED,-120.69661712646484,35.206775665283203
92144368,2023,2023-08-15,9740,2023-05-16,"219 ",021275,,2,3,4,4008,0,1,2,,2,001,"US-101 NORTHBOUND","SANTA ROSA RD.",962.00,N,N,A,-,Y,SLO,,101," "," ",44.182,H,,R,Y,1,1,0,2,A,-,11,21954,A,N,G,B,E,A,H,-,C,D,0,Y,,,,Y,Y,N,60,0,0,0,1,0,0,0,0,0,"- ","- ",35.467998504638672,-120.65309906005859,"SAN LUIS OBISPO",ATASCADERO,-120.65290832519531,35.468097686767578
92147747,2023,2023-08-18,9740,2023-05-30,1914,020057,,2,2,9,4000,0,1,3,,1,009,"STATE ROUTE 46 (EAST)","STATE ROUTE 41",0.00,,Y,A,-,Y,SLO,,46," "," ",55.105,H,,R,Y,1,1,2,2,A,-,09,21801,A,N,A,2,A,A,H,-,A,A,0,,,,,Y,,A,07,0,1,1,0,0,0,0,0,0,"- ","- ",35.734481811523438,-120.28446960449219,"SAN LUIS OBISPO",UNINCORPORATED,-120.28446960449219,35.734466552734375
9216479,2021,2021-03-18,4006,2021-01-04,0859,62657,,1,5,4,4006,0,0,0,,0,,"SANTA ROSA",FOOTHILL,16.00,N,N,A,-,N,,,,,,,,,,N,2,0,1,2,D,-,00,,,F,G,B,B,A,H,-,B,A,0,Y,,,,Y,,-,"- ",1,0,0,0,1,0,0,0,0,"- ","- ",35.294200897216797,-120.66805267333984,"SAN LUIS OBISPO","SAN LUIS OBISPO",-120.66806030273438,35.294071197509766
92175170,2023,2023-09-20,9745,2023-09-15,2105,018009,,5,2,9,4000,0,2,4,,1,055,"TEFFT ST","THOMPSON ROAD",50.00,W,N,A,-,N,,,,,,,,,,N,2,0,1,2,A,-,11,21954,A,F,G,B,D,A,H,-,A,A,0,Y,,,,Y,Y,N,60,1,0,0,0,1,0,0,0,0,"- ","- ",35.042869567871094,-120.47618865966797,"SAN LUIS OBISPO",UNINCORPORATED,-120.47617340087891,35.042804718017578
92189413,2023,2023-10-03,9745,2023-09-24,1843,018616,,7,2,9,4000,0,3,5,,2,005,"FRONTAGE RD","DIVISION STREET",0.00,,Y,A,-,N,,,,,,,,,,Y,2,0,4,2,A,-,01,23152,A,N,D,C,A,A,H,-,B,D,0,,,,,Y,Y,A,01,1,2,1,0,0,0,0,0,0,"- ","- ",35.030101776123047,-120.47782897949219,"SAN LUIS OBISPO",UNINCORPORATED,-120.47776794433594,35.030071258544922
92192222,2023,2023-10-05,9740,2023-09-28,2055,020757,,4,2,9,4000,0,3,5,,2,017,"LA PANZA RD.","SHEDD CANYON RD.",1400.00,W,N,A,-,N,,,,,,,,,,Y,2,0,1,1,A,-,01,23152,A,N,E,I,A,A,H,-,A,D,0,,,,,Y,Y,D,22,1,0,0,0,0,0,0,0,0,"- ","- ",35.471569061279297,-120.38954162597656,"SAN LUIS OBISPO",UNINCORPORATED,-120.38577270507812,35.471172332763672
92201230,2023,2023-10-17,9740,2023-10-14,2200,020302,,6,3,9,4000,0,3,5,,2,016,"W. POZO RD.","MCNEIL TRUCK TRAIL",7445.00,E,N,A,-,N,,,,,,,,,,N,2,0,1,1,A,-,01,23152,A,N,E,I,A,A,H,-,D,D,0,,,,,Y,Y,A,07,1,0,0,0,0,0,0,0,0,"- ","- ",35.289970397949219,-120.42685699462891,"SAN LUIS OBISPO",UNINCORPORATED,-120.42696380615234,35.289897918701172
92221884,2023,2023-10-27,9740,2023-09-07,2010,021275,,4,2,9,4000,0,1,3,,2,005,"STATE ROUTE 58","PARKHILL ROAD",2200.00,E,N,A,-,Y,SLO,,58," "," ",5.922,H,,R,Y,1,1,1,1,A,-,01,23152,A,N,E,8,A,A,H,-,D,D,0,,,,,Y,Y,A,07,0,1,0,0,0,0,0,0,0,"- ","- ",35.416770935058594,-120.55699157714844,"SAN LUIS OBISPO",UNINCORPORATED,-120.55708312988281,35.416774749755859
92254198,2023,2023-12-06,9740,2023-11-18,1145,019697,,6,1,9,4000,0,1,2,,2,004,"US-101 SOUTHBOUND","MONTEREY RD.",1584.00,N,N,B,C,Y,SLO,,101," "," ",60.191,H,,L,Y,2,0,1,1,A,-,08,22107,,N,E,8,A,B,H,-,A,D,0,,,,,Y,,D,22,1,0,0,0,0,0,0,0,0,"- ","- ",35.671241760253906,-120.69631958007812,"SAN LUIS OBISPO",UNINCORPORATED,-120.69636535644531,35.671237945556641
92273583,2023,2023-12-28,9745,2023-11-04,1940,017151,,6,2,9,4000,0,3,5,,2,002,"CLARK VALLEY RD","BLUE HERON VIEW LN",2112.00,W,N,A,-,N,,,,,,,,,,Y,1,1,0,1,A,-,01,23152,A,N,E,8,A,A,H,-,D,D,0,,,,,Y,Y,A,07,0,0,0,0,0,0,0,0,0,"- ","- ",35.296260833740234,-120.8067626953125,"SAN LUIS OBISPO",UNINCORPORATED,-120.80738067626953,35.295963287353516
92280651,2023,2024-01-05,9745,2023-12-30,"545 ",020765,,6,3,9,4000,0,1,2,,2,505,US-101,"TOWER GROVE DRIVE",1135.00,S,N,C,-,Y,SLO,,101," "," ",9.442,H,,R,Y,2,0,1,1,A,-,03,22350,,N,E,8,A,B,H,-,D,D,0,,,,,Y,,A,01,1,0,0,0,0,0,0,0,0,"- ","- ",35.087459564208984,-120.53444671630859,"SAN LUIS OBISPO",UNINCORPORATED,-120.53445434570312,35.087459564208984
92281500,2023,2025-05-23,9745,2023-12-27,1540,020391,,3,2,4,4006,0,1,2,,2,202,"US-101 SOUTHBOUND","BROAD ST",384.00,N,N,A,-,Y,SLO,,101," "," ",28.847,H,,L,Y,2,0,2,3,A,-,01,23153,F,F,A,C,A,A,H,-,A,D,0,,,,,Y,,-,"- ",1,1,0,0,0,0,0,0,0,"- ","- ",35.284629821777344,-120.66648101806641,"SAN LUIS OBISPO","SAN LUIS OBISPO",-120.66647338867188,35.284622192382812
92282519,2023,2024-01-09,9750,2023-06-05,"446 ",022227,,1,3,9,4000,0,1,3,,2,061,"SR-166 (CUYAMA HIGHWAY)","MPM 17.00",459.50,W,N,F,-,Y,SLO,,166," "," ",16.910,H,,R,Y,1,1,0,1,A,-,01,23152,A,N,E,8,A,B,H,-,D,D,0,,,,,Y,Y,A,08,0,0,0,0,0,0,0,0,0,"- ","- ",35.020038604736328,-120.31684112548828,"SAN LUIS OBISPO",UNINCORPORATED,-120.31686401367188,35.019989013671875
92298146,2024,2024-01-26,9740,2024-01-17,1545,022621,,3,2,9,4000,0,1,2,,2,004,"US-101 SOUTHBOUND","EXLINE RD.",0.00,,Y,B,-,Y,SLO,,101," "," ",60.982,H,,L,Y,2,0,4,3,A,-,09,21801,A,N,D,2,A,A,H,-,A,A,0,,,,,Y,,D,22,1,1,2,0,0,0,0,0,0,"- ","- ",35.682659149169922,-120.69699096679688,"SAN LUIS OBISPO",UNINCORPORATED,-120.69699096679688,35.682659149169922
92330161,2024,2024-03-05,9740,2024-02-26,1840,020302,,1,2,3,4004,0,1,2,,2,003,"US-101 NORTHBOUND","SR-46 (EAST)",1584.00,S,N,B,-,Y,SLO,,101," "," ",57.596,H,,R,N,2,0,2,2,A,-,11,21954,A,N,G,B,E,A,H,-,D,D,0,Y,,,,Y,Y,N,60,1,1,0,0,1,0,0,0,0,"- ","- ",35.63800048828125,-120.68409729003906,"SAN LUIS OBISPO","PASO ROBLES",-120.68409729003906,35.63800048828125
92357262,2024,2024-04-05,9740,2024-03-29,1330,022634,,5,1,9,4000,0,1,3,,2,005,SR-58,"SODA LAKE RD.",8237.00,E,N,B,-,Y,SLO,,58," "," ",46.797,H,,R,Y,2,0,2,1,A,-,01,23152,A,N,F,A,A,B,H,-,A,D,0,,,,,Y,Y,A,01,1,1,0,0,0,0,0,0,0,"- ","- ",35.351421356201172,-119.97737121582031,"SAN LUIS OBISPO",UNINCORPORATED,-119.97737121582031,35.351413726806641
92357649,2024,2024-04-05,9745,2024-03-31,1130,020391,,7,1,9,4000,0,2,4,,1,046,"PRICE CANYON RD",SR-227,2640.00,W,N,A,-,Y,,,,,,,,,,N,2,0,1,1,A,-,08,22107,,N,F,A,A,A,H,-,A,D,0,,Y,,,Y,,-,"- ",1,0,0,0,0,0,1,0,0,"- ","- ",35.193649291992188,-120.61428833007812,"SAN LUIS OBISPO",UNINCORPORATED,-120.61366271972656,35.194591522216797
92373461,2024,2024-04-23,9745,2024-04-11,1422,017817,,4,2,9,4000,0,3,5,,2,003,"SAN LUIS BAY DR.","AVILA BEACH DR.",325.00,N,N,A,-,N,,,,,,,,,,N,2,0,1,1,A,-,08,22107,,N,F,A,A,A,H,-,A,D,0,,Y,,,Y,Y,L,04,1,0,0,0,0,0,1,0,0,"- ","- ",35.188861846923828,-120.71882629394531,"SAN LUIS OBISPO",UNINCORPORATED,-120.71882629394531,35.188728332519531
92413242,2024,2024-06-12,9740,2024-06-09,1738,020335,,7,2,9,4000,0,3,5,,2,017,"EL POMAR DR.","TEMPLETON RD.",28.00,E,N,A,-,N,,,,,,,,,,Y,2,0,2,1,C,-,18,,,N,E,8,A,A,H,-,A,A,0,,,,,Y,,-,"- ",2,0,0,0,0,0,0,0,0,"- ","- ",35.543098449707031,-120.70298767089844,"SAN LUIS OBISPO",UNINCORPORATED,-120.70308685302734,35.543174743652344
92417396,2024,2024-06-18,9745,2024-06-11,"850 ",017144,,2,1,9,4000,0,1,2,,1,101,"US-101 SOUTHBOUND","TASSAJARA CREEK ROAD",0.00,,Y,A,-,Y,SLO,,101," "," ",36.797,H,,L,N,2,0,2,2,A,-,12,22450,A,N,D,C,A,A,H,-,A,D,0,,,,,Y,,A,01,1,1,0,0,0,0,0,0,0,"- ","- ",35.370601654052734,-120.64125823974609,"SAN LUIS OBISPO",UNINCORPORATED,-120.64136505126953,35.370616912841797
92419528,2024,2024-06-20,9740,2024-06-14,2255,022034,,5,3,9,4000,0,3,5,,2,017,"O'DONOVAN RD.","COYOTE CREEK LN.",27.00,N,N,A,-,N,,,,,,,,,,N,2,0,1,1,A,-,08,22107,,N,E,8,A,A,H,-,A,D,0,,,,,Y,Y,A,01,1,0,0,0,0,0,0,0,0,"- ","- ",35.452449798583984,-120.48271942138672,"SAN LUIS OBISPO",UNINCORPORATED,-120.49298095703125,35.4598388671875
92421169,2024,2024-06-24,9745,2024-06-12,"236 ",022930,,3,3,9,4000,0,1,2,,1,101,"US-101 NORTHBOUND","AVILA BEACH DRIVE",1868.00,N,N,A,-,Y,SLO,,101," ",R,21.498,H,,R,Y,2,0,1,1,A,-,01,23152,A,N,B,I,A,A,H,-,C,D,0,,,,,Y,Y,A,01,1,0,0,0,0,0,0,0,0,"- ","- ",35.184829711914062,-120.70121002197266,"SAN LUIS OBISPO",UNINCORPORATED,-120.70131683349609,35.184837341308594
92433267,2024,2024-07-08,9745,2024-03-27,2500,017709,,3,4,9,4000,0,2,4,,1,058,"ORCHARD RD","FAITH PLACE",306.00,N,N,B,-,N,,,,,,,,,,Y,1,1,0,1,A,-,01,23152,F,N,E,I,A,A,H,-,D,D,0,,,,,Y,,A,01,0,0,0,0,0,0,0,0,0,"- ","- ",35.008541107177734,-120.46749114990234,"SAN LUIS OBISPO",UNINCORPORATED,-120.46771240234375,35.008583068847656
92434126,2024,2024-07-09,9745,2024-07-01,"857 ",017541,,1,1,9,4000,0,2,4,,1,052,"THOMPSON AVE","OLD SUMMIT RD.",192.00,N,N,A,-,N,,,,,,,,,,Y,2,0,1,1,A,-,01,23152,A,N,E,8,A,A,H,-,A,D,0,,,,,Y,Y,A,01,1,0,0,0,0,0,0,0,0,"- ","- ",35.070541381835938,-120.50901794433594,"SAN LUIS OBISPO",UNINCORPORATED,-120.50890350341797,35.070545196533203
92435347,2024,2024-07-10,9740,2024-07-08,2222,022621,,1,3,9,4000,0,1,2,,2,002,"US-101 SOUTHBOUND","SAN RAMON RD.",125.00,N,N,A,-,Y,SLO,,101," "," ",49.347,H,,L,Y,2,0,1,1,A,-,01,23152,A,N,E,I,A,A,H,-,A,D,0,,,,,Y,Y,A,01,1,0,0,0,0,0,0,0,0,"- ","- ",35.526969909667969,-120.7047119140625,"SAN LUIS OBISPO",UNINCORPORATED,-120.70487976074219,35.526908874511719
92436597,2024,2024-08-19,9745,2024-05-28,"551 ",017541,,2,3,9,4000,0,3,5,,2,005,"SOUTH FRONTAGE RD.","DIVISION ST.",0.00,,Y,A,-,N,,,,,,,,,,Y,2,0,3,2,A,-,12,22450,A,N,D,C,A,A,H,-,B,A,0,,,,,Y,,A,07,2,1,0,0,0,0,0,0,0,"- ","- ",35.030139923095703,-120.47786712646484,"SAN LUIS OBISPO",UNINCORPORATED,-120.47776794433594,35.030071258544922
92556333,2024,2024-07-23,9745,2024-07-11,2124,023805,,4,2,9,4000,0,3,5,,2,002,"TURRI RD","TURRI RANCH RD",2200.00,N,N,A,-,N,,,,,,,,,,Y,2,0,1,1,A,-,08,22107,,N,F,A,A,A,H,-,D,D,0,,,Y,,Y,,C,02,1,0,0,0,0,0,0,0,1,"- ","- ",35.312301635742188,-120.77469635009766,"SAN LUIS OBISPO",UNINCORPORATED,-120.77474975585938,35.3123779296875
9256108,2021,2021-05-13,4008,2021-01-30,2017,3125,D,6,5,4,4008,0,0,0,,0,,"MORRO RD","CHOLARE RD",1294.00,S,N,A,-,Y,SLO,5,41,-,-,10.640,H,-,N,Y,1,1,0,1,A,-,01,23152,E,N,E,I,A,A,H,-,D,A,0,,,,,Y,,A,01,0,0,0,0,0,0,0,0,0,"- ","- ",35.45880126953125,-120.72576141357422,"SAN LUIS OBISPO",ATASCADERO,-120.72762298583984,35.459224700927734
9275781,2021,2021-07-23,4001,2021-05-22,2106,P0106,46-3,6,5,3,4001,0,0,0,,0,OPERAT,"EAST GRAND AV","BELL ST",131.00,W,N,A,-,N,,,,,,,,,,N,2,0,1,2,A,-,09,21801,A,N,A,C,A,A,H,-,C,A,0,,,Y,,Y,,-,,1,0,0,0,0,0,0,0,1,"- ","- ",,,"SAN LUIS OBISPO","ARROYO GRANDE",-120.58863830566406,35.119697570800781
9301780,2021,2023-06-20,4006,2021-06-25,0719,48750,,5,5,4,4006,0,0,0,,0,,"SOUTH HIGUERA",SUBURBAN,0.00,,Y,A,-,N,,,,,,,,,,N,1,1,0,2,A,-,08,22107,,N,D,G,A,A,H,-,A,A,0,,Y,,Y,Y,,F,25,0,0,0,0,0,1,0,0,0,"- ","- ",,,"SAN LUIS OBISPO","SAN LUIS OBISPO",-120.67539978027344,35.244026184082031
93234120,2024,2024-08-01,9740,2024-07-26,1740,021275,,5,2,9,4000,0,1,3,,2,010,SR-41,"MPM 48.00",1056.00,S,N,A,-,Y,SLO,,41," "," ",47.837,H,,R,Y,2,0,1,1,A,-,01,23152,A,N,E,8,A,A,H,-,A,D,0,,,,,Y,Y,A,07,1,0,0,0,0,0,0,0,0,"- ","- ",35.771579742431641,-120.23365783691406,"SAN LUIS OBISPO",UNINCORPORATED,-120.23368072509766,35.771633148193359
9355756,2021,2021-11-08,4008,2021-08-27,1330,3125,C,5,5,4,4008,0,0,0,,0,,"MORRO RD",101,358.00,S,N,A,-,Y,SLO,5,41,-,-,15.770,H,-,S,N,2,0,1,2,A,-,09,21804,B,N,H,G,A,A,H,-,A,D,0,,Y,,,Y,,L,04,1,0,0,0,0,0,1,0,0,"- ",SO,35.484859466552734,-120.66522216796875,"SAN LUIS OBISPO",ATASCADERO,-120.66561889648438,35.483528137207031
9368177,2021,2021-12-07,4008,2021-09-25,1012,2054,C,6,5,4,4008,0,0,0,,0,,"SANTA LUCIA RD","NAVARETTE AV",329.00,E,N,A,-,N,,,,,,,,,,N,2,0,1,1,A,-,03,22350,,N,H,A,A,A,H,-,A,D,0,,Y,,,Y,,L,04,1,0,0,0,0,0,1,0,0,"- ","- ",35.483200073242188,-120.68110656738281,"SAN LUIS OBISPO",ATASCADERO,-120.67999267578125,35.4833984375
9371052,2021,2022-01-26,4002,2021-11-12,1400,478,,5,5,3,4002,0,0,0,,0,,"S 13TH ST","FARROLL AV",0.00,,Y,A,-,N,,,,,,,,,,N,2,0,1,2,A,-,09,21801,A,N,G,B,C,A,H,-,A,A,0,Y,,,,Y,,A,07,1,0,0,0,1,0,0,0,0,"- ","- ",,,"SAN LUIS OBISPO","GROVER BEACH",-120.61605072021484,35.111869812011719
9376660,2021,2021-12-22,4006,2021-10-20,1712,99143,,3,5,4,4006,0,0,0,,0,,"ALBERT DR","FREDERICKS ST",0.00,,Y,A,-,N,,,,,,,,,,N,2,0,1,1,A,-,12,22450,A,N,E,I,A,A,H,-,A,A,0,,Y,,,Y,,L,04,1,0,0,0,0,0,1,0,0,"- ","- ",35.292999267578125,-120.65499877929688,"SAN LUIS OBISPO","SAN LUIS OBISPO",-120.65608978271484,35.293121337890625
9380726,2021,2022-02-01,4006,2021-12-28,1414,1633,554,2,5,4,4006,0,0,0,,0,OHV264,"OCEANO DUNES SVRA","CXT G",2000.00,N,-,A,-,N,,,,,,,,,,N,2,0,1,1,A,-,03,38305,,N,H,A,A,A,H,-,A,D,0,,,Y,,Y,,C,02,1,0,0,0,0,0,0,0,1,"- ","- ",,,"SAN LUIS OBISPO","SAN LUIS OBISPO",,
9382073,2021,2022-02-02,4005,2021-07-25,1235,P115,6,7,5,2,4005,0,0,0,,0,211738,PRICE,OCEANVIEW,27.00,E,N,A,-,N,,,,,,,,,,Y,2,0,1,2,A,-,09,21804,A,N,D,C,A,A,H,-,A,A,0,,,Y,,Y,,A,01,1,0,0,0,0,0,0,0,1,"- ","- ",,,"SAN LUIS OBISPO","PISMO BEACH",-120.63766479492188,35.139865875244141
9400624,2022,2022-02-24,4008,2022-01-12,1835,1112,A,3,5,4,4008,0,0,0,,0,,"MERCEDES AV","SERENA CT",0.00,,Y,A,-,Y,SLO,5,41,-,R,16.436,I,5,N,Y,2,0,3,3,A,-,01,23153,A,N,A,C,A,A,H,-,D,A,0,,,,,Y,Y,D,22,1,2,0,0,0,0,0,0,0,"- ","- ",35.492500305175781,-120.66239166259766,"SAN LUIS OBISPO",ATASCADERO,-120.66236114501953,35.492691040039062
9406033,2022,2022-05-25,4001,2022-04-02,0141,P0106,46-1,6,5,3,4001,0,0,0,,0,OPERAT,"E BRANCH ST","HUASNA RD",328.00,W,N,A,-,N,,,,,,,,,,Y,2,0,1,1,A,-,01,23152,A,N,E,I,A,A,H,-,D,D,0,,,Y,,Y,Y,C,02,1,0,0,0,0,0,0,0,1,"- ","- ",,,"SAN LUIS OBISPO","ARROYO GRANDE",-120.57038879394531,35.126487731933594
9415042,2022,2022-02-28,4006,2022-01-10,0532,99310,,1,5,4,4006,0,0,0,,0,,"FOOTHILL BL","PATRICIA DR",162.00,W,N,A,-,N,,,,,,,,,,,2,0,1,1,D,-,00,,,N,H,J,A,A,H,-,C,D,0,,,Y,,Y,,-,"- ",1,0,0,0,0,0,0,0,1,"- ","- ",35.294589996337891,-120.68363952636719,"SAN LUIS OBISPO","SAN LUIS OBISPO",-120.68404388427734,35.294143676757812
9420674,2022,2022-04-28,4006,2022-03-08,1347,98991,,2,5,4,4006,0,0,0,,0,,"TANK FARM RD","LONG ST",743.00,E,N,A,-,N,,,,,,,,,,Y,2,0,1,1,A,-,03,22350,,N,F,A,A,A,H,-,A,D,0,,,Y,,Y,,C,02,1,0,0,0,0,0,0,0,1,"- ","- ",35.248851776123047,-120.67189025878906,"SAN LUIS OBISPO","SAN LUIS OBISPO",-120.66865539550781,35.246810913085938
94397220,2024,2024-09-17,9745,2024-08-25,1738,023013,,7,2,3,4001,0,3,5,,2,004,"ERHART RD","PASEO LADERA LN",480.00,S,N,A,-,N,,,,,,,,,,N,2,0,1,1,C,-,18,,,N,H,H,A,A,H,-,A,D,0,,,Y,,Y,,-,"- ",1,0,0,0,0,0,0,0,1,"- ","- ",35.154701232910156,-120.60624694824219,"SAN LUIS OBISPO","ARROYO GRANDE",-120.60641479492188,35.154811859130859
94407878,2024,2024-09-25,9740,2024-09-19,2500,023285,,4,4,9,4000,0,3,5,,2,019,"S. MISSION ST.","MONTEREY RD.",0.00,,Y,C,-,N,,,,,,,,,,N,2,0,1,1,A,-,08,22107,,N,F,A,A,B,H,-,D,D,0,,,Y,,Y,,C,02,1,0,0,0,0,0,0,0,1,"- ","- ",35.741161346435547,-120.69925689697266,"SAN LUIS OBISPO",UNINCORPORATED,-120.69881439208984,35.741500854492188
94420197,2024,2024-10-04,9745,2024-09-20,2130,023805,,5,2,9,4000,0,3,5,,2,005,"DAHLIA STREET","NANDINA LANE",150.00,E,N,A,-,N,,,,,,,,,,N,2,0,1,2,A,-,11,21953,,N,G,B,E,A,H,-,D,D,0,Y,,,,Y,Y,N,60,1,0,0,0,1,0,0,0,0,"- ","- ",35.047821044921875,-120.47442626953125,"SAN LUIS OBISPO",UNINCORPORATED,-120.47450256347656,35.047840118408203