CASE_ID,ACCIDENT_YEAR,PROC_DATE,JURIS,COLLISION_DATE,COLLISION_TIME,OFFICER_ID,REPORTING_DISTRICT,DAY_OF_WEEK,CHP_SHIFT,POPULATION,CNTY_CITY_LOC,SPECIAL_COND,BEAT_TYPE,CHP_BEAT_TYPE,CITY_DIVISION_LAPD,CHP_BEAT_CLASS,BEAT_NUMBER,PRIMARY_RD,SECONDARY_RD,DISTANCE,DIRECTION,INTERSECTION,WEATHER_1,WEATHER_2,STATE_HWY_IND,CALTRANS_COUNTY,CALTRANS_DISTRICT,STATE_ROUTE,ROUTE_SUFFIX,POSTMILE_PREFIX,POSTMILE,LOCATION_TYPE,RAMP_INTERSECTION,SIDE_OF_HWY,TOW_AWAY,COLLISION_SEVERITY,NUMBER_KILLED,NUMBER_INJURED,PARTY_COUNT,PRIMARY_COLL_FACTOR,PCF_CODE_OF_VIOL,PCF_VIOL_CATEGORY,PCF_VIOLATION,PCF_VIOL_SUBSECTION,HIT_AND_RUN,TYPE_OF_COLLISION,MVIW,PED_ACTION,ROAD_SURFACE,ROAD_COND_1,ROAD_COND_2,LIGHTING,CONTROL_DEVICE,CHP_ROAD_TYPE,PEDESTRIAN_ACCIDENT,BICYCLE_ACCIDENT,MOTORCYCLE_ACCIDENT,TRUCK_ACCIDENT,NOT_PRIVATE_PROPERTY,ALCOHOL_INVOLVED,STWD_VEHTYPE_AT_FAULT,CHP_VEHTYPE_AT_FAULT,COUNT_SEVERE_INJ,COUNT_VISIBLE_INJ,COUNT_COMPLAINT_PAIN,COUNT_PED_KILLED,COUNT_PED_INJURED,COUNT_BICYCLIST_KILLED,COUNT_BICYCLIST_INJURED,COUNT_MC_KILLED,COUNT_MC_INJURED,PRIMARY_RAMP,SECONDARY_RAMP,LATITUDE,LONGITUDE,COUNTY,CITY,POINT_X,POINT_Y
94448011,2024,2024-10-28,9745,2024-10-14,"635 ",017541,,1,1,9,4000,0,1,2,,2,505,"US-101 NORTHBOUND","LAETITIA VINEYARD DR",2112.00,N,N,B,-,Y,SLO,,101," "," ",9.995,H,,R,Y,2,0,2,2,C,-,18,,,N,C,C,A,A,H,-,B,D,0,,,,,Y,,-,"- ",1,1,0,0,0,0,0,0,0,"- ","- ",35.092559814453125,-120.54196929931641,"SAN LUIS OBISPO",UNINCORPORATED,-120.54196929931641,35.092559814453125
94455396,2024,2024-11-01,9745,2024-08-19,1151,018009,,1,1,9,4000,0,1,3,,1,040,"SR-227 (CARPENTER CANYON ROAD)","TOLOSA PL",800.00,N,N,A,-,Y,SLO,,227," "," ",6.350,H,,R,Y,1,1,1,1,A,-,08,22107,,N,E,8,A,A,H,-,A,D,0,,,,,Y,,D,22,0,0,1,0,0,0,0,0,0,"- ","- ",35.191951751708984,-120.60398864746094,"SAN LUIS OBISPO",UNINCORPORATED,-120.60386657714844,35.191967010498047
94521659,2024,2025-05-23,9745,2024-10-13,"205 ",023036,,7,3,9,4000,0,1,2,,2,505,"US-101 SOUTHBOUND",SR-166,1320.00,N,N,E,-,Y,SLO,,101," "," ",1.070,H,,L,Y,1,1,5,4,A,-,01,23152,A,N,C,2,A,A,H,-,D,D,0,,,,,Y,Y,A,01,0,0,5,0,0,0,0,0,0,"- ","- ",34.999691009521484,-120.43643951416016,"SAN LUIS OBISPO",UNINCORPORATED,-120.43646240234375,34.999675750732422
94528272,2024,2025-01-07,9740,2024-12-31,"45  ",020302,,2,3,9,4000,0,3,5,,2,016,"W. POZO RD.",SR-58,3696.00,E,N,A,-,N,,,,,,,,,,N,2,0,1,1,A,-,01,23152,A,N,E,I,A,A,H,-,D,D,0,,,,,Y,Y,A,07,1,0,0,0,0,0,0,0,0,"- ","- ",35.381649017333984,-120.57112121582031,"SAN LUIS OBISPO",UNINCORPORATED,-120.58673095703125,35.390399932861328
94535775,2024,2025-01-13,9745,2024-12-17,1953,022786,,2,2,9,4000,0,3,5,,2,005,"ORCHARD RD","FAITH DR",50.00,N,N,A,-,N,,,,,,,,,,Y,2,0,2,3,A,-,06,21750,A,F,B,C,A,A,H,-,C,D,0,,,,,Y,Y,A,01,2,0,0,0,0,0,0,0,0,"- ","- ",35.008190155029297,-120.46710968017578,"SAN LUIS OBISPO",UNINCORPORATED,-120.46703338623047,35.008152008056641
94575325,2025,2025-02-12,9745,2025-01-27,1055,017541,,1,1,9,4000,0,3,5,,2,004,"WILLOW RD.","VIA CONCHA RD",0.00,,Y,A,-,N,,,,,,,,,,Y,2,0,2,2,A,-,09,21802,A,N,D,C,A,A,H,-,A,A,0,,,,,Y,,A,01,2,0,0,0,0,0,0,0,0,"- ","- ",35.047340393066406,-120.55052185058594,"SAN LUIS OBISPO",UNINCORPORATED,-120.55050659179688,35.047351837158203
94578596,2024,2025-05-23,9745,2024-10-05,1108,017968,,6,1,9,4000,0,3,5,,2,002,"O'CONNER WAY","PARTNER ROAD",8712.00,N,N,A,-,N,,,,,,,,,,Y,1,1,1,1,A,-,08,22107,,N,E,I,A,A,H,-,A,D,0,,,,,Y,,A,01,0,0,1,0,0,0,0,0,0,"- ","- ",35.306808471679688,-120.73523712158203,"SAN LUIS OBISPO",UNINCORPORATED,-120.73504638671875,35.306732177734375
94585457,2024,2025-02-20,9745,2024-11-20,"915 ",016816,,3,1,4,4006,0,1,2,,2,202,"US-101 SOUTHBOUND","MADONNA RD.",528.00,S,N,A,-,Y,SLO,,101," "," ",26.880,H,,L,N,1,1,0,2,A,-,11,21950,B,N,G,B,E,A,H,-,A,D,0,Y,,,,Y,,N,60,0,0,0,1,0,0,0,0,0,"- ","- ",35.257278442382812,-120.67474365234375,"SAN LUIS OBISPO","SAN LUIS OBISPO",-120.67474365234375,35.257282257080078
94587971,2025,2025-02-24,9740,2025-02-15,2120,023820,,6,2,9,4000,0,3,5,,2,017,"SANTA MARGARITA RD.","EL CAMINO REAL",860.00,W,N,A,-,N,,,,,,,,,,Y,2,0,2,1,A,-,03,22350,,N,E,8,A,A,H,-,D,D,0,,,,,Y,,A,01,1,0,1,0,0,0,0,0,0,"- ","- ",35.426979064941406,-120.60735321044922,"SAN LUIS OBISPO",UNINCORPORATED,-120.60739135742188,35.427028656005859
94602704,2025,2025-03-18,9745,2025-02-18,"35  ",022565,,2,3,2,4005,0,1,2,,2,404,"US-101 SOUTHBOUND","4TH STREET",154.00,N,N,A,-,Y,SLO,,101," "," ",15.615,H,,L,Y,2,0,1,1,A,-,08,22107,,N,E,I,A,A,H,-,D,D,0,,,,,Y,,A,01,1,0,0,0,0,0,0,0,0,"- ","- ",35.136238098144531,-120.62258911132812,"SAN LUIS OBISPO","PISMO BEACH",-120.62256622314453,35.136283874511719
94630475,2025,2025-03-28,9745,2025-03-10,2120,022565,,1,2,9,4000,0,1,2,,2,505,"US-101 NORTHBOUND","EL CAMPO RD",4224.00,S,N,A,-,Y,SLO,,101," "," ",11.002,H,,R,Y,2,0,3,1,A,-,08,22107,,N,E,8,A,A,H,-,D,D,0,,,,,Y,,A,01,2,1,0,0,0,0,0,0,0,"- ","- ",35.104789733886719,-120.55149841308594,"SAN LUIS OBISPO",UNINCORPORATED,-120.55153656005859,35.104759216308594
94671490,2025,2025-05-01,9745,2025-04-19,"330 ",017857,,6,3,9,4000,0,3,5,,2,002,"TORO CREEK ROAD",SR-1,7920.00,E,N,B,-,N,,,,,,,,,,Y,2,0,4,1,A,-,03,22350,,N,E,I,A,A,H,-,D,D,0,,,,,Y,,A,01,2,1,1,0,0,0,0,0,0,"- ","- ",35.427608489990234,-120.85633087158203,"SAN LUIS OBISPO",UNINCORPORATED,-120.85447692871094,35.427474975585938
94671823,2025,2025-05-01,9740,2025-04-24,"915 ",024398,,4,1,9,4000,0,3,5,,2,017,"LA PANZA RD.","LITTLE FARM RD.",3168.00,S,N,B,-,N,,,,,,,,,,Y,2,0,1,1,A,-,03,22350,,N,E,8,A,A,H,-,A,D,0,,,,,Y,,A,07,1,0,0,0,0,0,0,0,0,"- ","- ",35.526821136474609,-120.50279998779297,"SAN LUIS OBISPO",UNINCORPORATED,-120.50316619873047,35.526779174804688
94697535,2025,2025-05-22,9740,2025-05-07,"655 ",024395,,3,1,9,4000,0,1,3,,2,005,SR-58,"O'DONOVAN RD.",1600.00,W,N,A,-,Y,SLO,,58," "," ",11.479,H,,R,Y,2,0,2,2,A,-,03,22350,,N,A,C,A,A,H,-,A,D,0,,,,,Y,,A,01,1,1,0,0,0,0,0,0,0,"- ","- ",35.446971893310547,-120.48062133789062,"SAN LUIS OBISPO",UNINCORPORATED,-120.48061370849609,35.446968078613281
94698900,2025,2025-05-23,9745,2025-05-15,1955,017379,,4,2,9,4000,0,2,4,,1,048,"AVILA BEACH DRIVE","CAVE LANDING RD",1060.00,W,N,A,-,N,,,,,,,,,,Y,2,0,1,1,A,-,01,23152,A,N,F,A,A,A,H,-,B,D,0,,,,,Y,Y,D,22,1,0,0,0,0,0,0,0,0,"- ","- ",35.180198669433594,-120.72374725341797,"SAN LUIS OBISPO",UNINCORPORATED,-120.72425079345703,35.185577392578125
94711489,2025,2025-06-03,9745,2025-05-24,2500,023476,,6,4,9,4000,0,3,5,,2,002,"SANTA MARIA AVE","3RD STREET",157.00,E,N,A,-,N,,,,,,,,,,Y,2,0,1,2,A,-,17,21200,,N,C,E,A,A,H,-,D,D,0,,Y,,,Y,Y,M,91,1,0,0,0,0,0,1,0,0,"- ","- ",35.328121185302734,-120.83927154541016,"SAN LUIS OBISPO",UNINCORPORATED,-120.83931732177734,35.328163146972656
94742607,2025,2025-06-27,9740,2025-06-18,"233 ",024398,,3,3,9,4000,0,1,2,,2,004,"US-101 NORTHBOUND","EXLINE RD.",2534.00,N,N,A,-,Y,SLO,,101," "," ",61.465,H,,R,Y,2,0,2,2,A,-,03,22350,,F,A,C,A,A,H,-,D,D,0,,,,,Y,,D,22,1,1,0,0,0,0,0,0,0,"- ","- ",35.689781188964844,-120.69661712646484,"SAN LUIS OBISPO",UNINCORPORATED,-120.69664764404297,35.689781188964844
9475306,2022,2022-08-23,4008,2022-06-22,2307,2151,A,3,5,4,4008,0,0,0,,0,,"TRAFFIC WY","OBISPO RD",700.00,S,N,A,-,N,,,,,,,,,,Y,2,0,2,1,A,-,01,23153,A,N,F,A,A,A,H,-,D,D,0,,,,,Y,Y,A,07,2,0,0,0,0,0,0,0,0,"- ","- ",35.525291442871094,-120.69345855712891,"SAN LUIS OBISPO",ATASCADERO,-120.68978118896484,35.520732879638672
9490992,2022,2022-09-02,4001,2022-07-22,0515,P0157,463,5,5,3,4001,0,0,0,,0,OPERAT,"S HALCHYON RD","FAIR OAKS AV",0.00,,Y,A,-,N,,,,,,,,,,N,2,0,2,2,A,-,12,21453,A,N,D,C,A,A,H,-,C,A,0,,,,,Y,,A,01,1,0,1,0,0,0,0,0,0,"- ","- ",,,"SAN LUIS OBISPO","ARROYO GRANDE",-120.59161376953125,35.112724304199219
9517756,2022,2022-12-16,4001,2022-10-14,1800,P0159,461,5,5,3,4001,0,0,0,,0,OPERAT,"HUASNA RD","E BRANCH ST",0.00,,Y,A,-,N,,,,,,,,,,Y,2,0,2,3,A,-,01,23153,A,F,A,C,A,A,H,-,A,D,0,,,,,Y,Y,D,22,1,0,1,0,0,0,0,0,0,"- ","- ",,,"SAN LUIS OBISPO","ARROYO GRANDE",-120.5699462890625,35.127307891845703
9555799,2023,2023-03-17,4002,2023-01-26,1758,488,,4,5,3,4002,0,0,0,,0,,"S 16TH ST","MONTEREY AV",151.00,N,N,A,-,N,,,,,,,,,,N,2,0,1,2,A,-,21,22106,,N,D,G,A,A,H,-,C,D,0,,Y,,,Y,,A,01,1,0,0,0,0,0,1,0,0,"- ","- ",,,"SAN LUIS OBISPO","GROVER BEACH",-120.61202239990234,35.111660003662109
9678958,2023,2024-03-11,4005,2023-12-28,"751 ",1865,554,4,5,2,4005,0,0,0,,0,446,"PISMO BEACH PIER","PISMO DUNES",0.00,,N,F,-,N,,,,,,,,,,Y,2,0,5,1,A,-,03,22350,,N,H,J,A,B,F,-,A,D,0,,,,,Y,,A,01,2,0,3,0,0,0,0,0,0,"- ","- ",35.10015869140625,-120.63050842285156,"SAN LUIS OBISPO","PISMO BEACH",,
9751309,2024,2025-01-08,4002,2024-04-10,1658,993,GB2,3,5,3,4002,0,0,0,,0,,"N OAK PARK BL","ATLANTIC CITY AV",529.00,N,N,A,-,N,,,,,,,,,,Y,2,0,2,2,B,-,22,,,N,E,I,A,A,H,-,A,D,0,,,,,Y,Y,A,01,1,1,0,0,0,0,0,0,0,"- ","- ",35.128681182861328,-120.60733795166016,"SAN LUIS OBISPO","GROVER BEACH",-120.60849761962891,35.128170013427734
9786012,2024,2025-03-06,4004,2024-03-23,2133,1381,,6,5,3,4004,0,0,0,,0,,"RT 46E","BUENA VISTA DR",347.00,W,N,A,-,Y,SLO,5,46,-,-,30.440,H,-,E,Y,1,1,2,2,A,-,01,23152,F,N,B,C,A,A,D,-,C,A,0,,,,,Y,Y,D,22,1,0,1,0,0,0,0,0,0,"- ","- ",,,"SAN LUIS OBISPO","PASO ROBLES",-120.67346954345703,35.644439697265625
9786029,2023,2025-03-05,4001,2023-09-22,1430,P0139,,5,5,3,4001,0,0,0,,0,"46 3","GRAND AV","BRISCO RD",29.00,E,N,A,-,N,,,,,,,,,,N,1,1,0,1,A,-,03,22350,,N,E,I,A,A,D,-,A,A,0,,Y,,,Y,,L,04,0,0,0,0,0,1,0,0,0,"- ","- ",35.120399475097656,-120.60063934326172,"SAN LUIS OBISPO","ARROYO GRANDE",-120.59939575195312,35.120414733886719
9833075,2025,2025-07-16,4005,2025-06-30,1004,2626,PB12A,1,5,2,4005,0,0,0,,0,,"OAK PARK","BRANCH ST",140.00,N,N,A,-,N,,,,,,,,,,N,2,0,1,2,A,-,07,21658,A,N,H,G,A,A,H,-,A,D,0,,Y,,,Y,,L,04,1,0,0,0,0,0,1,0,0,"- ","- ",35.130710601806641,-120.60645294189453,"SAN LUIS OBISPO","PISMO BEACH",-120.60606384277344,35.131816864013672
6290039,2014,2014-02-24,9745,2014-01-05,0025,17968,,7,3,9,4000,0,2,4,,1,048,"AVILA BEACH DR","SAN LUIS BAY DR",2112.00,S,N,A,-,N,,,,,,,,,,Y,1,1,0,1,A,-,08,22107,,N,E,I,A,A,H,-,D,D,0,,,,,Y,,D,22,0,0,0,0,0,0,0,0,0,"- ","- ",35.186239999999998,-120.7123,"SAN LUIS OBISPO",UNINCORPORATED,-120.71362999999999,35.187040000000003
6291583,2014,2016-01-14,4008,2014-10-14,2008,1053,,2,5,4,4008,0,0,0,,0,,"MORRO RD","ATASCADERO AV",420.00,E,N,A,-,Y,SLO,5,41,-,-,15.650,H,-,S,Y,1,1,0,3,A,-,11,21955,,N,G,B,D,A,H,-,D,D,0,Y,,,,Y,Y,N,60,0,0,0,1,0,0,0,0,0,"- ","- ",35.481879999999997,-120.66619,"SAN LUIS OBISPO",ATASCADERO,-120.66611725999999,35.481810830000001
6291669,2014,2015-04-06,9745,2014-10-25,1605,16514,,6,2,9,4000,0,1,3,,1,021,"RT 1","VILLA CREEK RD",2112.00,S,N,A,-,Y,SLO,5,1,-,-,39.880,H,-,S,Y,1,2,3,1,A,-,01,23152,E,N,E,I,A,A,H,-,A,D,0,,,,,Y,,D,22,2,1,0,0,0,0,0,0,0,"- ","- ",35.463889999999999,-120.96978,"SAN LUIS OBISPO",UNINCORPORATED,-120.97108428999999,35.46458801
6291763,2014,2015-12-28,9745,2014-11-04,0352,13937,,2,3,9,4000,0,2,4,,1,051,"LOS BERROS RD","QUAILWOOD LN",326.00,S,N,A,-,N,,,,,,,,,,Y,1,1,0,1,A,-,01,23152,A,N,E,I,A,A,H,-,D,D,0,,,,,Y,Y,A,01,0,0,0,0,0,0,0,0,0,"- ","- ",35.076070000000001,-120.52404,"SAN LUIS OBISPO",UNINCORPORATED,-120.52394339,35.07593791
6291784,2014,2014-12-22,9745,2014-11-17,1415,17017,,1,2,9,4000,0,3,5,,2,002,"FOOTHILL BL","BLUE GRANITE LN",427.00,N,N,A,-,N,,,,,,,,,,Y,1,1,1,2,A,-,01,23152,E,N,A,C,A,A,H,-,A,D,0,,,,,Y,,A,01,1,0,0,0,0,0,0,0,0,"- ","- ",35.286279999999998,-120.70046000000001,"SAN LUIS OBISPO",UNINCORPORATED,-120.70043846999999,35.286272629999999
6291803,2014,2015-01-07,9740,2014-11-09,0032,12113,,7,3,9,4000,0,3,5,,2,019,"RIVER RD","RIVER OAKS RD",6864.00,N,N,A,-,N,,,,,,,,,,Y,1,1,0,1,A,-,01,23152,A,N,E,I,A,A,H,-,D,D,0,,,,,Y,Y,D,22,0,0,0,0,0,0,0,0,0,"- ","- ",35.660559999999997,-120.69253999999999,"SAN LUIS OBISPO",UNINCORPORATED,-120.69255735,35.660734320000003
6292652,2015,2017-03-29,9745,2015-08-01,1400,17144,,6,2,9,4000,0,1,3,,1,011,"RT 41","MISSION DR",2120.00,E,N,A,-,Y,SLO,5,41,-,-,1.620,H,-,S,Y,1,1,2,3,A,-,05,21650,,N,A,C,A,A,H,-,A,D,0,,,,,Y,,A,01,2,0,0,0,0,0,0,0,0,"- ","- ",35.395049999999998,-120.83419000000001,"SAN LUIS OBISPO",UNINCORPORATED,-120.83420816,35.395041069999998
6292671,2015,2016-02-25,9740,2015-08-14,1615,17791,,5,2,9,4000,0,1,2,,2,004,"RT 101","MONTEREY RD",0.00,,Y,A,-,Y,SLO,5,101,-,-,63.110,I,5,N,Y,1,1,0,2,A,-,09,21802,A,N,D,C,A,A,H,-,A,D,5,,,,Y,Y,,A,07,0,0,0,0,0,0,0,0,0,"- ","- ",35.667520000000003,-120.69616000000001,"SAN LUIS OBISPO",UNINCORPORATED,-120.69410573,35.713458879999997
6337638,2014,2016-03-05,9745,2014-01-11,1035,017238,,6,1,9,4000,0,1,2,,2,505,"RT 101","RT 166",1056.00,N,N,A,-,Y,SLO,5,101,-,-,1.010,H,-,N,Y,2,0,1,1,A,-,03,22350,,N,E,I,A,A,H,-,A,D,1,,,Y,,Y,,C,02,1,0,0,0,0,0,0,0,1,"- ","- ",35.004939999999998,-120.44168999999999,"SAN LUIS OBISPO",UNINCORPORATED,-120.43578418,34.999081240000002
6337642,2014,2016-01-11,9745,2014-01-13,0100,017146,,1,3,9,4000,0,1,3,,2,023,"RT 1","KANSAS AV",1340.00,S,N,A,-,Y,SLO,5,1,-,-,20.640,H,-,S,Y,2,0,1,1,A,-,01,23152,A,N,E,I,A,A,H,-,D,D,1,,,,,Y,Y,A,01,1,0,0,0,0,0,0,0,0,"- ","- ",35.319659999999999,-120.71238,"SAN LUIS OBISPO",UNINCORPORATED,-120.71210775,35.319662289999997
6377696,2014,2016-01-11,9740,2014-01-19,1305,011615,,7,1,9,4000,0,1,3,,1,015,"RT 1","SAN CARPOFORO CREEK",3432.00,N,N,A,-,Y,SLO,5,1,-,-,72.030,H,-,S,N,2,0,1,1,A,-,08,22107,,N,F,A,A,A,H,-,A,D,0,,Y,,,Y,,L,04,1,0,0,0,0,0,1,0,0,"- ","- ",35.770389999999999,-121.32371999999999,"SAN LUIS OBISPO",UNINCORPORATED,-121.32411430000001,35.770900699999999
6379216,2014,2015-11-16,9740,2014-02-08,2359,017283,,6,3,3,4004,0,1,2,,2,003,"RT 101","RT 46",3168.00,N,N,B,-,Y,SLO,5,101,-,-,54.740,H,-,N,Y,2,0,1,1,A,-,01,23152,A,N,E,J,A,B,H,-,D,D,1,,,,,Y,Y,A,01,1,0,0,0,0,0,0,0,0,"- ","- ",35.598370000000003,-120.69405,"SAN LUIS OBISPO","PASO ROBLES",-120.69417378999999,35.598249279999997
6403015,2014,2014-07-01,9740,2014-03-09,0025,014543,,7,3,9,4000,0,3,5,,2,022,"WATER VIEW DR","WINDWARD WY",140.00,W,N,A,-,N,,,,,,,,,,N,2,0,1,2,A,-,01,23152,A,N,G,B,E,A,H,-,D,D,0,Y,,,,Y,Y,D,22,1,0,0,0,1,0,0,0,0,"- ","- ",35.72495,-120.89378000000001,"SAN LUIS OBISPO",UNINCORPORATED,-120.89374914,35.724966899999998
6445104,2014,2014-07-10,4004,2014-03-24,2251,1201,04,1,5,3,4004,0,0,0,,0,045,RIVER,"RIVER 841",0.00,,Y,A,-,N,,,,,,,,,,Y,2,0,1,1,A,-,03,22350,,N,E,I,A,A,H,-,C,A,0,,,Y,,Y,,C,02,1,0,0,0,0,0,0,0,1,"- ","- ",,,"SAN LUIS OBISPO","PASO ROBLES",-120.68270445,35.60347574
6471353,2014,2014-07-11,9745,2014-04-27,1109,17151,,7,1,9,4000,0,3,5,,2,005,"DIVISION ST","JUPITER DR",82.00,E,N,A,-,N,,,,,,,,,,Y,2,0,2,2,A,-,08,22107,,N,C,E,A,A,H,-,A,D,0,,,,Y,Y,,A,01,1,0,1,0,0,0,0,0,0,"- ","- ",35.019550000000002,-120.49007,"SAN LUIS OBISPO",UNINCORPORATED,-120.49016396,35.01934765
6471641,2014,2016-03-05,4004,2014-02-23,0124,1197,03,7,5,3,4004,0,0,0,,0,3-3,"RT 46 E","GOLDEN HILL",700.00,W,N,A,-,Y,SLO,5,46,-,-,31.180,H,-,W,Y,2,0,1,1,A,-,01,23152,A,N,E,I,A,A,H,-,D,D,0,,,,,Y,Y,A,01,1,0,0,0,0,0,0,0,0,"- ","- ",,,"SAN LUIS OBISPO","PASO ROBLES",-120.66032128000001,35.644633220000003
6479715,2014,2016-04-06,9740,2014-04-29,0733,12113,,2,1,9,4000,0,1,3,,1,009,"RT 46","RT 41",1561.00,E,N,A,-,Y,SLO,5,46,-,-,55.450,H,-,W,Y,2,0,2,1,C,-,18,,,N,E,J,A,A,H,-,A,D,0,,,,,Y,,-,"- ",1,1,0,0,0,0,0,0,0,"- ","- ",35.734720000000003,-120.28261000000001,"SAN LUIS OBISPO",UNINCORPORATED,-120.27849198,35.735557419999999
6486108,2014,2014-07-24,4008,2014-05-05,2051,1053,,1,5,4,4008,0,0,0,,0,,"EL CAMINO REAL","EL BORDO AV",340.00,N,N,A,-,N,,,,,,,,,,Y,2,0,2,2,A,-,01,23152,A,F,C,C,A,A,H,-,C,D,0,,,,,Y,Y,A,01,1,0,1,0,0,0,0,0,0,"- ","- ",35.464820000000003,-120.64743,"SAN LUIS OBISPO",ATASCADERO,-120.64753629000001,35.464744119999999
6493534,2014,2016-04-06,9745,2014-05-18,2100,16068,,7,2,9,4000,0,1,3,,1,011,"RT 41","BEAR RIDGE RD",2112.00,S,N,A,-,Y,SLO,5,41,-,-,4.970,H,-,N,Y,2,0,4,2,A,-,01,23152,A,N,A,C,A,A,H,-,D,D,0,,,,,Y,Y,A,01,1,0,3,0,0,0,0,0,0,"- ","- ",35.42313,-120.78838,"SAN LUIS OBISPO",UNINCORPORATED,-120.78691265,35.423488259999999
6508919,2014,2016-04-05,9745,2014-05-20,1643,016089,,2,2,9,4000,0,1,3,,1,032,"RT 227","PHILLIPS RD",528.00,S,N,A,-,Y,SLO,5,227,-,-,2.490,H,-,N,Y,2,0,2,2,A,-,01,23152,A,N,A,C,A,A,H,-,A,D,0,,,,,Y,Y,A,07,2,0,0,0,0,0,0,0,0,"- ","- ",,,"SAN LUIS OBISPO",UNINCORPORATED,-120.5730593,35.147265249999997
6509782,2014,2016-04-09,9740,2014-05-07,0938,13952,,3,1,9,4000,0,1,3,,1,015,"RT 1","RAGGED POINT INN",7392.00,N,N,B,-,Y,SLO,5,1,-,-,74.320,H,-,S,Y,2,0,1,1,A,-,08,22107,,N,E,I,A,A,H,-,A,D,0,,,Y,,Y,,C,02,1,0,0,0,0,0,0,0,1,"- ","- ",,,"SAN LUIS OBISPO",UNINCORPORATED,-121.34524657,35.79516529
6511725,2014,2014-07-30,9740,2014-05-16,0620,014662,,5,1,9,4000,0,3,5,,2,021,"OLD CREEK RD","COTTONTAIL CREEK RD",8976.00,N,N,A,-,N,,,,,,,,,,Y,2,0,1,1,A,-,08,22107,,N,F,A,A,A,H,-,A,D,0,,,Y,,Y,,C,02,1,0,0,0,0,0,0,0,1,"- ","- ",35.494700000000002,-120.8439,"SAN LUIS OBISPO",UNINCORPORATED,-120.84530916999999,35.494068679999998
6528261,2014,2014-08-26,4006,2014-06-06,1540,10140,4006,5,5,4,4006,0,0,0,,0,,"TANK FARM",LONG,0.00,,Y,A,-,N,,,,,,,,,,N,2,0,1,2,D,-,00,,,N,D,C,A,A,H,-,A,D,0,,,Y,,Y,,-,"- ",1,0,0,0,0,0,0,0,1,"- ","- ",,,"SAN LUIS OBISPO","SAN LUIS OBISPO",-120.67113994,35.246810089999997
6529932,2014,2014-08-08,9745,2014-06-13,2207,13937,,5,3,9,4000,0,2,4,,1,053,"POMEROY RD","ROLLING OAKS",97.00,S,N,A,-,N,,,,,,,,,,Y,2,0,1,1,A,-,01,23152,A,N,E,I,A,A,H,-,D,D,0,,,,,Y,Y,D,22,1,0,0,0,0,0,0,0,0,"- ","- ",35.311,-120.31399999999999,"SAN LUIS OBISPO",UNINCORPORATED,-120.52768,35.05461356
6530549,2014,2016-04-09,9745,2014-06-12,1620,013531,,4,2,9,4000,0,3,5,,2,003,"HIGUERA ST","SAN LUIS OBISPO CREEK",21.00,S,N,A,-,Y,SLO,5,101,-,R,24.840,R,4,N,Y,2,0,1,1,A,-,08,22107,,N,E,I,A,A,H,-,A,D,1,,,,,Y,,A,01,1,0,0,0,0,0,0,0,0,"- ","- ",35.231479999999998,-120.68957,"SAN LUIS OBISPO",UNINCORPORATED,-120.68998883,35.231822049999998
6548322,2014,2014-08-21,9745,2014-06-26,1630,012601,,4,2,9,4000,0,3,5,,2,002,"7TH ST","PISMO AV",250.00,N,N,A,-,N,,,,,,,,,,N,2,0,1,3,A,-,09,21801,A,N,A,C,A,A,H,-,A,D,0,,,Y,,Y,,A,07,1,0,0,0,0,0,0,0,1,"- ","- ",35.323560000000001,-120.83548999999999,"SAN LUIS OBISPO",UNINCORPORATED,-120.83545843,35.323216700000003
6548982,2014,2016-04-07,9740,2014-06-22,1055,014460,,7,1,9,4000,0,1,2,,2,004,"RT 101","WELLSONA RD",2112.00,S,N,A,-,Y,SLO,5,101,-,-,61.480,H,-,S,Y,2,0,2,1,A,-,08,22107,,N,F,A,A,A,H,-,A,D,5,,,,,Y,,D,22,1,1,0,0,0,0,0,0,0,"- ","- ",35.690519999999999,-120.69692000000001,"SAN LUIS OBISPO",UNINCORPORATED,-120.69688752,35.689986779999998
6561662,2014,2014-08-27,9745,2014-07-15,1222,017151,,2,1,9,4000,0,2,4,,1,048,"AVILA BEACH DR","FRONT ST",2112.00,N,N,A,-,N,,,,,,,,,,Y,2,0,1,2,A,-,03,22350,,N,G,B,E,A,H,-,A,D,0,Y,,,,Y,,A,01,1,0,0,0,1,0,0,0,0,"- ","- ",35.172800000000002,-120.74333,"SAN LUIS OBISPO",UNINCORPORATED,,
6573977,2014,2014-08-27,4006,2014-07-11,1811,27940,,5,5,4,4006,0,0,0,,0,,"TANK FARM RD",POINSETTIA,0.00,,Y,A,-,N,,,,,,,,,,N,2,0,1,2,A,-,10,21950,A,N,G,B,B,A,H,-,A,A,0,Y,,,,Y,,A,01,1,0,0,0,1,0,0,0,0,"- ","- ",,,"SAN LUIS OBISPO","SAN LUIS OBISPO",-120.64045998,35.249320109999999
6587497,2014,2014-09-05,9745,2014-08-03,2130,17146,,7,2,9,4000,0,2,4,,1,058,"ORCHARD RD","SOUTHLAND ST",245.00,N,N,A,-,N,,,,,,,,,,Y,2,0,1,2,A,-,09,21804,A,N,C,C,A,A,H,-,C,D,0,,,Y,,Y,Y,A,01,1,0,0,0,0,0,0,0,1,"- ","- ",35.017000000000003,-120.48086000000001,"SAN LUIS OBISPO",UNINCORPORATED,-120.48103509000001,35.017013769999998