CASE_ID,ACCIDENT_YEAR,PROC_DATE,JURIS,COLLISION_DATE,COLLISION_TIME,OFFICER_ID,REPORTING_DISTRICT,DAY_OF_WEEK,CHP_SHIFT,POPULATION,CNTY_CITY_LOC,SPECIAL_COND,BEAT_TYPE,CHP_BEAT_TYPE,CITY_DIVISION_LAPD,CHP_BEAT_CLASS,BEAT_NUMBER,PRIMARY_RD,SECONDARY_RD,DISTANCE,DIRECTION,INTERSECTION,WEATHER_1,WEATHER_2,STATE_HWY_IND,CALTRANS_COUNTY,CALTRANS_DISTRICT,STATE_ROUTE,ROUTE_SUFFIX,POSTMILE_PREFIX,POSTMILE,LOCATION_TYPE,RAMP_INTERSECTION,SIDE_OF_HWY,TOW_AWAY,COLLISION_SEVERITY,NUMBER_KILLED,NUMBER_INJURED,PARTY_COUNT,PRIMARY_COLL_FACTOR,PCF_CODE_OF_VIOL,PCF_VIOL_CATEGORY,PCF_VIOLATION,PCF_VIOL_SUBSECTION,HIT_AND_RUN,TYPE_OF_COLLISION,MVIW,PED_ACTION,ROAD_SURFACE,ROAD_COND_1,ROAD_COND_2,LIGHTING,CONTROL_DEVICE,CHP_ROAD_TYPE,PEDESTRIAN_ACCIDENT,BICYCLE_ACCIDENT,MOTORCYCLE_ACCIDENT,TRUCK_ACCIDENT,NOT_PRIVATE_PROPERTY,ALCOHOL_INVOLVED,STWD_VEHTYPE_AT_FAULT,CHP_VEHTYPE_AT_FAULT,COUNT_SEVERE_INJ,COUNT_VISIBLE_INJ,COUNT_COMPLAINT_PAIN,COUNT_PED_KILLED,COUNT_PED_INJURED,COUNT_BICYCLIST_KILLED,COUNT_BICYCLIST_INJURED,COUNT_MC_KILLED,COUNT_MC_INJURED,PRIMARY_RAMP,SECONDARY_RAMP,LATITUDE,LONGITUDE,COUNTY,CITY,POINT_X,POINT_Y
6595809,2014,2016-05-03,9750,2014-08-03,1830,17616,,7,2,9,4000,0,1,3,,2,061,"RT 166","TEPUSQUET RD",14256.00,W,N,A,-,Y,SB,5,166,-,-,21.400,H,-,W,Y,2,0,1,1,A,-,08,22107,,N,E,I,A,A,H,-,A,D,0,,,Y,,Y,,C,02,1,0,0,0,0,0,0,0,1,"- ","- ",35.026780000000002,-120.25530999999999,"SAN LUIS OBISPO",UNINCORPORATED,-120.25106844,35.030585049999999
6596083,2014,2015-12-03,9740,2014-08-03,2000,15167,,7,2,9,4000,0,3,5,,2,016,"W POZO RD","SANTA MARGARITA LAKE RD",25344.00,E,N,B,-,N,,,,,,,,,,Y,2,0,1,1,D,-,00,,,N,H,H,A,A,H,-,D,D,0,,,Y,,Y,Y,-,"- ",1,0,0,0,0,0,0,0,1,"- ","- ",35.288670000000003,-120.44616000000001,"SAN LUIS OBISPO",UNINCORPORATED,-120.44640515,35.288473150000002
6606864,2014,2014-09-19,9740,2014-08-12,0835,013984,,2,1,9,4000,0,3,5,,2,022,"CHIMNEY ROCK RD","NACIMIENTO LAKE DR",2640.00,W,N,A,-,N,,,,,,,,,,N,2,0,1,2,A,-,06,21750,,N,B,G,A,A,H,-,A,D,0,,Y,,Y,Y,,G,27,1,0,0,0,0,0,1,0,0,"- ","- ",35.685949999999998,-120.80345,"SAN LUIS OBISPO",UNINCORPORATED,-120.80408462,35.685653180000003
6614855,2014,2016-05-02,9740,2014-08-30,1450,015167,,6,2,9,4000,0,1,3,,1,015,"RT 1","RAGGED POINT INN",5280.00,N,N,A,-,Y,SLO,5,1,-,-,73.820,H,-,S,Y,2,0,1,2,A,-,05,21460,A,N,A,C,A,A,H,-,A,D,0,,,Y,,Y,,C,02,1,0,0,0,0,0,0,0,1,"- ","- ",35.78396,-121.33219,"SAN LUIS OBISPO",UNINCORPORATED,-121.33965522,35.791138189999998
6616039,2014,2014-09-29,9740,2014-08-31,1030,014622,,7,1,9,4000,0,3,5,,2,017,"ALMOND DR","SPRING CREEK WY",0.00,,Y,A,-,N,,,,,,,,,,N,2,0,1,2,A,-,05,21752,A,F,F,A,A,A,H,-,A,D,0,,Y,,,Y,,D,22,1,0,0,0,0,0,1,0,0,"- ","- ",35.546999999999997,-120.62376999999999,"SAN LUIS OBISPO",UNINCORPORATED,-120.62387995,35.546930019999998
6627727,2014,2016-05-03,9750,2014-09-15,0315,014645,,1,3,9,4000,0,1,3,,2,061,"RT 166","BULL CANYON RD",5808.00,W,N,B,-,Y,SLO,5,166,-,-,11.050,H,-,W,Y,2,0,1,1,A,-,08,22107,,N,F,A,A,A,H,-,D,D,0,,,,,Y,,A,07,1,0,0,0,0,0,0,0,0,"- ","- ",34.999560000000002,-120.39998,"SAN LUIS OBISPO",UNINCORPORATED,-120.39864470000001,34.99989978
6630852,2014,2014-11-03,9740,2014-09-20,1010,013984,,6,1,9,4000,0,3,5,,2,022,"VINEYARD DR","DOVER CANYON RD",200.00,S,N,A,-,N,,,,,,,,,,N,2,0,1,1,A,-,03,22350,,N,F,I,A,A,H,-,A,D,0,,,Y,,Y,,C,02,1,0,0,0,0,0,0,0,1,"- ","- ",,,"SAN LUIS OBISPO",UNINCORPORATED,-120.82025046,35.588463599999997
6637509,2014,2016-05-04,9740,2014-09-06,1105,014460,,6,1,9,4000,0,1,3,,2,007,"RT 41","YOSEMITE PL",60.00,N,N,A,-,Y,SLO,5,41,-,-,32.340,H,-,S,Y,2,0,1,1,A,-,08,22107,,N,E,I,A,A,D,H,A,D,0,,,Y,,Y,,C,02,1,0,0,0,0,0,0,0,1,"- ","- ",35.570329999999998,-120.47244000000001,"SAN LUIS OBISPO",UNINCORPORATED,-120.47257467999999,35.569802879999997
6647358,2014,2014-10-16,4002,2014-09-26,0739,100,206,5,5,3,4002,0,0,0,,0,002,"FARROLL RD","S 10TH ST",27.00,W,N,A,-,N,,,,,,,,,,N,2,0,1,2,A,-,08,22107,,N,D,G,A,A,H,-,A,D,0,,Y,,,Y,,D,22,1,0,0,0,0,0,1,0,0,"- ","- ",,,"SAN LUIS OBISPO","GROVER BEACH",-120.61965487000001,35.113015249999997
6649263,2014,2016-05-09,9740,2014-09-25,1640,015644,,4,2,9,4000,0,1,3,,2,005,"RT 58","SHELL CREEK RD",6864.00,E,N,A,-,Y,SLO,5,58,-,-,22.300,H,-,W,N,2,0,1,1,A,-,08,22107,,N,E,I,A,A,H,-,A,D,0,,,Y,,Y,,C,02,1,0,0,0,0,0,0,0,1,"- ","- ",35.449179999999998,-120.31567,"SAN LUIS OBISPO",UNINCORPORATED,-120.3156469,35.449137899999997
6657709,2014,2014-12-11,9740,2014-10-03,0945,012113,,5,1,9,4000,0,1,3,,2,008,"RT 46","GRUENHAGEN FLAT RD",3168.00,E,N,A,-,Y,,,46,,,,,,,Y,2,0,1,1,A,-,08,22107,,N,F,A,A,A,D,-,A,D,0,,,,,Y,,A,07,1,0,0,0,0,0,0,0,0,"- ","- ",35.659709999999997,-120.47067,"SAN LUIS OBISPO",UNINCORPORATED,-120.47065499999999,35.659436509999999
6669060,2014,2014-12-15,4008,2014-10-05,1837,1053,,7,5,4,4008,0,0,0,,0,,"CURBARIL AV","SANTA YSABEL AV",0.00,,Y,A,-,N,,,,,,,,,,Y,2,0,3,1,A,-,01,23152,A,F,E,I,A,A,H,-,A,D,0,,,,,Y,Y,A,01,1,2,0,0,0,0,0,0,0,"- ","- ",35.47927,-120.6545,"SAN LUIS OBISPO",ATASCADERO,-120.65440997,35.479200050000003
6670313,2014,2016-05-09,4004,2014-07-07,1325,1197,3,1,5,3,4004,0,0,0,,0,038,"RT 46","GOLDEN HILL",0.00,,Y,A,-,Y,SLO,5,46,-,-,31.310,I,5,E,Y,2,0,6,3,A,-,12,21453,A,N,D,C,A,A,H,-,A,A,0,,,,,Y,,A,01,1,0,5,0,0,0,0,0,0,"- ","- ",,,"SAN LUIS OBISPO","PASO ROBLES",-120.65809040000001,35.644427319999998
6686073,2014,2015-01-06,9745,2014-10-20,2044,013937,,1,2,2,4005,0,1,2,,2,404,"RT 101","4TH ST",2640.00,N,N,A,-,Y,,,101,,,,,,,Y,2,0,3,3,A,-,03,22350,,N,C,C,A,A,H,-,D,D,0,,,,,Y,,A,01,1,0,2,0,0,0,0,0,0,"- ","- ",35.138109999999998,-120.63051,"SAN LUIS OBISPO","PISMO BEACH",-120.63052365,35.138042980000002
6689169,2014,2016-06-18,9740,2014-10-25,2335,015644,,6,3,9,4000,0,1,3,,1,014,"RT 1","WINDSOR BL",84.00,N,N,A,-,Y,SLO,5,1,-,-,50.690,H,-,N,Y,2,0,2,2,A,-,05,21651,A,N,E,C,A,A,H,-,C,A,0,,,Y,,Y,Y,A,01,1,1,0,0,0,0,0,0,2,"- ","- ",35.569000000000003,-121.10419,"SAN LUIS OBISPO",UNINCORPORATED,-121.10428886,35.569022400000001
6702305,2014,2015-01-07,9745,2014-11-05,0655,013531,,3,1,9,4000,0,3,5,,2,004,"NOYES RD","E ORMONDE RD",2112.00,W,N,A,-,N,,,,,,,,,,Y,2,0,1,1,C,-,18,,,N,H,H,A,A,H,-,A,D,0,,,Y,,Y,,-,"- ",1,0,0,0,0,0,0,0,1,"- ","- ",35.156619999999997,-120.58699,"SAN LUIS OBISPO",UNINCORPORATED,-120.58711,35.159460000000003
6718039,2014,2015-01-20,9740,2014-11-28,1510,15644,,5,2,9,4000,0,2,4,,2,012,"NACIMIENTO LAKE DR","ADELAIDA RD",829.00,E,N,A,-,N,,,,,,,,,,Y,1,1,1,3,A,-,08,22107,,N,H,G,A,A,H,-,A,D,0,,Y,,,Y,,A,07,1,0,0,0,0,1,1,0,0,"- ","- ",35.648760000000003,-120.71793,"SAN LUIS OBISPO",UNINCORPORATED,-120.71805197,35.648756200000001
6718078,2014,2015-12-30,9750,2014-12-13,0549,014820,,6,3,9,4000,0,1,3,,1,065,"RT 166","KIRSCHENMANN RD",6336.00,E,N,A,-,Y,SLO,5,166,-,-,70.930,H,-,W,Y,1,1,0,2,A,-,08,22107,,N,A,C,A,A,H,-,D,D,0,,,,Y,Y,,A,01,0,0,0,0,0,0,0,0,0,"- ","- ",34.934339999999999,-119.57899,"SAN LUIS OBISPO",UNINCORPORATED,-119.57815882,34.9343936
6718084,2014,2015-12-18,9740,2014-12-15,1005,014460,,1,1,9,4000,0,3,5,,2,024,"ORVILLE PL","ORVILLE AV",54.00,S,N,B,C,N,,,,,,,,,,Y,1,1,0,1,A,-,01,23152,A,N,E,I,A,B,H,-,A,D,0,,,,,Y,Y,A,08,0,0,0,0,0,0,0,0,0,"- ","- ",35.547829999999998,-121.07738999999999,"SAN LUIS OBISPO",UNINCORPORATED,-121.07762,35.547870000000003
6718205,2014,2015-03-11,9745,2014-12-21,1805,15734,,7,2,9,4000,0,2,4,,1,025,"LOS OSOS VALLEY RD","PALOMINO DR",600.00,W,N,A,-,N,,,,,,,,,,Y,1,1,0,2,A,-,11,21954,A,N,G,B,D,A,H,-,C,D,0,Y,,,,Y,Y,N,60,0,0,0,1,0,0,0,0,0,"- ","- ",35.307250000000003,-120.81672,"SAN LUIS OBISPO",UNINCORPORATED,-120.81590515000001,35.307095629999999
6718532,2015,2015-06-08,9745,2015-05-07,2024,17017,,4,2,9,4000,0,1,3,,1,032,"RT 227","BIDDLE RANCH RD",527.00,S,N,B,-,Y,SLO,5,227,-,R,8.150,H,-,S,Y,1,1,1,2,A,-,05,21651,A,N,D,C,A,A,H,-,D,D,0,,,Y,,Y,,D,22,1,0,0,0,0,0,0,1,1,"- ","- ",35.220999999999997,-120.62062,"SAN LUIS OBISPO",UNINCORPORATED,-120.61625355,35.213409380000002
6720246,2014,2014-12-11,4003,2014-08-22,1003,B6299,2,5,5,2,4003,0,0,0,,0,001,"BEACH ST","FRONT ST",0.00,,Y,A,-,N,,,,,,,,,,N,1,1,0,2,A,-,12,22450,A,N,H,G,A,A,H,-,A,A,0,,Y,,,Y,,L,04,0,0,0,0,0,1,0,0,0,"- ","- ",,,"SAN LUIS OBISPO","MORRO BAY",-120.85418998999999,35.36873001
6721301,2014,2015-01-09,9740,2014-11-08,2058,14460,,6,2,4,4008,0,1,2,,2,002,"RT 101","SAN RAMON RD",99.00,N,N,A,-,Y,,,101,,,,,,,Y,2,0,1,1,A,-,08,22107,,N,E,I,A,A,H,-,D,D,0,,,,,Y,,A,01,1,0,0,0,0,0,0,0,0,"- ","- ",35.526600000000002,-120.70489000000001,"SAN LUIS OBISPO",ATASCADERO,-120.70477959999999,35.5266552
6752908,2014,2015-01-27,4004,2014-11-20,1639,1062,04,4,5,3,4004,0,0,0,,0,048,SHERWOOD,COMMERCE,120.00,E,N,A,-,N,,,,,,,,,,N,2,0,1,2,A,-,08,22102,,F,D,C,A,A,H,-,A,D,0,,,Y,,Y,Y,A,07,1,0,0,0,0,0,0,0,1,"- ","- ",,,"SAN LUIS OBISPO","PASO ROBLES",-120.65191663,35.615767849999997
6753296,2014,2016-06-18,9740,2014-12-27,1400,14622,,6,2,9,4000,0,1,3,,1,015,"RT 1","ARROYO LAGUNA",6864.00,N,N,A,-,Y,SLO,5,1,-,-,61.180,H,-,S,Y,2,0,1,2,A,-,09,21802,A,N,D,C,A,A,H,-,A,A,0,,,Y,,Y,,A,01,1,0,0,0,0,0,0,0,1,"- ","- ",35.654020000000003,-120.22429,"SAN LUIS OBISPO",UNINCORPORATED,-121.23937103999999,35.65375899
6774750,2014,2016-06-18,9740,2014-12-26,0840,014460,,5,1,9,4000,0,1,3,,1,014,"RT 1","CAMBRIA PINES RD",1584.00,N,N,A,-,Y,SLO,5,1,-,-,51.690,H,-,N,N,2,0,1,2,A,-,08,22107,,N,B,G,A,A,H,-,A,D,0,,Y,,,Y,,A,07,1,0,0,0,0,0,1,0,0,"- ","- ",35.579520000000002,-121.11535000000001,"SAN LUIS OBISPO",UNINCORPORATED,-121.11544984,35.579587420000003
6775376,2014,2016-06-18,4005,2014-12-08,0915,P096,3,1,5,2,4005,0,0,0,,0,,DOLLIVER,"SAN LUIS",118.00,S,N,A,-,Y,SLO,5,1,-,-,15.820,H,-,S,N,2,0,1,1,D,-,00,,,N,F,I,A,A,A,D,A,D,0,,Y,,,Y,,-,"- ",1,0,0,0,0,0,1,0,0,"- ","- ",,,"SAN LUIS OBISPO","PISMO BEACH",-120.64394947,35.143369999999997
6788979,2015,2016-04-13,9745,2015-01-26,2000,017541,,1,2,9,4000,0,3,5,,2,004,"DIVISION ST","RT 1",5280.00,E,N,C,-,N,,,,,,,,,,Y,2,0,1,1,A,-,08,22107,,N,E,I,A,B,H,-,D,D,0,,,,,Y,,A,01,1,0,0,0,0,0,0,0,0,"- ","- ",34.991480000000003,-120.55145,"SAN LUIS OBISPO",UNINCORPORATED,-120.55290835,34.991042579999998
6808014,2015,2016-10-03,9740,2015-01-25,1450,16089,,7,2,9,4000,0,1,3,,2,007,"RT 41","CRIPPLE CREEK RD",3168.00,S,N,A,-,Y,SLO,5,41,-,-,25.620,H,-,S,N,2,0,1,1,A,-,03,22350,,N,F,A,A,A,H,-,A,A,0,,,Y,,Y,,C,02,1,0,0,0,0,0,0,0,1,"- ","- ",35.526940000000003,-120.56328000000001,"SAN LUIS OBISPO",UNINCORPORATED,-120.56285638,35.527202250000002
6817509,2015,2015-03-06,9745,2015-02-06,2045,013212,,5,2,9,4000,0,2,4,,1,053,"POMEROY RD","CAMINO CABALLO",99.00,S,N,B,-,N,,,,,,,,,,Y,2,0,1,1,A,-,08,22107,,N,E,I,A,A,H,-,D,D,0,,,,,Y,,A,01,1,0,0,0,0,0,0,0,0,"- ","- ",35.034509999999997,-120.50075,"SAN LUIS OBISPO",UNINCORPORATED,-120.50070117999999,35.034593209999997
6828540,2015,2016-09-13,9750,2015-02-22,1505,015915,,7,2,9,4000,0,1,3,,2,061,"RT 166","ALAMO CREEK RD",18480.00,E,N,B,C,Y,SLO,5,166,-,-,21.240,H,-,W,Y,2,0,1,1,A,-,08,22107,,N,F,A,A,B,H,-,A,D,0,,,,,Y,,D,22,1,0,0,0,0,0,0,0,0,"- ","- ",35.025539999999999,-120.26432,"SAN LUIS OBISPO",UNINCORPORATED,-120.25312366999999,35.02905415
6835429,2015,2015-03-13,9740,2015-02-24,1705,14691,,2,2,9,4000,0,3,5,,2,018,"E CENTRE ST","SAN JUAN RD",528.00,W,N,A,-,N,,,,,,,,,,N,2,0,1,2,A,-,11,21954,A,N,G,B,D,A,H,-,A,D,0,Y,,,,Y,,N,60,1,0,0,0,1,0,0,0,0,"- ","- ",35.657240000000002,-120.36581,"SAN LUIS OBISPO",UNINCORPORATED,-120.3650102,35.657897740000003
6849299,2015,2015-03-23,9740,2015-03-09,2115,13133,,1,2,9,4000,0,3,5,,2,017,"LA PANZA RD","LITTLE FARM RD",3168.00,S,N,A,-,N,,,,,,,,,,Y,2,0,1,1,A,-,01,23152,A,N,E,I,A,A,H,-,D,D,0,,,,,Y,Y,A,01,1,0,0,0,0,0,0,0,0,"- ","- ",35.528820000000003,-120.50326,"SAN LUIS OBISPO",UNINCORPORATED,-120.50316463,35.526777269999997
6854160,2015,2017-04-20,9745,2015-01-31,2242,20229,,6,3,3,4001,0,3,5,,2,005,"EL CAMPO RD","FALCON CREST DR",87.00,N,N,A,-,N,,,,,,,,,,Y,1,1,0,1,A,-,08,22107,,N,E,I,A,A,H,-,D,D,0,,,,,Y,Y,A,07,0,0,0,0,0,0,0,0,0,"- ","- ",35.106929999999998,-120.5616,"SAN LUIS OBISPO","ARROYO GRANDE",-120.56163764,35.107077859999997
6854612,2015,2015-05-13,9745,2015-02-22,0100,20229,,7,3,9,4000,0,3,5,,2,005,"HIGH MOUNTAIN LOOKOUT RD","HIGH MOUNTAIN RD",11616.00,W,N,B,-,N,,,,,,,,,,Y,1,1,1,1,A,-,01,23152,A,N,E,I,A,A,H,-,D,D,0,,,,,Y,Y,D,22,0,1,0,0,0,0,0,0,0,"- ","- ",35.26146,-120.42983,"SAN LUIS OBISPO",UNINCORPORATED,-120.42875812,35.260951319999997
6864623,2015,2015-04-07,9745,2015-03-15,1900,020229,,7,2,9,4000,0,3,5,,2,005,"HUASNA RD","BRANCH MILL RD",155.00,S,N,A,-,N,,,,,,,,,,Y,2,0,2,1,A,-,08,22107,,N,E,I,A,A,H,-,A,D,0,,,,,Y,,A,01,1,1,0,0,0,0,0,0,0,"- ","- ",35.134430000000002,-120.53998,"SAN LUIS OBISPO",UNINCORPORATED,-120.54082,35.134990000000002
6866788,2015,2017-04-25,9740,2015-03-02,1735,11615,,1,2,9,4000,0,1,3,,1,015,"RT 1","SAN CARPOFORO CREEK",8976.00,N,N,B,-,Y,SLO,5,1,-,-,73.040,H,-,S,Y,1,1,0,1,A,-,21,22106,,N,F,A,A,B,H,-,A,D,0,,,,,Y,,A,01,0,0,0,0,0,0,0,0,0,"- ","- ",35.784019999999998,-121.33215,"SAN LUIS OBISPO",UNINCORPORATED,-121.33193647,35.783807969999998
6883921,2015,2015-04-21,9745,2015-04-02,1330,12876,,4,1,9,4000,0,3,5,,2,004,"LOPEZ DR","HIGH MOUNTAIN RD",1584.00,W,N,A,-,N,,,,,,,,,,Y,2,0,1,1,A,-,03,22350,,N,E,I,A,A,H,-,A,D,0,,,Y,,Y,,C,02,1,0,0,0,0,0,0,0,1,"- ","- ",35.185859999999998,-120.46096,"SAN LUIS OBISPO",UNINCORPORATED,-120.4614059,35.186194460000003
6890464,2015,2017-01-04,9745,2015-04-10,1700,014996,,5,2,9,4000,0,1,2,,2,303,"RT 101","SAN LUIS OBISPO CREEK",2112.00,S,N,A,-,Y,SLO,5,101,-,R,21.090,H,-,S,Y,2,0,4,4,A,-,03,22350,,N,C,C,A,A,H,-,A,D,1,,,,,Y,,A,07,1,0,3,0,0,0,0,0,0,"- ","- ",35.179969999999997,-120.69970000000001,"SAN LUIS OBISPO",UNINCORPORATED,-120.69924145,35.179395829999997
6908258,2015,2016-09-29,9745,2015-04-18,2210,017238,,6,3,9,4000,0,1,3,,2,023,"RT 1","EDUCATION DR",370.00,N,N,A,-,Y,SLO,5,1,-,-,22.900,H,-,N,Y,2,0,3,1,A,-,08,22107,,N,E,I,A,A,H,-,D,D,1,,,,,Y,,A,07,3,0,0,0,0,0,0,0,0,"- ","- ",35.335599999999999,-120.74411000000001,"SAN LUIS OBISPO",UNINCORPORATED,-120.74689646,35.333370469999998
6913203,2015,2017-01-05,9745,2015-04-30,0123,013937,,4,3,2,4005,0,1,2,,2,404,"RT 101","OAK PARK BL",101.00,N,N,A,-,Y,SLO,5,101,-,-,14.730,R,3,N,Y,2,0,2,1,A,-,08,22107,,N,E,I,A,A,H,-,C,D,1,,,,,Y,Y,A,01,1,1,0,0,0,0,0,0,0,"- ","- ",35.130569999999999,-120.60688,"SAN LUIS OBISPO","PISMO BEACH",-120.60858191,35.130620880000002
6915348,2015,2016-11-03,9740,2015-04-28,1745,014622,,2,2,9,4000,0,1,3,,2,005,"RT 58","POZO RD",5280.00,W,N,A,-,Y,SLO,5,58,-,R,33.500,H,-,E,Y,2,0,1,1,A,-,08,22107,,N,F,A,A,A,H,-,A,D,0,,,Y,,Y,,C,02,1,0,0,0,0,0,0,0,1,"- ","- ",35.39499,-120.18146,"SAN LUIS OBISPO",UNINCORPORATED,-120.18237806,35.39612863
6925414,2015,2015-06-18,9740,2015-05-13,0640,14460,,3,1,9,4000,0,3,5,,2,022,"ADELAIDA RD","HIDDEN MOUNTAIN RD",1584.00,W,N,A,-,N,,,,,,,,,,Y,2,0,1,2,A,-,05,21460,A,N,C,C,A,A,H,-,A,D,0,,,Y,,Y,,C,02,1,0,0,0,0,0,0,0,1,"- ","- ",35.649039999999999,-120.78839000000001,"SAN LUIS OBISPO",UNINCORPORATED,-120.78907653,35.649044459999999
6925992,2015,2016-09-29,9745,2015-05-02,2050,20689,,6,2,9,4000,0,1,3,,2,023,"RT 1","STENNER CREEK RD",1584.00,N,N,A,-,Y,SLO,5,1,-,-,18.880,H,-,N,Y,2,0,10,2,A,-,07,21658,A,N,B,C,A,A,H,-,D,D,1,,,,,Y,,A,07,2,2,6,0,0,0,0,0,0,"- ","- ",35.314590000000003,-120.68998000000001,"SAN LUIS OBISPO",UNINCORPORATED,-120.68456439000001,35.311052160000003
6928768,2015,2017-01-05,9745,2015-05-11,1328,20228,,1,1,9,4000,0,1,2,,2,303,"RT 101","LOS OSOS VALLEY RD",592.00,S,N,A,-,Y,SLO,5,101,-,-,25.800,H,-,S,N,2,0,1,1,A,-,01,23152,A,N,E,I,A,A,D,-,A,D,1,,,Y,,Y,Y,C,02,1,0,0,0,0,0,0,0,1,"- ","- ",35.242750000000001,-120.6833,"SAN LUIS OBISPO",UNINCORPORATED,-120.68309757999999,35.243348390000001
6940947,2015,2017-01-04,9745,2015-06-22,0901,015716,,1,1,9,4000,0,1,2,,2,505,"RT 101","WILLOW RD",360.00,N,N,A,-,Y,SLO,5,101,-,-,6.480,H,-,N,Y,2,0,2,2,A,-,08,22107,,N,F,A,A,A,H,-,A,D,1,,,,,Y,,A,07,1,1,0,0,0,0,0,0,0,"- ","- ",35.056800000000003,-120.50241,"SAN LUIS OBISPO",UNINCORPORATED,-120.50160467000001,35.055970459999998
6978494,2015,2015-07-13,9740,2015-06-30,1830,14691,,2,2,9,4000,0,3,5,,2,018,"E CENTRE ST","CALLE ARROYO",30.00,W,N,A,-,N,,,,,,,,,,N,2,0,1,1,C,-,18,,,N,H,A,A,A,H,-,A,D,0,,,,,Y,,-,"- ",1,0,0,0,0,0,0,0,0,"- ","- ",35.655520000000003,-120.36908,"SAN LUIS OBISPO",UNINCORPORATED,-120.36894929,35.655605110000003
6983531,2015,2016-11-03,9740,2015-06-26,2117,17791,,5,2,9,4000,0,1,3,,2,011,"RT 46","GREEN VALLEY RD",1050.00,E,N,A,-,Y,SLO,5,46,-,R,2.570,H,-,E,Y,2,0,1,1,A,-,03,22350,,N,H,H,A,A,H,-,D,D,0,,,,,Y,,A,01,1,0,0,0,0,0,0,0,0,"- ","- ",35.540140000000001,-121.00323,"SAN LUIS OBISPO",UNINCORPORATED,-121.00739305,35.540783070000003
6990072,2015,2017-01-04,9745,2015-06-28,0055,20228,,7,3,9,4000,0,1,2,,1,101,"RT 101","SAN LUIS BAY DR",4821.00,N,N,A,-,Y,SLO,5,101,-,R,23.200,H,-,N,Y,2,0,2,2,A,-,02,22400,A,N,C,C,A,A,H,-,D,D,1,,,Y,,Y,,C,02,1,1,0,0,0,0,0,0,2,"- ","- ",35.209220000000002,-120.69686,"SAN LUIS OBISPO",UNINCORPORATED,-120.69687869000001,35.209122829999998
6990076,2015,2015-07-25,9745,2015-06-25,1648,17968,,4,2,9,4000,0,3,5,,2,005,"OSO FLACO LAKE RD","DIVISION ST",5280.00,N,N,A,-,N,,,,,,,,,,Y,2,0,1,2,A,-,03,22350,,N,C,C,A,A,H,-,A,D,0,,,,,Y,,A,08,1,0,0,0,0,0,0,0,0,"- ","- ",35.005719999999997,-120.54946,"SAN LUIS OBISPO",UNINCORPORATED,-120.54742994,35.005116489999999
7006119,2015,2017-04-06,9740,2015-07-25,2500,15167,,6,4,9,4000,0,2,4,,2,012,"LAKE NACIMIENTO DR","BLUEGILL DR",2376.00,N,N,A,-,N,,,,,,,,,,Y,1,1,0,1,A,-,01,23152,A,N,F,A,A,A,H,-,D,D,0,,,,,Y,Y,D,23,0,0,0,0,0,0,0,0,0,"- ","- ",35.754899999999999,-120.87723,"SAN LUIS OBISPO",UNINCORPORATED,-120.87724328,35.75489073
7006190,2015,2017-03-29,9740,2015-06-25,1925,17426,,4,2,9,4000,0,1,3,,2,011,"RT 46","VINEYARD DR",0.00,,Y,A,-,Y,SLO,5,46,-,R,17.398,I,5,E,Y,1,1,5,2,A,-,12,22450,A,N,D,C,A,A,H,-,A,A,0,,,,,Y,Y,A,01,1,1,3,0,0,0,0,0,0,"- ","- ",35.553330000000003,-120.7615,"SAN LUIS OBISPO",UNINCORPORATED,-120.76170096,35.553264910000003
7012221,2015,2016-11-03,9740,2015-06-30,1705,18323,,2,2,9,4000,0,1,3,,2,007,"RT 41","HOMESTEAD RD",4752.00,N,N,A,-,Y,SLO,5,41,-,-,20.930,H,-,N,Y,2,0,1,1,A,-,03,22350,,N,F,A,A,A,H,-,A,D,0,,,Y,,Y,,C,02,1,0,0,0,0,0,0,0,1,"- ","- ",35.506639999999997,-120.62418,"SAN LUIS OBISPO",UNINCORPORATED,-120.62601026999999,35.507336629999998
7022745,2015,2017-01-13,9745,2015-08-02,1755,020689,,7,2,2,4005,0,1,2,,2,404,"RT 101","SPYGLASS DR",1901.00,S,N,A,-,Y,SLO,5,101,-,-,19.450,H,-,S,Y,2,0,2,2,A,-,03,22350,,N,F,A,A,A,H,-,A,D,1,,,Y,,Y,,C,02,1,1,0,0,0,0,0,0,2,"- ","- ",,,"SAN LUIS OBISPO","PISMO BEACH",-120.6815806,35.16157338
7023181,2015,2015-09-04,9740,2015-08-02,2207,015854,,7,3,9,4000,0,3,5,,2,017,"LA PANZA RD","JOAQUIN WY",1056.00,N,N,A,-,N,,,,,,,,,,Y,2,0,1,1,A,-,01,23152,A,N,E,J,A,A,H,-,D,D,0,,,,,Y,Y,D,22,1,0,0,0,0,0,0,0,0,"- ","- ",35.495060000000002,-120.45928000000001,"SAN LUIS OBISPO",UNINCORPORATED,-120.45864202999999,35.494838590000001
7023281,2015,2017-01-13,9740,2015-07-31,1805,014691,,5,2,9,4000,0,1,3,,2,008,"RT 46","EAST CENTRE ST",2112.00,W,N,A,-,Y,SLO,5,46,-,-,48.230,H,-,W,Y,2,0,1,1,A,-,01,23152,A,N,F,A,A,A,H,-,A,D,0,,,,,Y,Y,A,01,1,0,0,0,0,0,0,0,0,"- ","- ",35.66254,-120.36481999999999,"SAN LUIS OBISPO",UNINCORPORATED,-120.36469501000001,35.662526759999999
7026091,2015,2017-01-14,9740,2015-08-01,1552,018323,,6,2,9,4000,0,1,2,,2,003,"RT 101","RT 46",2640.00,N,N,A,-,Y,SLO,5,101,-,-,54.610,H,-,N,Y,2,0,1,4,A,-,08,22107,,N,E,I,A,A,H,-,A,D,1,,,,,Y,,A,01,1,0,0,0,0,0,0,0,0,"- ","- ",35.596600000000002,-120.69481,"SAN LUIS OBISPO",UNINCORPORATED,-120.69500091,35.596489120000001