CASE_ID,ACCIDENT_YEAR,PROC_DATE,JURIS,COLLISION_DATE,COLLISION_TIME,OFFICER_ID,REPORTING_DISTRICT,DAY_OF_WEEK,CHP_SHIFT,POPULATION,CNTY_CITY_LOC,SPECIAL_COND,BEAT_TYPE,CHP_BEAT_TYPE,CITY_DIVISION_LAPD,CHP_BEAT_CLASS,BEAT_NUMBER,PRIMARY_RD,SECONDARY_RD,DISTANCE,DIRECTION,INTERSECTION,WEATHER_1,WEATHER_2,STATE_HWY_IND,CALTRANS_COUNTY,CALTRANS_DISTRICT,STATE_ROUTE,ROUTE_SUFFIX,POSTMILE_PREFIX,POSTMILE,LOCATION_TYPE,RAMP_INTERSECTION,SIDE_OF_HWY,TOW_AWAY,COLLISION_SEVERITY,NUMBER_KILLED,NUMBER_INJURED,PARTY_COUNT,PRIMARY_COLL_FACTOR,PCF_CODE_OF_VIOL,PCF_VIOL_CATEGORY,PCF_VIOLATION,PCF_VIOL_SUBSECTION,HIT_AND_RUN,TYPE_OF_COLLISION,MVIW,PED_ACTION,ROAD_SURFACE,ROAD_COND_1,ROAD_COND_2,LIGHTING,CONTROL_DEVICE,CHP_ROAD_TYPE,PEDESTRIAN_ACCIDENT,BICYCLE_ACCIDENT,MOTORCYCLE_ACCIDENT,TRUCK_ACCIDENT,NOT_PRIVATE_PROPERTY,ALCOHOL_INVOLVED,STWD_VEHTYPE_AT_FAULT,CHP_VEHTYPE_AT_FAULT,COUNT_SEVERE_INJ,COUNT_VISIBLE_INJ,COUNT_COMPLAINT_PAIN,COUNT_PED_KILLED,COUNT_PED_INJURED,COUNT_BICYCLIST_KILLED,COUNT_BICYCLIST_INJURED,COUNT_MC_KILLED,COUNT_MC_INJURED,PRIMARY_RAMP,SECONDARY_RAMP,LATITUDE,LONGITUDE,COUNTY,CITY,POINT_X,POINT_Y
7026465,2015,2015-09-02,9745,2015-08-02,1905,020689,,7,2,9,4000,0,3,5,,2,004,"16TH ST","WARNER ST",0.00,,Y,A,-,N,,,,,,,,,,N,2,0,1,2,A,-,11,21954,A,N,G,B,D,A,H,-,A,A,0,Y,,,,Y,,N,60,1,0,0,0,1,0,0,0,0,"- ","- ",35.102339999999998,-120.61328,"SAN LUIS OBISPO",UNINCORPORATED,-120.61330986999999,35.102359999999997
7034963,2015,2017-01-14,9740,2015-07-01,0900,13952,,3,1,9,4000,0,1,3,,1,015,"RT 1","ARROYO DE LA CRUZ",10560.00,N,N,B,-,Y,SLO,5,1,-,-,68.730,H,-,N,Y,2,0,1,1,A,-,01,23152,A,N,E,I,A,A,H,-,A,D,0,,,,,Y,Y,A,01,1,0,0,0,0,0,0,0,0,"- ","- ",35.732489999999999,-121.31416,"SAN LUIS OBISPO",UNINCORPORATED,-121.31402725,35.733006379999999
7038725,2015,2017-01-14,9745,2015-08-06,1147,20228,,4,1,9,4000,0,1,3,,1,045,"RT 1","HILL VIEW PL",0.00,,Y,B,-,Y,SLO,5,1,-,-,4.700,I,5,S,Y,2,0,3,2,A,-,09,21801,A,N,A,C,A,A,H,-,A,D,0,,,,,Y,,A,01,1,2,0,0,0,0,0,0,0,"- ","- ",35.042000000000002,-120.5681,"SAN LUIS OBISPO",UNINCORPORATED,-120.56808900999999,35.042005699999997
7093377,2015,2015-11-03,4004,2015-10-11,1549,1201,02,7,5,3,4004,0,0,0,,0,"2 6",1ST,VINE,0.00,,Y,A,-,N,,,,,,,,,,Y,2,0,1,2,A,-,01,23152,E,N,A,C,A,A,H,-,A,A,0,,,,,Y,,A,01,1,0,0,0,0,0,0,0,0,"- ","- ",,,"SAN LUIS OBISPO","PASO ROBLES",-120.69298992,35.615279999999998
7113694,2015,2017-02-03,4006,2015-10-12,0755,68823,,1,5,4,4006,0,0,0,,0,,CALIFORNIA,"RT 101",0.00,,Y,A,-,Y,SLO,5,101,-,-,29.510,R,4,N,N,2,0,1,2,A,-,09,21801,A,N,D,G,A,A,H,-,A,D,0,,Y,,,Y,,A,01,1,0,0,0,0,0,1,0,0,"- ",NO,,,"SAN LUIS OBISPO","SAN LUIS OBISPO",-120.65767026,35.291072
7148043,2015,2016-01-20,4005,2015-12-06,1719,097,5,7,5,2,4005,0,0,0,,0,,CYPRESS,ADDIE,179.00,S,N,A,-,N,,,,,,,,,,N,2,0,1,1,A,-,03,22350,,N,E,I,A,A,H,-,C,D,0,,Y,,,Y,Y,L,04,1,0,0,0,0,0,1,0,0,"- ","- ",,,"SAN LUIS OBISPO","PISMO BEACH",-120.63878861000001,35.136814319999999
7199679,2015,2016-05-27,4004,2015-11-22,2044,0928,03,7,5,3,4004,0,0,0,,0,034,AIRPORT,"DRY CREEK",3168.00,S,N,A,-,N,,,,,,,,,,Y,1,1,0,1,A,-,01,23152,A,N,E,I,A,A,H,-,D,D,0,,,,,Y,Y,A,01,0,0,0,0,0,0,0,0,0,"- ","- ",,,"SAN LUIS OBISPO","PASO ROBLES",-120.64070028,35.654211410000002
7200125,2017,2019-04-08,4005,2017-02-25,1813,P090,4,6,5,2,4005,0,0,0,,0,,"SHELL BEACH RD","LEEWARD AV",0.00,,Y,A,-,N,,,,,,,,,,Y,1,1,1,2,A,-,01,23152,B,N,D,C,A,A,H,-,B,D,0,,,Y,,Y,Y,C,02,0,0,1,0,0,0,0,1,0,"- ","- ",,,"SAN LUIS OBISPO","PISMO BEACH",-120.66836995,35.1562001
8003415,2016,2016-03-29,4006,2016-03-05,0228,59980,,6,5,4,4006,0,0,0,,0,,BUCHON,MORRO,177.00,W,N,C,-,N,,,,,,,,,,Y,2,0,1,2,A,-,01,23152,,N,B,E,A,B,H,-,C,A,0,,,,,Y,Y,A,01,1,0,0,0,0,0,0,0,0,"- ","- ",,,"SAN LUIS OBISPO","SAN LUIS OBISPO",-120.65945567,35.277259770000001
8082591,2016,2016-07-13,4006,2016-05-20,1500,S9317,4007,5,5,4,4006,0,0,0,,0,,"CALIFORNIA BL BIKE PATH","SPANOS STADIUM",0.00,,-,F,-,N,,,,,,,,,,N,2,0,1,2,D,-,00,,,N,C,B,E,-,-,-,A,D,0,Y,Y,,,Y,,-,"- ",1,0,0,0,1,0,0,0,0,"- ","- ",,,"SAN LUIS OBISPO","SAN LUIS OBISPO",,
8086473,2016,2016-07-18,4001,2016-06-13,1302,P0123,46-2,1,5,3,4001,0,0,0,,0,OPERAT,"JAMES WY","N OAK PARK BL",0.00,,Y,A,-,N,,,,,,,,,,Y,2,0,2,2,A,-,12,21453,A,N,D,A,A,A,H,-,A,A,0,,,,,Y,Y,A,01,1,0,1,0,0,0,0,0,0,"- ","- ",,,"SAN LUIS OBISPO","ARROYO GRANDE",-120.6052799,35.133980010000002
8099702,2016,2016-08-11,4005,2016-07-22,1958,P104,5,5,5,2,4005,0,0,0,,0,,"FIVE CITIES","4TH ST",570.00,N,N,A,-,N,,,,,,,,,,N,2,0,1,1,A,-,03,22350,,N,H,A,A,A,H,-,B,D,0,,,Y,,Y,Y,C,02,1,0,0,0,0,0,0,0,1,"- ","- ",,,"SAN LUIS OBISPO","PISMO BEACH",-120.6238706,35.136185230000002
81615431,2021,2021-11-04,4004,2021-10-15,2026,1351,,5,5,3,4004,0,0,0,,0,,"RIVERSIDE AVE","21ST ST",157.00,S,N,A,-,N,,,,,,,,,,N,2,0,1,2,A,-,11,21954,A,N,G,B,D,A,H,-,D,A,0,Y,,,,Y,,N,60,1,0,0,0,1,0,0,0,0,"- ","- ",35.636280059814453,-120.68781280517578,"SAN LUIS OBISPO","PASO ROBLES",-120.6876220703125,35.635837554931641
8162249,2016,2016-11-15,4006,2016-10-21,2330,15913,,5,5,4,4006,0,0,0,,0,,CALIFORNIA,HATHWAY,88.00,N,N,A,-,N,,,,,,,,,,N,2,0,1,2,A,-,11,21954,A,N,G,B,D,A,H,-,C,D,0,Y,,,,Y,Y,N,60,1,0,0,0,1,0,0,0,0,"- ","- ",,,"SAN LUIS OBISPO","SAN LUIS OBISPO",-120.66169173,35.292526479999999
8168183,2017,2019-04-09,4006,2017-08-29,2329,60659,,2,5,4,4006,0,0,0,,0,,FOOTHILL,FERRINI,173.00,E,N,A,-,N,,,,,,,,,,Y,1,1,0,2,A,-,01,23152,A,F,H,G,A,A,H,-,C,D,0,,Y,,,Y,Y,A,01,0,0,0,0,0,1,0,0,0,"- ","- ",35.294089999999997,-120.67427000000001,"SAN LUIS OBISPO","SAN LUIS OBISPO",-120.67336039,35.294108059999999
81726296,2022,2022-03-18,4004,2022-01-19,1849,1349,,3,5,3,4004,0,0,0,,0,,"RT 46E","BUENA VISTA DR",1171.00,W,N,A,-,Y,SLO,,46,,,30.500,H,,R,Y,1,1,0,2,A,-,11,21954,A,N,G,B,E,A,H,-,D,D,0,Y,,,,Y,,N,60,0,0,0,1,0,0,0,0,0,"- ","- ",35.64447021484375,-120.67240905761719,"SAN LUIS OBISPO","PASO ROBLES",-120.67240905761719,35.644439697265625
81860444,2022,2022-09-09,4004,2022-01-13,1717,1349,,4,5,3,4004,0,0,0,,0,,"SPRING ST","34TH ST",0.00,,Y,A,-,N,,,,,,,,,,Y,1,1,0,3,A,-,03,22350,,N,D,C,A,A,H,-,B,A,0,,,,,Y,,A,01,0,0,0,0,0,0,0,0,0,"- ","- ",35.649608612060547,-120.69333648681641,"SAN LUIS OBISPO","PASO ROBLES",-120.69332885742188,35.649604797363281
81916186,2022,2023-09-21,4006,2022-10-20,1920,27552,,4,5,4,4006,0,0,0,,0,,"SANTA ROSA ST","MONTALBAN ST",117.00,S,N,A,-,Y,SLO,,1,,,16.902,H,,R,N,2,0,1,2,A,-,11,21954,A,N,G,B,D,A,H,-,C,D,0,Y,,,,Y,Y,N,60,1,0,0,0,1,0,0,0,0,"- ","- ",35.288120269775391,-120.66477203369141,"SAN LUIS OBISPO","SAN LUIS OBISPO",-120.66477203369141,35.288120269775391
82041524,2023,2023-05-09,4008,2023-02-28,"613 ",4153,,2,5,4,4008,0,0,0,,0,,"MORRO RD","OLD MORRO RD EAST (E)",354.00,E,N,B,-,Y,SLO,,41," "," ",14.111,H,,R,Y,1,1,0,1,A,-,01,23152,F,N,E,I,A,A,H,-,A,D,0,,,,,Y,,A,01,0,0,0,0,0,0,0,0,0,"- ","- ",35.461971282958984,-120.67674255371094,"SAN LUIS OBISPO",ATASCADERO,-120.67668914794922,35.461898803710938
82063028,2023,2023-05-08,4006,2023-04-19,1804,89870,,3,5,4,4006,0,0,0,,0,,"CALLE JOAQUIN","LOS OSOS VALLEY RD",792.00,N,N,A,-,N,,,,,,,,,,N,2,0,2,2,A,-,09,21801,A,N,A,C,A,A,H,-,A,D,0,,,,,Y,,A,01,1,1,0,0,0,0,0,0,0,"- ","- ",35.246578216552734,-120.68341827392578,"SAN LUIS OBISPO","SAN LUIS OBISPO",-120.68264007568359,35.244895935058594
82078902,2023,2023-05-26,4004,2023-03-26,2126,1472,,7,5,3,4004,0,0,0,,0,,"RT 46E","UNION RD",0.00,,Y,A,-,Y,SLO,,46," "," ",31.798,H,,L,Y,2,0,2,4,A,-,09,21801,A,N,D,C,A,A,H,-,D,D,0,,,,,Y,Y,A,01,2,0,0,0,0,0,0,0,0,"- ","- ",35.644779205322266,-120.64945220947266,"SAN LUIS OBISPO","PASO ROBLES",-120.64945220947266,35.644645690917969
82119346,2023,2023-07-18,4006,2023-06-30,1149,80908,,5,5,4,4006,0,0,0,,0,,"RAMONA DR","BROAD ST",489.00,W,N,A,-,Y,,,,,,,,,,Y,2,0,1,2,A,-,09,21801,A,N,G,B,E,A,H,-,A,D,0,Y,,,,Y,,A,01,1,0,0,0,1,0,0,0,0,"- ","- ",35.292961120605469,-120.67176055908203,"SAN LUIS OBISPO","SAN LUIS OBISPO",-120.67332458496094,35.292793273925781
82153881,2023,2023-08-25,4008,2023-07-28,1906,3117,,5,5,4,4008,0,0,0,,0,,"SAN JACINTO AVE","SEPERADO AVE",50.00,W,N,B,-,N,,,,,,,,,,N,2,0,1,1,A,-,03,22350,,N,F,I,A,A,H,-,A,D,0,,,Y,,Y,,C,03,1,0,0,0,0,0,0,0,1,"- ","- ",35.506839752197266,-120.66844940185547,"SAN LUIS OBISPO",ATASCADERO,-120.66980743408203,35.508129119873047
82161883,2023,2023-09-22,4006,2023-08-19,2330,68370,,6,5,4,4006,0,0,0,,0,,"SANTA ROSA ST","HIGUERA ST",0.00,,Y,A,-,N,,,,,,,,,,N,2,0,1,2,A,-,10,21950,A,F,G,B,B,A,H,-,C,A,0,Y,,,,Y,,-,99,1,0,0,0,1,0,0,0,0,"- ","- ",35.281909942626953,-120.65931701660156,"SAN LUIS OBISPO","SAN LUIS OBISPO",-120.65940093994141,35.281970977783203
82232779,2023,2023-11-13,4008,2023-09-26,1340,1112,,2,5,4,4008,0,0,0,,0,,"EL CAMINO REAL","MORRO NB OFFRAMP",270.00,S,N,A,-,N,,,,,,,,,,N,1,1,0,2,A,-,09,21804,A,N,G,B,D,A,H,-,A,D,0,Y,,,,Y,,D,22,0,0,0,1,0,0,0,0,0,"- ","- ",35.485130310058594,-120.66352844238281,"SAN LUIS OBISPO",ATASCADERO,-120.66432952880859,35.484981536865234
82235167,2023,2023-11-14,4006,2023-10-25,1950,33665,,3,5,4,4006,0,0,0,,0,,"HIGH ST",HUTTON,55.00,E,N,A,-,N,,,,,,,,,,N,2,0,1,1,A,-,03,22350,,N,F,A,A,A,H,-,C,D,0,,,Y,,Y,Y,C,03,1,0,0,0,0,0,0,0,1,"- ","- ",35.271991729736328,-120.66111755371094,"SAN LUIS OBISPO","SAN LUIS OBISPO",-120.66105651855469,35.272212982177734
82244687,2023,2023-11-27,4006,2023-11-13,1209,15560,,1,5,4,4006,0,0,0,,0,,"JOHNSON AVE","MONTEREY ST",120.00,S,N,A,-,N,,,,,,,,,,N,2,0,1,2,A,-,08,22107,,N,B,G,A,A,H,-,A,D,0,,Y,,,Y,,A,07,1,0,0,0,0,0,1,0,0,"- ","- ",35.284080505371094,-120.65711212158203,"SAN LUIS OBISPO","SAN LUIS OBISPO",-120.65701293945312,35.284034729003906
82310941,2024,2024-02-12,4006,2024-01-30,2239,99297,,2,5,4,4006,0,0,0,,0,,"SAN LUIS DR","CALIFORNIA BLVD",525.00,W,N,A,-,N,,,,,,,,,,Y,2,0,1,1,A,-,01,23152,A,N,E,I,A,A,H,-,C,D,0,,,,,Y,Y,A,07,1,0,0,0,0,0,0,0,0,"- ","- ",35.284690856933594,-120.65238952636719,"SAN LUIS OBISPO","SAN LUIS OBISPO",-120.65313720703125,35.283245086669922
82318840,2024,2024-02-22,4001,2024-01-31,1442,P0148,,3,5,3,4001,0,0,0,,0,46-1,"GRAND AVE","BRANCH ST",0.00,,Y,B,-,Y,,,,,,,,,,N,2,0,1,2,A,-,05,21202,A,N,D,G,A,A,H,-,A,D,0,,Y,,,Y,,L,04,1,0,0,0,0,0,1,0,0,"- ","- ",35.121391296386719,-120.58193969726562,"SAN LUIS OBISPO","ARROYO GRANDE",-120.58181762695312,35.122222900390625
82346776,2024,2024-03-26,4006,2024-01-20,2138,99332,,6,5,4,4006,0,0,0,,0,,"CALIFORNIA BLVD","TAFT ST",0.00,,Y,C,-,N,,,,,,,,,,Y,2,0,1,1,A,-,03,22350,,N,E,I,A,B,H,-,C,D,0,,,,,Y,,A,01,1,0,0,0,0,0,0,0,0,"- ","- ",35.290920257568359,-120.6605224609375,"SAN LUIS OBISPO","SAN LUIS OBISPO",-120.66030120849609,35.290897369384766
82351950,2024,2024-04-03,4006,2024-03-21,1503,89870,,4,5,4,4006,0,0,0,,0,,"CALIFORNIA BLVD","HATHWAY AVE",357.00,N,N,B,-,N,,,,,,,,,,Y,2,0,1,2,A,-,09,21804,A,N,D,C,A,A,H,-,A,D,0,,,Y,,Y,,A,01,1,0,0,0,0,0,0,0,1,"- ","- ",35.293239593505859,-120.66217803955078,"SAN LUIS OBISPO","SAN LUIS OBISPO",-120.66221618652344,35.293128967285156
82381685,2024,2024-05-06,4006,2024-04-17,"815 ",89870,,3,5,4,4006,0,0,0,,0,,"MADONNA RD","HIGUERA ST",14.00,W,N,A,-,Y,,,,,,,,,,N,2,0,1,2,A,-,08,22107,,F,C,G,A,A,H,-,A,A,0,,Y,,,Y,,A,01,1,0,0,0,0,0,1,0,0,"- ","- ",35.268390655517578,-120.67041015625,"SAN LUIS OBISPO","SAN LUIS OBISPO",-120.67049407958984,35.268245697021484
82402740,2024,2024-05-31,4004,2024-04-08,1414,1349,,1,5,3,4004,0,0,0,,0,,"24TH ST","MOUNTAIN SPRINGS RD",292.00,E,N,A,-,N,,,,,,,,,,Y,2,0,2,2,A,-,05,21460,A,N,A,C,A,A,H,-,A,D,0,,,,,Y,,D,22,1,0,1,0,0,0,0,0,0,"- ","- ",35.640010833740234,-120.69876098632812,"SAN LUIS OBISPO","PASO ROBLES",-120.69779205322266,35.639698028564453
82411022,2024,2024-06-11,4004,2024-05-29,"813 ",1349,,3,5,3,4004,0,0,0,,0,,"NIBLICK RD","RAMBOUILLET RD",76.00,W,N,A,-,N,,,,,,,,,,N,2,0,1,2,A,-,11,21950,B,N,G,B,E,A,H,-,A,A,0,Y,,,,Y,,N,60,1,0,0,0,1,0,0,0,0,"- ","- ",35.615779876708984,-120.66916656494141,"SAN LUIS OBISPO","PASO ROBLES",-120.66939544677734,35.615764617919922
82429226,2024,2024-07-03,4004,2024-06-12,1712,1381,,3,5,3,4004,0,0,0,,0,,"RT 46E","BUENA VISTA DR",937.00,E,N,A,-,Y,SLO,,46," "," ",30.500,H,,R,Y,2,0,2,2,A,-,03,22350,,N,C,C,A,A,D,-,A,D,0,,,,,Y,,D,22,1,0,1,0,0,0,0,0,0,"- ","- ",35.64447021484375,-120.67240905761719,"SAN LUIS OBISPO","PASO ROBLES",-120.67240905761719,35.644439697265625
8281968,2016,2017-01-24,4006,2016-12-17,1518,80908,,6,5,4,4006,0,0,0,,0,,CHORRO,PALM,0.00,,Y,A,-,N,,,,,,,,,,Y,2,0,1,2,A,-,09,21801,A,N,D,C,A,A,H,-,A,A,0,,,,,Y,,A,01,1,0,0,0,0,0,0,0,0,"- ","- ",35.165799999999997,-120.3959,"SAN LUIS OBISPO","SAN LUIS OBISPO",-120.66429991,35.281450040000003
8311452,2017,2017-02-27,4001,2017-01-18,1528,P0133,463,3,5,3,4001,0,0,0,,0,OPERAT,"EAST GRAND AV","COURTLAND ST",0.00,,Y,C,-,N,,,,,,,,,,Y,2,0,1,2,A,-,12,21453,A,N,D,C,A,B,H,-,A,A,0,,,,,Y,,D,22,1,0,0,0,0,0,0,0,0,"- ","- ",,,"SAN LUIS OBISPO","ARROYO GRANDE",-120.60665998,35.120840059999999
8328876,2017,2017-03-28,4006,2017-02-02,0922,80908,,4,5,4,4006,0,0,0,,0,,HIGUERA,ELKS,0.00,,Y,A,-,N,,,,,,,,,,Y,2,0,2,2,A,-,09,21802,A,N,D,C,A,A,H,-,A,A,0,,,Y,,Y,,A,07,1,0,1,0,0,0,0,0,1,"- ","- ",35.263710000000003,-120.67049,"SAN LUIS OBISPO","SAN LUIS OBISPO",-120.67043993999999,35.263710060000001
8386948,2017,2018-03-16,4008,2017-05-28,2049,1026,,7,5,4,4008,0,0,0,,0,,"MORRO RD","ATASCADERO AV",295.00,N,N,A,-,Y,SLO,5,41,-,-,15.630,H,-,S,N,2,0,1,1,A,-,03,22350,,N,E,I,A,A,H,-,A,A,0,,,Y,,Y,,C,02,1,0,0,0,0,0,0,0,1,"- ","- ",35.48077,-120.66656,"SAN LUIS OBISPO",ATASCADERO,-120.66620020000001,35.481524659999998
8404447,2017,2019-04-09,4008,2017-07-19,1148,3013,,3,5,4,4008,0,0,0,,0,,"MORRO RD","OLD MORRO RD EAST",182.00,E,N,A,-,Y,SLO,5,41,-,-,13.750,H,-,N,Y,1,1,0,1,A,-,03,22350,,N,E,I,A,A,H,-,A,D,0,,,,,Y,Y,A,01,0,0,0,0,0,0,0,0,0,"- ","- ",35.459299999999999,-120.68189,"SAN LUIS OBISPO",ATASCADERO,-120.68184298,35.459226659999999
84368555,2024,2024-08-26,4004,2024-07-06,1530,1492,,6,5,3,4004,0,0,0,,0,------,"RAMBOUILLET RD","STONEY CREEK DR",20.00,N,N,A,-,N,,,,,,,,,,N,2,0,1,2,A,-,08,22100,B,F,A,G,A,A,H,-,A,A,0,,Y,,,Y,Y,L,04,1,0,0,0,0,0,1,0,0,"- ","- ",35.604179382324219,-120.66632080078125,"SAN LUIS OBISPO","PASO ROBLES",-120.66634368896484,35.604274749755859
8438915,2017,2018-05-18,4006,2017-08-25,1714,49251,SLO,5,5,4,4006,0,0,0,,0,"ZONE 2","RT 227",ORCUTT,537.00,S,N,A,-,N,,,,,,,,,,N,2,0,1,2,A,-,01,23153,B,N,D,C,A,A,H,-,A,D,0,,,Y,,Y,Y,A,08,1,0,0,0,0,0,0,0,1,"- ","- ",35.259970000000003,-120.64888000000001,"SAN LUIS OBISPO","SAN LUIS OBISPO",-120.64901859,35.260000779999999
8439908,2017,2019-04-09,4004,2017-08-12,0050,0476,04,6,5,3,4004,0,0,0,,0,045,CHAROLAIS,"SLEEPY HOLLOW",188.00,E,N,A,-,N,,,,,,,,,,Y,1,1,0,1,A,-,01,23152,A,N,E,I,A,A,H,-,C,A,0,,,,,Y,Y,A,01,0,0,0,0,0,0,0,0,0,"- ","- ",,,"SAN LUIS OBISPO","PASO ROBLES",-120.66106374,35.599623790000003
84411648,2024,2024-09-30,4004,2024-08-30,2138,1541,,5,5,3,4004,0,0,0,,0,,"RT 46E","AIRPORT RD",1289.00,E,N,A,-,Y,SLO,,46," "," ",32.144,H,,R,N,2,0,2,2,A,-,08,22107,,N,D,C,A,A,H,-,D,D,0,,,Y,,Y,,C,02,1,1,0,0,0,0,0,0,2,"- ","- ",35.644660949707031,-120.64330291748047,"SAN LUIS OBISPO","PASO ROBLES",-120.64330291748047,35.644454956054688
84412065,2024,2024-09-30,4006,2024-09-12,2301,98137,,4,5,4,4006,0,0,0,,0,,"NIPOMO ST","MONTEREY ST",50.00,N,N,A,-,N,,,,,,,,,,N,2,0,1,2,A,-,12,22450,A,N,D,G,A,A,D,-,C,A,0,,Y,,,Y,Y,L,04,1,0,0,0,0,0,1,0,0,"- ","- ",35.278968811035156,-120.66648864746094,"SAN LUIS OBISPO","SAN LUIS OBISPO",-120.6666259765625,35.279098510742188
84516054,2024,2024-12-26,4004,2024-12-04,1746,1611,,3,5,3,4004,0,0,0,,0,------,"CRESTON RD","MELODY DR",330.00,E,N,A,-,N,,,,,,,,,,Y,2,0,4,2,A,-,09,21804,A,N,D,C,A,A,H,-,C,A,0,,,,,Y,,A,01,1,2,1,0,0,0,0,0,0,"- ","- ",35.623260498046875,-120.66265869140625,"SAN LUIS OBISPO","PASO ROBLES",-120.66160583496094,35.623004913330078
84524323,2024,2025-01-03,4004,2024-12-07,1437,1349,,6,5,3,4004,0,0,0,,0,,"UNION RD","GOLDEN HILL RD",0.00,,Y,A,-,N,,,,,,,,,,N,2,0,1,2,A,-,11,21950,B,N,D,G,A,A,H,-,A,D,0,,Y,,,Y,,L,04,1,0,0,0,0,0,1,0,0,"- ","- ",35.640228271484375,-120.65811920166016,"SAN LUIS OBISPO","PASO ROBLES",-120.65811920166016,35.640251159667969
84525848,2024,2025-01-06,4006,2024-11-07,1222,108324,,4,5,4,4006,0,0,0,,0,,"FOOTHILL BLVD","CHORRO ST",260.00,E,N,A,-,N,,,,,,,,,,Y,2,0,1,2,A,-,08,22107,,N,A,C,A,A,H,-,A,D,0,,,Y,,Y,,A,01,1,0,0,0,0,0,0,0,1,"- ","- ",35.294269561767578,-120.67105102539062,"SAN LUIS OBISPO","SAN LUIS OBISPO",-120.67008972167969,35.294078826904297
84600271,2025,2025-03-18,4004,2025-01-06,1720,1381,,1,5,3,4004,0,0,0,,0,,"SPRING ST","34TH ST",123.00,S,N,A,-,N,,,,,,,,,,N,2,0,1,2,A,-,11,21954,A,N,G,B,D,A,H,-,C,D,0,Y,,,,Y,,N,60,1,0,0,0,1,0,0,0,0,"- ","- ",35.649360656738281,-120.69243621826172,"SAN LUIS OBISPO","PASO ROBLES",-120.69329833984375,35.649261474609375
8467166,2017,2017-10-12,4004,2017-08-21,1432,1233,02,1,5,3,4004,0,0,0,,0,024,SPRING,7TH,21.00,N,N,A,-,N,,,,,,,,,,Y,2,0,1,2,A,-,09,21802,B,N,D,C,A,A,H,-,A,A,0,,,Y,,Y,,A,01,1,0,0,0,0,0,0,0,1,"- ","- ",,,"SAN LUIS OBISPO","PASO ROBLES",-120.69096558,35.621567499999998
84674222,2025,2025-05-05,4006,2025-04-20,"230 ",98752,,7,5,4,4006,0,0,0,,0,,"CHORRO ST","LINCOLN AVE",50.00,S,N,A,-,N,,,,,,,,,,N,2,0,1,1,A,-,03,22350,,N,H,A,A,A,H,-,D,D,0,,,Y,,Y,,C,03,1,0,0,0,0,0,0,0,1,"- ","- ",35.285118103027344,-120.66731262207031,"SAN LUIS OBISPO","SAN LUIS OBISPO",-120.66740417480469,35.285018920898438
84688089,2024,2025-05-15,4008,2024-11-21,1758,3153,,4,5,4,4008,0,0,0,,0,,"MORRO RD","SANTA YSABEL AVE",0.00,,Y,A,-,Y,SLO,,41," "," ",15.955,H,,R,Y,2,0,2,2,A,-,09,21801,A,N,A,C,A,A,H,-,C,A,0,,,,,Y,,A,01,1,1,0,0,0,0,0,0,0,"- ","- ",35.486190795898438,-120.66478729248047,"SAN LUIS OBISPO",ATASCADERO,-120.66484069824219,35.486202239990234
84688176,2025,2025-05-15,4008,2025-03-14,1453,2151,,5,5,4,4008,0,0,0,,0,,"EL CAMINO REAL","AVENIDA MARIA",285.00,S,N,B,-,N,,,,,,,,,,Y,1,1,0,2,A,-,00,23153,F,F,G,B,F,A,H,-,A,D,0,Y,,,,Y,,D,22,0,0,0,1,0,0,0,0,0,"- ","- ",35.457210540771484,-120.64125823974609,"SAN LUIS OBISPO",ATASCADERO,-120.64073944091797,35.45654296875
84698071,2025,2025-05-23,4004,2025-05-12,"923 ",1644,,1,5,3,4004,0,0,0,,0,,"LINNE RD","FONTANA RD",1030.00,E,N,A,-,N,,,,,,,,,,N,2,0,1,2,A,-,03,22350,,F,C,G,A,A,H,-,A,D,0,,Y,,,Y,Y,M,91,1,0,0,0,0,0,1,0,0,"- ","- ",35.613380432128906,-120.65006256103516,"SAN LUIS OBISPO","PASO ROBLES",-120.64655303955078,35.613269805908203
84706417,2025,2025-05-30,4004,2025-05-11,"104 ",1349,,7,5,3,4004,0,0,0,,0,,"RT 46E","BUENA VISTA DR",1366.00,E,N,A,-,Y,SLO,,46," "," ",30.500,H,,R,Y,2,0,4,1,A,-,08,22107,,N,F,A,A,A,H,-,D,D,0,,,,,Y,Y,A,07,1,3,0,0,0,0,0,0,0,"- ","- ",35.64447021484375,-120.67240905761719,"SAN LUIS OBISPO","PASO ROBLES",-120.67240905761719,35.644439697265625
84716884,2025,2025-06-09,4006,2025-05-26,"158 ",108324,,1,5,4,4006,0,0,0,,0,,"PACIFIC ST","NIPOMO ST",227.00,W,N,A,-,N,,,,,,,,,,N,2,0,1,2,A,-,10,21950,A,F,G,B,E,A,H,-,D,D,0,Y,,,,Y,,-,99,1,0,0,0,1,0,0,0,0,"- ","- ",,,"SAN LUIS OBISPO","SAN LUIS OBISPO",-120.66504669189453,35.276313781738281
84717281,2025,2025-06-09,4006,2025-05-26,2147,108976,,1,5,4,4006,0,0,0,,0,,"FOOTHILL BLVD","FERRINI RD",0.00,,Y,A,-,N,,,,,,,,,,Y,2,0,1,2,A,-,01,23153,A,F,C,C,A,A,H,-,C,A,0,,,,,Y,Y,A,01,1,0,0,0,0,0,0,0,0,"- ","- ",35.294109344482422,-120.67389678955078,"SAN LUIS OBISPO","SAN LUIS OBISPO",-120.67394256591797,35.294113159179688
8485620,2017,2018-06-25,4003,2017-09-03,1622,C4566,4,7,5,2,4003,0,0,0,,0,002,"ATASCADERO RD","IRONWOOD AV",0.00,,Y,A,-,Y,SLO,5,41,-,-,0.380,I,5,S,Y,2,0,3,2,A,-,01,23152,,N,D,C,A,A,H,-,A,A,0,,,,,Y,Y,A,01,1,1,1,0,0,0,0,0,0,"- ","- ",,,"SAN LUIS OBISPO","MORRO BAY",-120.85050441999999,35.383419379999999