CASE_ID,ACCIDENT_YEAR,PROC_DATE,JURIS,COLLISION_DATE,COLLISION_TIME,OFFICER_ID,REPORTING_DISTRICT,DAY_OF_WEEK,CHP_SHIFT,POPULATION,CNTY_CITY_LOC,SPECIAL_COND,BEAT_TYPE,CHP_BEAT_TYPE,CITY_DIVISION_LAPD,CHP_BEAT_CLASS,BEAT_NUMBER,PRIMARY_RD,SECONDARY_RD,DISTANCE,DIRECTION,INTERSECTION,WEATHER_1,WEATHER_2,STATE_HWY_IND,CALTRANS_COUNTY,CALTRANS_DISTRICT,STATE_ROUTE,ROUTE_SUFFIX,POSTMILE_PREFIX,POSTMILE,LOCATION_TYPE,RAMP_INTERSECTION,SIDE_OF_HWY,TOW_AWAY,COLLISION_SEVERITY,NUMBER_KILLED,NUMBER_INJURED,PARTY_COUNT,PRIMARY_COLL_FACTOR,PCF_CODE_OF_VIOL,PCF_VIOL_CATEGORY,PCF_VIOLATION,PCF_VIOL_SUBSECTION,HIT_AND_RUN,TYPE_OF_COLLISION,MVIW,PED_ACTION,ROAD_SURFACE,ROAD_COND_1,ROAD_COND_2,LIGHTING,CONTROL_DEVICE,CHP_ROAD_TYPE,PEDESTRIAN_ACCIDENT,BICYCLE_ACCIDENT,MOTORCYCLE_ACCIDENT,TRUCK_ACCIDENT,NOT_PRIVATE_PROPERTY,ALCOHOL_INVOLVED,STWD_VEHTYPE_AT_FAULT,CHP_VEHTYPE_AT_FAULT,COUNT_SEVERE_INJ,COUNT_VISIBLE_INJ,COUNT_COMPLAINT_PAIN,COUNT_PED_KILLED,COUNT_PED_INJURED,COUNT_BICYCLIST_KILLED,COUNT_BICYCLIST_INJURED,COUNT_MC_KILLED,COUNT_MC_INJURED,PRIMARY_RAMP,SECONDARY_RAMP,LATITUDE,LONGITUDE,COUNTY,CITY,POINT_X,POINT_Y
8500801,2017,2017-12-21,4003,2017-11-10,1918,H9596,3,5,5,2,4003,0,0,0,,0,001,"ANCHOR ST","NAPA AV",70.00,E,N,A,-,N,,,,,,,,,,N,2,0,1,2,A,-,03,22350,,N,G,B,E,A,H,-,C,A,0,Y,,,,Y,,A,07,1,0,0,0,1,0,0,0,0,"- ","- ",,,"SAN LUIS OBISPO","MORRO BAY",-120.84747527,35.362162079999997
8504706,2018,2019-03-21,4001,2018-12-31,1827,P0114,461,1,5,3,4001,0,0,0,,0,OPERAT,"E BRANCH ST","GARDEN ST",289.00,E,N,A,-,N,,,,,,,,,,Y,2,0,2,2,A,-,07,21658,A,N,A,C,A,A,H,-,D,D,0,,,Y,,Y,,C,02,1,0,1,0,0,0,0,0,1,"- ","- ",,,"SAN LUIS OBISPO","ARROYO GRANDE",-120.57122039794922,35.125637054443359
8511174,2017,2017-12-20,4006,2017-11-17,1700,77891,,5,5,4,4006,0,0,0,,0,,GRAND,FREDERICKS,0.00,,Y,A,-,N,,,,,,,,,,N,2,0,1,3,A,-,15,21201,A,N,D,G,A,A,H,-,C,D,0,,Y,,,Y,Y,L,04,1,0,0,0,0,0,1,0,0,"- ","- ",35.17586,-120.39203000000001,"SAN LUIS OBISPO","SAN LUIS OBISPO",-120.65327997999999,35.293100039999999
8525248,2017,2018-01-12,4006,2017-12-08,1638,60235,,5,5,4,4006,0,0,0,,0,,MILL,GRAND,52.00,N,N,A,-,N,,,,,,,,,,N,2,0,1,2,D,-,00,,,F,A,B,E,A,H,-,A,A,0,Y,,,Y,Y,,-,"- ",1,0,0,0,1,0,0,0,0,"- ","- ",35.289540000000002,-120.65325,"SAN LUIS OBISPO","SAN LUIS OBISPO",-120.65255000000001,35.289619999999999
8538668,2018,2018-01-31,4006,2018-01-13,1801,15913,,6,5,4,4006,0,0,0,,0,,MONTEREY,"BUENA VISTA",0.00,,Y,A,-,N,,,,,,,,,,N,2,0,1,2,A,-,10,21950,A,N,G,B,B,A,-,-,C,A,0,Y,,,,Y,Y,A,01,1,0,0,0,1,0,0,0,0,"- ","- ",35.290290832519531,-120.64974212646484,"SAN LUIS OBISPO","SAN LUIS OBISPO",-120.64970700000001,35.290348000000002
8558972,2018,2018-02-27,4004,2018-01-31,2037,0430,04,3,5,3,4004,0,0,0,,0,041,"S RIVER",CRESTON,528.00,S,N,A,-,N,,,,,,,,,,Y,2,0,2,2,C,-,18,,,N,A,C,A,A,H,-,C,D,0,,,,,Y,,-,"- ",1,1,0,0,0,0,0,0,0,"- ","- ",,,"SAN LUIS OBISPO","PASO ROBLES",-120.6827392578125,35.627738952636719
8605193,2018,2018-05-15,4004,2018-04-21,0630,1304,04,6,5,3,4004,0,0,0,,0,045,SERENADE,"SOUTH RIVER RD",230.00,E,N,A,-,N,,,,,,,,,,Y,2,0,1,1,A,-,01,23152,A,N,E,I,A,A,H,-,A,D,0,,,,,Y,Y,A,01,1,0,0,0,0,0,0,0,0,"- ","- ",35.655010223388672,-120.68363952636719,"SAN LUIS OBISPO","PASO ROBLES",-120.67972564697266,35.611473083496094
8611014,2018,2018-05-11,4006,2018-04-18,1447,80908,,3,5,4,4006,0,0,0,,0,,"SANTA FE AV","HOOVER AV",302.00,N,N,A,-,N,,,,,,,,,,Y,2,0,1,1,A,-,03,22350,,N,B,I,A,A,H,-,A,A,0,,,Y,,Y,,C,03,1,0,0,0,0,0,0,0,1,"- ","- ",35.245288848876953,-120.64922332763672,"SAN LUIS OBISPO","SAN LUIS OBISPO",-120.64916229248047,35.245121002197266
8640704,2018,2018-07-11,4006,2018-06-01,0742,80908,,5,5,4,4006,0,0,0,,0,,BROAD,INDUSTRIAL,145.00,S,N,A,-,N,,,,,,,,,,N,2,0,1,2,A,-,11,21955,,N,G,B,D,A,H,-,A,A,0,Y,,,Y,Y,,N,60,1,0,0,0,1,0,0,0,0,"- ","- ",35.250499725341797,-120.64437866210938,"SAN LUIS OBISPO","SAN LUIS OBISPO",-120.64438629150391,35.250740051269531
8648651,2019,2019-03-04,4004,2019-02-08,1351,376,,5,5,3,4004,0,0,0,,0,,"RT 46","RT 46 4041",0.00,,N,B,-,Y,SLO,5,46,-,-,33.530,H,-,E,Y,1,1,1,2,A,-,09,21804,A,N,D,C,A,A,H,-,A,A,0,,,Y,,Y,Y,A,07,0,0,1,0,0,0,0,1,0,"- ","- ",,,"SAN LUIS OBISPO","PASO ROBLES",-120.62127685546875,35.651840209960938
8664829,2018,2019-01-09,4006,2018-06-05,1529,62657,,2,5,4,4006,0,0,0,,0,,"S HIGUERA","CHUMASH DR",21.00,S,N,A,-,N,,,,,,,,,,Y,1,1,0,1,A,-,08,22107,,N,E,I,A,A,H,-,A,A,0,,,,,Y,,D,22,0,0,0,0,0,0,0,0,0,"- ","- ",35.259208679199219,-120.66861724853516,"SAN LUIS OBISPO","SAN LUIS OBISPO",-120.66876983642578,35.259292602539062
8679335,2018,2019-01-29,4002,2018-12-26,1818,478,,3,5,3,4002,0,0,0,,0,,"GRAND AV","9TH ST",0.00,,Y,A,-,N,,,,,,,,,,N,2,0,3,3,A,-,03,22350,,F,C,C,A,A,H,-,C,D,0,,,,,Y,Y,A,01,1,1,1,0,0,0,0,0,0,"- ","- ",,,"SAN LUIS OBISPO","GROVER BEACH",-120.62023162841797,35.121490478515625
8700392,2018,2018-09-20,4006,2018-08-28,1357,62657,,2,5,4,4006,0,0,0,,0,,"BROAD ST","PACIFIC ST",2.00,S,N,A,-,N,,,,,,,,,,N,2,0,1,2,A,-,10,21950,A,N,G,A,B,A,H,-,A,A,0,Y,,,,Y,,A,01,1,0,0,0,1,0,0,0,0,"- ","- ",35.277359008789062,-120.66313934326172,"SAN LUIS OBISPO","SAN LUIS OBISPO",-120.66316223144531,35.27740478515625
8730864,2018,2018-11-01,4004,2018-10-15,1956,1373,01,1,5,3,4004,0,0,0,,0,"1   4","24TH ST","VINE ST",0.00,,Y,A,-,N,,,,,,,,,,Y,2,0,1,2,A,-,12,21453,A,N,D,C,A,A,H,-,C,A,0,,,Y,,Y,Y,A,01,1,0,0,0,0,0,0,0,1,"- ","- ",,,"SAN LUIS OBISPO","PASO ROBLES",-120.69506072998047,35.639041900634766
8741170,2018,2018-11-28,4002,2018-11-11,1912,311,,7,5,3,4002,0,0,0,,0,,"N OAK PARK BL","BRIGHTON AV",0.00,,Y,A,-,N,,,,,,,,,,N,2,0,1,2,A,-,11,21954,A,N,G,B,D,A,H,-,C,A,0,Y,,,,Y,,N,60,1,0,0,0,1,0,0,0,0,"- ","- ",,,"SAN LUIS OBISPO","GROVER BEACH",-120.60897827148438,35.123359680175781
8788281,2018,2019-01-28,4006,2018-12-17,1739,77891,,1,5,4,4006,0,0,0,,0,,OSOS,PACIFIC,0.00,,Y,A,-,N,,,,,,,,,,N,2,0,1,2,A,-,10,21950,,N,G,B,D,A,H,-,C,D,0,Y,,,,Y,Y,A,01,1,0,0,0,1,0,0,0,0,"- ","- ",35.278999328613281,-120.65950012207031,"SAN LUIS OBISPO","SAN LUIS OBISPO",-120.65946197509766,35.279640197753906
8807550,2019,2019-05-14,4006,2019-01-13,1701,49251,SLO,7,5,4,4006,0,0,0,,0,ZONE1,"RT 1",MEINECKE,81.00,N,N,A,-,Y,SLO,5,1,-,-,17.220,I,5,S,N,2,0,1,2,A,-,09,21801,A,M,F,C,A,A,H,-,B,D,0,,,Y,,Y,,-,,1,0,0,0,0,0,0,0,1,"- ","- ",,,"SAN LUIS OBISPO","SAN LUIS OBISPO",-120.66747283935547,35.292385101318359
8808178,2019,2021-05-25,4001,2019-03-13,0153,P0106,,3,5,3,4001,0,0,0,,0,003,"EL CAMINO REAL","BENNETT AV",319.00,S,N,A,-,N,,,,,,,,,,Y,1,1,0,1,A,-,01,23152,G,N,E,I,A,A,H,-,C,D,0,,,Y,,Y,Y,C,02,0,0,0,0,0,0,0,1,0,"- ","- ",35.121868133544922,-120.58676910400391,"SAN LUIS OBISPO","ARROYO GRANDE",-120.58701324462891,35.122001647949219
8833164,2019,2019-04-12,4006,2019-03-17,0047,48750,,7,5,4,4006,0,0,0,,0,,CHORRO,PEACH,90.00,S,N,A,-,N,,,,,,,,,,N,2,0,1,1,A,-,03,22350,,N,F,-,A,A,H,-,C,D,0,,Y,,,Y,Y,L,04,1,0,0,0,0,0,1,0,0,"- ","- ",35.165809631347656,-120.39555358886719,"SAN LUIS OBISPO","SAN LUIS OBISPO",-120.66551208496094,35.282859802246094
8869819,2019,2019-05-30,4008,2019-04-27,1429,3153,,6,5,4,4008,0,0,0,,0,,"GRAVES CREEK RD","BALBOA RD",707.00,S,N,A,-,N,,,,,,,,,,Y,2,0,1,1,A,-,08,22107,,N,E,I,A,A,H,-,A,D,0,,,,,Y,,A,07,1,0,0,0,0,0,0,0,0,"- ","- ",35.498851776123047,-120.69747161865234,"SAN LUIS OBISPO",ATASCADERO,-120.69709777832031,35.496997833251953
8874038,2019,2019-06-11,4006,2019-05-07,1419,80908,,2,5,4,4006,0,0,0,,0,,BROAD,HIGH,76.00,S,N,A,-,N,,,,,,,,,,Y,2,0,1,1,C,-,18,,,N,F,I,A,A,H,-,A,A,0,,,,,Y,,-,"- ",1,0,0,0,0,0,0,0,0,"- ","- ",35.270999908447266,-120.65799713134766,"SAN LUIS OBISPO","SAN LUIS OBISPO",-120.65839385986328,35.272045135498047
8896297,2019,2019-11-07,4008,2019-05-24,2221,3113,,5,5,4,4008,0,0,0,,0,,"MORRO RD","OLD MORRO RD EAST",2015.00,N,N,A,-,Y,SLO,5,41,-,-,11.950,H,-,N,Y,2,0,3,2,A,-,03,22350,,N,A,C,A,A,H,-,D,D,0,,,,,Y,,A,01,2,1,0,0,0,0,0,0,0,"- ","- ",35.459300994873047,-120.68189239501953,"SAN LUIS OBISPO",ATASCADERO,-120.70796203613281,35.451652526855469
8902675,2019,2019-08-12,4006,2019-07-01,0758,80908,,1,5,4,4006,0,0,0,,0,,"SANTA ROSA",OAK,0.00,,Y,A,-,N,,,,,,,,,,Y,2,0,1,3,A,-,09,21800,A,N,D,C,A,A,H,-,A,A,0,,,Y,Y,Y,,C,02,1,0,0,0,0,0,0,0,1,"- ","- ",35.289131164550781,-120.66580963134766,"SAN LUIS OBISPO","SAN LUIS OBISPO",,
8907269,2019,2019-08-08,4001,2019-05-27,1545,P0114,461,1,5,3,4001,0,0,0,,0,OPERAT,"VALLEY RD","FAIR OAKS AV",530.00,S,N,A,-,N,,,,,,,,,,Y,2,0,1,2,A,-,00,23103,,N,B,C,A,A,H,-,A,D,0,,,Y,,Y,Y,-,,1,0,0,0,0,0,0,0,0,"- ","- ",,,"SAN LUIS OBISPO","ARROYO GRANDE",-120.58171844482422,35.1151123046875
8907277,2019,2019-08-26,4001,2019-05-20,1012,P0143,463,1,5,3,4001,0,0,0,,0,OPERAT,"S TRAFFIC WY","POOLE ST",21.00,S,N,A,-,N,,,,,,,,,,N,2,0,1,1,D,-,00,,,N,H,A,A,A,H,-,A,D,0,,Y,,,Y,,-,"- ",1,0,0,0,0,0,1,0,0,"- ","- ",,,"SAN LUIS OBISPO","ARROYO GRANDE",-120.57704162597656,35.120464324951172
8910809,2020,2022-06-18,4004,2020-01-05,2219,1425,,7,5,3,4004,0,0,0,,0,,"AIRPORT RD","DRY CREEK RD",2379.00,S,N,A,-,N,,,,,,,,,,Y,1,1,0,1,A,-,03,22350,,N,E,I,A,A,H,-,D,D,0,,,,,Y,,A,01,0,0,0,0,0,0,0,0,0,"- ","- ",35.662338256835938,-120.64098358154297,"SAN LUIS OBISPO","PASO ROBLES",-120.64097595214844,35.656364440917969
8926675,2019,2019-08-23,4006,2019-07-10,1934,90046,,3,5,4,4006,0,0,0,,0,,CHORRO,PEACH,0.00,,Y,A,-,N,,,,,,,,,,N,2,0,1,1,A,-,17,22109,,N,F,A,A,A,-,-,B,D,0,,,Y,,Y,,-,"- ",1,0,0,0,0,0,0,0,1,"- ","- ",,,"SAN LUIS OBISPO","SAN LUIS OBISPO",-120.66568756103516,35.283058166503906
8939223,2019,2019-12-17,4008,2019-08-31,0304,3125,,6,5,4,4008,0,0,0,,0,,"MERCEDES AV","CEMETERY RD",1799.00,S,N,A,-,N,,,,,,,,,,N,1,1,0,1,A,-,01,23152,F,N,E,J,A,A,H,-,D,D,0,,,,,Y,,A,01,0,0,0,0,0,0,0,0,0,"- ","- ",35.498619079589844,-120.65924072265625,"SAN LUIS OBISPO",ATASCADERO,-120.65921020507812,35.498870849609375
8939391,2019,2019-11-20,4001,2019-10-05,1521,P0144,461,6,5,3,4001,0,0,0,,0,OPERAT,"VALLEY RD","VALLEY RD 495",0.00,,N,A,-,N,,,,,,,,,,Y,1,1,0,1,A,-,01,23152,A,N,E,I,A,A,H,-,A,D,0,,,,,Y,Y,A,01,0,0,0,0,0,0,0,0,0,"- ","- ",,,"SAN LUIS OBISPO","ARROYO GRANDE",-120.58130800000001,35.11459
8939592,2019,2020-02-13,4008,2019-10-06,0005,3125,,7,5,4,4008,0,0,0,,0,,"EL CAMINO REAL","DEL RIO RD",966.00,S,N,A,-,N,,,,,,,,,,Y,1,1,0,1,A,-,01,23152,A,N,E,I,A,A,H,-,D,D,0,,,,,Y,Y,A,01,0,0,0,0,0,0,0,0,0,"- ","- ",35.513591766357422,-120.69770050048828,"SAN LUIS OBISPO",ATASCADERO,-120.69638824462891,35.5113525390625
8954255,2019,2019-10-10,4006,2019-08-29,1121,16380,,4,5,4,4006,0,0,0,,0,,HIGUERA,BRIDGE,0.00,,Y,A,-,N,,,,,,,,,,N,2,0,1,2,A,-,08,22100,B,N,D,G,A,A,H,-,A,D,0,,Y,,,Y,,L,04,1,0,0,0,0,0,1,0,0,"- ","- ",35.267189025878906,-120.67043304443359,"SAN LUIS OBISPO","SAN LUIS OBISPO",-120.67043304443359,35.267219543457031
8956395,2019,2019-11-08,4006,2019-09-18,1321,97574,4006,3,5,4,4006,0,0,0,,0,,"SANTA ROSA",BOYSEN,0.00,,Y,A,-,N,,,,,,,,,,Y,2,0,1,2,A,-,09,21804,A,N,B,C,A,A,H,-,A,D,0,,,,,Y,,A,01,1,0,0,0,0,0,0,0,0,"- ","- ",35.465190887451172,-120.65145111083984,"SAN LUIS OBISPO","SAN LUIS OBISPO",-120.66957092285156,35.295791625976562
8967911,2019,2019-11-15,4004,2019-10-06,1805,1349,,7,5,3,4004,0,0,0,,0,,"13TH ST","RIVERSIDE AV",130.00,E,N,A,-,N,,,,,,,,,,N,2,0,1,3,A,-,03,22350,,N,G,B,E,A,H,-,A,A,0,Y,,,,Y,,D,22,1,0,0,0,1,0,0,0,0,"- ","- ",35.628028869628906,-120.68708801269531,"SAN LUIS OBISPO","PASO ROBLES",-120.68658447265625,35.627998352050781
8980250,2019,2019-12-02,4006,2019-10-11,1527,80908,,5,5,4,4006,0,0,0,,0,,KENTUCKY,FREDERICKS,0.00,,Y,A,-,N,,,,,,,,,,Y,2,0,1,2,A,-,09,21802,A,N,D,C,A,A,H,-,A,A,0,,,,,Y,,D,22,1,0,0,0,0,0,0,0,0,"- ","- ",35.2930908203125,-120.65923309326172,"SAN LUIS OBISPO","SAN LUIS OBISPO",-120.65927124023438,35.293128967285156
8980481,2019,2020-02-28,4004,2019-11-03,1617,1349,,7,5,3,4004,0,0,0,,0,,"RT 46 E","MILL RD",0.00,,Y,A,-,Y,SLO,5,46,-,-,32.650,I,5,E,Y,2,0,2,2,A,-,01,23152,B,N,D,C,A,A,H,-,A,D,0,,,,,Y,Y,A,01,1,1,0,0,0,0,0,0,0,"- ","- ",,,"SAN LUIS OBISPO","PASO ROBLES",-120.63473510742188,35.645076751708984
8981158,2019,2019-12-24,4008,2019-10-28,0803,3125,,1,5,4,4008,0,0,0,,0,,"EL CAMINO REAL",MALL,19.00,N,N,A,-,N,,,,,,,,,,Y,2,0,1,2,A,-,11,21950,B,N,G,B,B,A,H,-,A,A,0,Y,,,,Y,,N,60,1,0,0,0,1,0,0,0,0,"- ","- ",35.488079071044922,-120.66783905029297,"SAN LUIS OBISPO",ATASCADERO,-120.66793060302734,35.488132476806641
8995593,2019,2019-12-19,4003,2019-10-16,2008,R8845,5,3,5,2,4003,0,0,0,,0,001,"QUINTANA RD","QUINTANA RD 1400",101.00,N,N,A,-,N,,,,,,,,,,N,2,0,1,2,A,-,17,21209,,F,C,G,A,A,H,-,D,D,0,,Y,,,Y,,-,,1,0,0,0,0,0,1,0,0,"- ","- ",,,"SAN LUIS OBISPO","MORRO BAY",,
90011857,2015,2015-10-19,9745,2015-08-12,1924,018021,,3,2,9,4000,0,1,2,,1,101,"US-101 NORTHBOUND","VISTA DE LA CIUDAD",88.00,N,N,A,-,Y,,,101,,,,,,N,Y,2,0,1,3,A,-,03,22350,,N,C,C,A,A,H,-,A,D,0,,,Y,,Y,,C,02,1,0,0,0,0,0,0,0,1,"- ","- ",35.325850000000003,-120.62013,"SAN LUIS OBISPO",UNINCORPORATED,-120.62015567,35.325852380000001
90012833,2015,2017-08-30,9740,2015-07-16,1013,015644,,4,1,9,4000,0,1,3,,2,011,"SR-46 W/B","VINEYARD DRIVE",75.00,E,N,A,-,Y,,,46,,,,,,W,Y,1,1,1,3,A,-,03,22350,,N,D,C,A,A,H,-,A,D,0,,,Y,Y,Y,,C,02,1,0,0,0,0,0,0,1,1,"- ","- ",35.5535,-120.7612,"SAN LUIS OBISPO",UNINCORPORATED,-120.7612147,35.55352834
90015156,2015,2015-10-19,9740,2015-08-24,1508,011615,,1,2,9,4000,0,1,3,,1,015,SR-1,"SAN CARPOFORO CREK",14784.00,N,N,A,-,Y,,,1,,,,,,,N,2,0,1,1,A,-,08,22107,,N,F,A,A,A,H,-,A,D,0,,,Y,,Y,,C,02,1,0,0,0,0,0,0,0,1,"- ","- ",35.794899999999998,-121.34417000000001,"SAN LUIS OBISPO",UNINCORPORATED,-121.34416928,35.794866079999998
90020015,2015,2015-10-19,9740,2015-09-14,0930,014662,,1,1,9,4000,0,3,5,,2,022,"5110 PEACHY CANYON RD","PEACHY CANYON RD",1584.00,N,N,B,-,N,,,,,,,,,,Y,1,1,0,1,B,-,22,,,N,F,A,A,A,H,-,A,D,0,,,Y,,Y,,-,"- ",0,0,0,0,0,0,0,1,0,"- ","- ",35.627499999999998,-120.7942,"SAN LUIS OBISPO",UNINCORPORATED,,
90026972,2015,2015-10-19,9740,2015-09-26,0945,013984,,6,1,9,4000,0,1,3,,2,008,"SR 46 EAST","CENTER ST",0.00,,Y,A,-,Y,,,46,,,,,,,Y,2,0,2,2,A,-,12,22450,A,N,D,D,A,A,D,H,A,A,0,,,,,Y,,A,01,1,1,0,0,0,0,0,0,0,"- ","- ",35.662089999999999,-120.41414,"SAN LUIS OBISPO",UNINCORPORATED,-120.41413358,35.661406479999997
90045164,2015,2015-11-05,9745,2015-10-19,1700,020689,,1,2,9,4000,0,2,4,,1,052,"THOMPSON RD","WINEMAN RD",1584.00,N,N,A,-,N,,,,,,,,,,Y,2,0,4,1,C,-,18,,,N,F,A,A,A,H,-,A,D,0,,,,,Y,,-,"- ",2,2,0,0,0,0,0,0,0,"- ","- ",35.002519999999997,-120.43481,"SAN LUIS OBISPO",UNINCORPORATED,-120.43838357,35.002544640000004
90048566,2015,2015-11-11,9745,2015-10-06,2030,020229,,2,2,9,4000,0,2,4,,1,025,"LOS OSOS VALLEY RD","ALEXANDER AVE",222.00,W,N,A,-,N,,,,,,,,,,N,1,1,0,2,A,-,11,21954,A,N,G,B,D,A,H,-,D,D,0,Y,,,,Y,Y,N,60,0,0,0,1,0,0,0,0,0,"- ","- ",35.312640000000002,-120.84577,"SAN LUIS OBISPO",UNINCORPORATED,-120.84626369999999,35.312617709999998
90049953,2015,2015-11-12,9745,2015-10-31,0330,017238,,6,3,9,4000,0,1,3,,1,041,"SR-1 SOUTHBOUND","CALENDAR ROAD",1584.00,N,N,A,-,Y,,,,,,,,,,Y,2,0,1,1,A,-,08,22107,,N,E,I,A,A,H,-,C,D,0,,,,,Y,,A,01,1,0,0,0,0,0,0,0,0,"- ","- ",35.00112,-120.53259,"SAN LUIS OBISPO",UNINCORPORATED,,
90051777,2015,2015-11-16,9745,2015-11-01,0750,017238,,7,1,9,4000,0,1,2,,2,505,"US-101 SOUTHBOUND","TEFFT STREET",5280.00,S,N,A,-,Y,,,101,,,,,,S,Y,2,0,1,2,A,-,08,22107,,N,C,C,A,A,H,-,A,D,0,,,Y,,Y,,A,07,1,0,0,0,0,0,0,0,1,"- ","- ",35.016579999999998,-120.46284,"SAN LUIS OBISPO",UNINCORPORATED,-120.46283622999999,35.016584090000002
90054681,2015,2015-11-19,9740,2015-11-08,1910,017791,,7,2,9,4000,0,1,2,,2,002,"U.S. 101 NORTHBOUND","VINEYARD DRIVE",200.00,N,N,B,-,Y,,,,,,,,,,N,2,0,1,2,A,-,11,21954,A,N,G,B,E,A,H,-,C,D,0,Y,,,,Y,,N,60,1,0,0,0,1,0,0,0,0,"- ","- ",35.544330000000002,-120.71464,"SAN LUIS OBISPO",UNINCORPORATED,-120.71458157000001,35.544254080000002
90056820,2015,2015-11-23,9740,2015-11-10,1440,014691,,2,2,9,4000,0,1,3,,2,008,SR-46,"GENESEO ROAD",2112.00,E,N,A,-,Y,,,46,,,,,,,Y,2,0,2,1,C,-,18,,,N,F,A,A,A,H,-,A,D,0,,,Y,,Y,,-,"- ",1,1,0,0,0,0,0,0,2,"- ","- ",35.659309999999998,-120.55244999999999,"SAN LUIS OBISPO",UNINCORPORATED,-120.5524501,35.65951604
90058589,2015,2015-11-24,9740,2015-11-13,2500,013984,,5,4,9,4000,0,1,2,,2,003,"RT 101","SR 46 EAST",1056.00,S,N,A,-,Y,,,,,,,,,,Y,2,0,1,1,A,-,01,23152,E,N,E,I,A,A,H,-,D,D,0,,,,,Y,,A,01,1,0,0,0,0,0,0,0,0,"- ","- ",35.638829999999999,-120.68382,"SAN LUIS OBISPO",UNINCORPORATED,,
90066927,2015,2015-12-07,9740,2015-11-23,1245,015167,,1,1,9,4000,0,1,3,,2,005,"STATE ROUTE 58","CALF CANYON ROAD",3168.00,W,N,A,-,Y,,,58,,,,,,,Y,2,0,2,2,A,-,03,22350,,N,D,C,A,A,H,-,A,D,0,,,Y,,Y,,C,02,1,0,1,0,0,0,0,0,1,"- ","- ",35.391240000000003,-120.5926,"SAN LUIS OBISPO",UNINCORPORATED,-120.59260320999999,35.391205599999999
90087402,2015,2016-01-04,9745,2015-12-10,0350,016068,,4,3,9,4000,0,3,5,,2,003,"BUCKLEY ROAD","THREAD LN",30.00,W,N,B,F,N,,,,,,,,,,Y,1,1,0,1,A,-,01,23152,A,N,E,I,A,B,H,-,D,D,0,,,,,Y,Y,D,22,0,0,0,0,0,0,0,0,0,"- ","- ",35.235500000000002,-120.63986,"SAN LUIS OBISPO",UNINCORPORATED,-120.64023439,35.235674680000002
90087684,2015,2016-01-04,9745,2015-12-29,1925,016514,,2,2,9,4000,0,2,4,,1,025,"LOS OSOS VALLEY RD","FOOTHILL BLVD",5280.00,W,N,A,-,N,,,,,,,,,,Y,2,0,1,2,A,-,08,22107,,N,B,C,A,A,H,-,D,D,0,,,,,Y,,D,22,1,0,0,0,0,0,0,0,0,"- ","- ",35.278449999999999,-120.71629,"SAN LUIS OBISPO",UNINCORPORATED,-120.72771808,35.282623909999998
90087713,2015,2016-01-04,9745,2015-12-31,1725,017968,,4,2,9,4000,0,3,5,,2,005,"HUASNA TOWNSITE RD","LA RANCHITA LANE",190.00,S,N,A,-,N,,,,,,,,,,Y,2,0,1,1,A,-,01,23152,A,N,E,I,A,A,H,-,D,D,0,,,,,Y,Y,A,01,1,0,0,0,0,0,0,0,0,"- ","- ",35.117159999999998,-120.39153,"SAN LUIS OBISPO",UNINCORPORATED,-120.39104819000001,35.115741489999998
90097888,2015,2016-01-19,9750,2015-12-19,0515,013766,,6,3,9,4000,0,1,3,,2,061,SR-166,"TWITCHELL DAM RD",5280.00,E,N,B,-,Y,,,166,,,,,,,Y,1,1,0,1,A,-,08,22107,,N,E,I,A,A,H,-,D,D,0,,,,,Y,,A,07,0,0,0,0,0,0,0,0,0,"- ","- ",35.020490000000002,-120.32458,"SAN LUIS OBISPO",UNINCORPORATED,-120.32461324000001,35.020515799999998
90102377,2016,2016-01-26,9740,2016-01-01,0810,017426,,5,1,9,4000,0,1,3,,2,010,"SR-41 NORTHBOUND","SAN LUIS OBISPO/KERN CO LINE",5280.00,S,N,A,-,Y,,,41,,,,,,N,Y,1,1,1,1,C,-,18,,,N,F,A,A,C,G,-,A,D,0,,,,,Y,,-,"- ",0,1,0,0,0,0,0,0,0,"- ","- ",35.779870000000003,-120.20963,"SAN LUIS OBISPO",UNINCORPORATED,-120.20961461,35.779808430000003
90111298,2016,2016-02-08,9745,2016-02-05,2101,017541,,5,2,3,4001,0,1,2,,2,402,"US 101 SOUTHBOUND TO GRAND AVE.","GRAND AVE",500.00,N,N,A,-,Y,,,,,,,,,,Y,2,0,1,1,A,-,01,23152,A,N,E,I,A,A,H,-,D,D,0,,,Y,,Y,Y,C,02,1,0,0,0,0,0,0,0,1,"- ","- ",35.716999999999999,-120.367,"SAN LUIS OBISPO","ARROYO GRANDE",,
90124854,2016,2016-02-29,9740,2016-02-19,2008,015854,,5,2,9,4000,0,3,5,,2,017,"CRESTON RD","NEAL SPRINGS RD",2112.00,W,N,A,-,N,,,,,,,,,,Y,2,0,1,2,A,-,01,23152,A,N,B,C,A,A,H,-,D,D,0,,,Y,,Y,Y,C,02,1,0,0,0,0,0,0,0,1,"- ","- ",35.580300000000001,-120.62081999999999,"SAN LUIS OBISPO",UNINCORPORATED,-120.62067762,35.580137909999998
90157950,2016,2016-04-14,9740,2016-04-08,2200,014543,,5,3,9,4000,0,2,4,,2,012,"NACIMIENTO LAKE DR","FRAZIER RD",1584.00,W,N,B,-,N,,,,,,,,,,Y,2,0,1,1,A,-,08,22107,,N,E,I,A,A,H,-,D,D,0,,,,,Y,,A,01,1,0,0,0,0,0,0,0,0,"- ","- ",35.705410000000001,-120.81785000000001,"SAN LUIS OBISPO",UNINCORPORATED,-120.827141,35.710492459999998