CASE_ID,ACCIDENT_YEAR,PROC_DATE,JURIS,COLLISION_DATE,COLLISION_TIME,OFFICER_ID,REPORTING_DISTRICT,DAY_OF_WEEK,CHP_SHIFT,POPULATION,CNTY_CITY_LOC,SPECIAL_COND,BEAT_TYPE,CHP_BEAT_TYPE,CITY_DIVISION_LAPD,CHP_BEAT_CLASS,BEAT_NUMBER,PRIMARY_RD,SECONDARY_RD,DISTANCE,DIRECTION,INTERSECTION,WEATHER_1,WEATHER_2,STATE_HWY_IND,CALTRANS_COUNTY,CALTRANS_DISTRICT,STATE_ROUTE,ROUTE_SUFFIX,POSTMILE_PREFIX,POSTMILE,LOCATION_TYPE,RAMP_INTERSECTION,SIDE_OF_HWY,TOW_AWAY,COLLISION_SEVERITY,NUMBER_KILLED,NUMBER_INJURED,PARTY_COUNT,PRIMARY_COLL_FACTOR,PCF_CODE_OF_VIOL,PCF_VIOL_CATEGORY,PCF_VIOLATION,PCF_VIOL_SUBSECTION,HIT_AND_RUN,TYPE_OF_COLLISION,MVIW,PED_ACTION,ROAD_SURFACE,ROAD_COND_1,ROAD_COND_2,LIGHTING,CONTROL_DEVICE,CHP_ROAD_TYPE,PEDESTRIAN_ACCIDENT,BICYCLE_ACCIDENT,MOTORCYCLE_ACCIDENT,TRUCK_ACCIDENT,NOT_PRIVATE_PROPERTY,ALCOHOL_INVOLVED,STWD_VEHTYPE_AT_FAULT,CHP_VEHTYPE_AT_FAULT,COUNT_SEVERE_INJ,COUNT_VISIBLE_INJ,COUNT_COMPLAINT_PAIN,COUNT_PED_KILLED,COUNT_PED_INJURED,COUNT_BICYCLIST_KILLED,COUNT_BICYCLIST_INJURED,COUNT_MC_KILLED,COUNT_MC_INJURED,PRIMARY_RAMP,SECONDARY_RAMP,LATITUDE,LONGITUDE,COUNTY,CITY,POINT_X,POINT_Y
90159601,2016,2016-04-18,9745,2016-04-15,2105,018021,,5,2,9,4000,0,1,2,,1,101,"US-101 SOUTHBOUND","TV TOWER RD",3600.00,S,N,A,-,Y,,,101,,,,,,S,Y,2,0,5,4,A,-,01,23152,A,N,C,C,A,A,H,-,D,D,0,,,,,Y,Y,A,07,1,2,2,0,0,0,0,0,0,"- ","- ",35.336060000000003,-120.62607,"SAN LUIS OBISPO",UNINCORPORATED,-120.62607594000001,35.336056329999998
90173889,2016,2016-05-05,9745,2016-04-30,1510,017968,,6,2,9,4000,0,3,5,,2,004,"CORBETT CANYON RD","DAIRY LANE",528.00,N,N,A,-,N,,,,,,,,,,Y,2,0,1,1,A,-,03,22350,,N,F,A,A,A,H,-,A,D,0,,,,,Y,,A,07,1,0,0,0,0,0,0,0,0,"- ","- ",35.180540000000001,-120.57192000000001,"SAN LUIS OBISPO",UNINCORPORATED,-120.57172662000001,35.180681720000003
90185783,2016,2016-05-24,9745,2016-05-22,1040,017097,,7,1,9,4000,0,1,2,,1,101,"US-101 N/B","TASSAJARA CREEK ROAD",100.00,N,N,A,-,Y,,,101,,,,,,N,Y,2,0,4,1,C,-,18,,,N,E,I,A,A,H,-,A,D,0,,,,,Y,,-,"- ",1,3,0,0,0,0,0,0,0,"- ","- ",35.370579999999997,-120.64072,"SAN LUIS OBISPO",UNINCORPORATED,-120.64096786,35.37065492
90194800,2016,2016-06-06,9740,2016-05-22,1200,017426,,7,1,9,4000,0,1,3,,1,009,"SR-46 WESTBOUND","BITTERWATER RD",5280.00,E,N,A,-,Y,,,46,,,,,,W,Y,2,0,2,3,A,-,09,21801,A,N,D,C,A,A,H,-,A,D,0,,,,,Y,,A,01,1,0,1,0,0,0,0,0,0,"- ","- ",35.722619999999999,-120.29719,"SAN LUIS OBISPO",UNINCORPORATED,-120.29718736,35.722618429999997
90216167,2016,2016-08-23,9740,2016-06-19,1823,011615,,7,2,9,4000,0,1,3,,1,015,SR-1,"ARROYO DE LA CRUZ",3062.00,N,N,A,-,Y,,,,,,,,,,Y,2,0,6,2,A,-,05,21460,,N,A,C,A,A,H,-,A,D,0,,,,,Y,,A,01,4,0,2,0,0,0,0,0,0,"- ","- ",35.717010000000002,-121.3096,"SAN LUIS OBISPO",UNINCORPORATED,,
90225802,2016,2016-07-19,9740,2016-07-04,1042,015644,,1,1,3,4004,0,3,5,,2,022,"INTERLAKE RD","LYNCH CANYON RD",5280.00,E,N,A,-,N,,,,,,,,,,N,2,0,2,2,A,-,03,22350,,N,C,C,A,A,H,-,A,D,0,,,Y,,Y,,C,02,1,1,0,0,0,0,0,0,2,"- ","- ",35.98836,-120.94767,"SAN LUIS OBISPO","PASO ROBLES",-120.94818535,35.788461429999998
90229863,2016,2016-07-25,9745,2016-07-17,1555,017930,,7,2,9,4000,0,2,4,,1,046,"PRICE CANYON RD","THOUSAND HILLS RD",1478.00,E,N,A,-,N,,,,,,,,,,Y,2,0,3,3,A,-,03,22350,,N,C,C,A,A,H,-,A,D,0,,,,,Y,Y,A,01,1,1,1,0,0,0,0,0,0,"- ","- ",35.166159999999998,-120.62935,"SAN LUIS OBISPO",UNINCORPORATED,-120.62936603999999,35.166169429999997
90240802,2016,2016-08-09,9740,2016-07-23,0914,014465,,6,1,9,4000,0,1,3,,1,009,SR-46,"ANTELOPE RD",145.00,E,N,A,-,Y,,,46,,,,,,,Y,2,0,7,2,A,-,06,21751,,N,A,C,A,A,H,-,A,D,0,,,,,Y,,A,01,3,2,2,0,0,0,0,0,0,"- ","- ",35.743670000000002,-120.22848,"SAN LUIS OBISPO",UNINCORPORATED,-120.22848461,35.743728920000002
90244887,2016,2016-08-15,9745,2016-08-04,0855,013937,,4,1,9,4000,0,2,4,,1,025,"TURRI RD","LOS OSOS VALLEY RD",0.00,,Y,B,-,N,,,,,,,,,,Y,2,0,2,2,A,-,01,23152,E,N,D,C,A,A,H,-,A,A,0,,,,,Y,,A,01,1,0,1,0,0,0,0,0,0,"- ","- ",35.299950000000003,-120.77661000000001,"SAN LUIS OBISPO",UNINCORPORATED,-120.77661996,35.299960120000001
90245943,2016,2016-08-16,9745,2016-08-03,1430,014713,,3,2,9,4000,0,2,4,,1,025,"LOS OSOS VALLEY ROAD","DIABLO DR",1212.00,W,N,A,-,N,,,,,,,,,,Y,2,0,4,3,A,-,05,21650,,N,B,C,A,A,H,-,A,D,0,,,,,Y,,A,07,2,0,2,0,0,0,0,0,0,"- ","- ",35.269919999999999,-120.70543000000001,"SAN LUIS OBISPO",UNINCORPORATED,-120.70541335,35.269799069999998
90252402,2016,2016-08-25,9740,2016-07-25,1710,015167,,1,2,9,4000,0,1,2,,2,004,"US101 (N/B)","N. SPRING STREET",0.00,,N,A,-,Y,,,101,,,,,,,Y,2,0,3,2,C,-,18,,,N,C,C,A,A,H,-,A,D,0,,,,,Y,,-,"- ",3,0,0,0,0,0,0,0,0,"- ","- ",35.656440000000003,-120.69691,"SAN LUIS OBISPO",UNINCORPORATED,-120.69735666,35.656184760000002
90256883,2016,2016-08-30,9745,2016-08-22,0220,016773,,1,3,9,4000,0,2,4,,1,048,"AVILA BEACH DRIVE","LUCAS LN",182.00,W,N,A,-,N,,,,,,,,,,Y,2,0,1,2,A,-,01,23152,A,N,B,E,A,A,H,-,C,D,0,,,,,Y,Y,A,01,1,0,0,0,0,0,0,0,0,"- ","- ",35.18159,-120.72999,"SAN LUIS OBISPO",UNINCORPORATED,-120.73045938999999,35.181786289999998
90258126,2016,2016-08-31,9740,2016-08-25,2150,015644,,4,2,9,4000,0,2,4,,2,012,"NACIMIENTO LAKE DR (G-14)","CHIMNEY ROCK RD",1320.00,N,N,A,-,N,,,,,,,,,,Y,2,0,1,1,A,-,01,23152,F,N,E,I,A,A,H,-,D,D,0,,,,,Y,Y,D,22,1,0,0,0,0,0,0,0,0,"- ","- ",36.691400000000002,-120.8004,"SAN LUIS OBISPO",UNINCORPORATED,-120.79337868,35.690396389999997
90262704,2016,2016-09-07,9745,2016-09-02,1950,020689,,5,2,9,4000,0,1,2,,2,505,"US-101 SOUTHBOUND","EL CAMPO RD",0.00,,Y,A,-,Y,,,101,,,,,,S,Y,2,0,3,2,A,-,17,24250,,N,D,C,A,A,H,-,D,A,0,,,,Y,Y,,A,01,1,1,1,0,0,0,0,0,0,"- ","- ",35.111150000000002,-120.56362,"SAN LUIS OBISPO",UNINCORPORATED,-120.56361531,35.111165720000002
90266002,2016,2016-09-12,9740,2016-09-03,1620,016849,,6,2,9,4000,0,3,5,,2,022,"SANTA ROSA CREEK ROAD","SR-46 WEST",1584.00,N,N,A,-,N,,,,,,,,,,N,2,0,1,1,A,-,08,22107,,N,F,A,A,A,H,-,A,D,0,,,Y,,Y,,C,02,1,0,0,0,0,0,0,0,1,"- ","- ",35.537149999999997,-120.8625,"SAN LUIS OBISPO",UNINCORPORATED,-120.86237260999999,35.537201709999998
90266787,2016,2016-09-13,9740,2016-07-25,0435,018323,,1,3,9,4000,0,1,2,,2,001,"US-101 NORTHBOUND","SAN DIEGO WAY",393.00,S,N,A,-,Y,,,,,,,,,,Y,1,1,0,1,A,-,08,22107,,N,E,I,A,A,H,-,C,D,0,,,,,Y,,A,01,0,0,0,0,0,0,0,0,0,"- ","- ",35.45093,-120.63968,"SAN LUIS OBISPO",UNINCORPORATED,,
90275482,2016,2016-09-26,9740,2016-08-27,1100,017426,,6,1,9,4000,0,3,5,,2,017,"RAMADA DR","CALLE PROPANO",15.00,N,N,A,-,N,,,,,,,,,,Y,1,1,0,1,A,-,08,22107,,N,E,I,A,A,H,-,A,A,0,,,,,Y,,A,01,0,0,0,0,0,0,0,0,0,"- ","- ",35.58849,-120.69490999999999,"SAN LUIS OBISPO",UNINCORPORATED,-120.69495555,35.588579469999999
90277197,2016,2016-09-27,9740,2016-09-15,1905,013984,,4,2,9,4000,0,1,3,,2,011,"SR 46 WEST","GREEN VALLEY RD",7920.00,E,N,A,-,Y,,,46,,,,,,,Y,2,0,1,2,A,-,01,23152,A,N,E,I,A,A,H,-,D,D,0,,,,,Y,Y,A,01,1,0,0,0,0,0,0,0,0,"- ","- ",35.539239999999999,-120.98121,"SAN LUIS OBISPO",UNINCORPORATED,-120.98121431,35.539333659999997
90286130,2016,2016-10-06,9740,2016-09-09,1258,018323,,5,1,9,4000,0,1,2,,2,004,"US-101 SOUTHBOUND","WELLSONA RD",0.00,,Y,A,-,Y,,,101,,,,,,S,Y,2,0,3,2,A,-,09,21802,A,N,D,C,A,A,H,-,A,A,0,,,,,Y,,A,07,1,1,1,0,0,0,0,0,0,"- ","- ",35.695869999999999,-120.69678,"SAN LUIS OBISPO",UNINCORPORATED,-120.69679619,35.695870190000001
90299887,2016,2016-10-24,9750,2016-10-16,1840,015916,,7,2,9,4000,0,1,3,,1,063,"SR-166 (CUYAMA HIGHWAY)","SCHOOL HOUSE CANYON ROAD",48576.00,W,N,B,F,Y,,,166,,,,,,,Y,2,0,3,2,A,-,05,21460,A,N,A,C,A,B,H,-,D,D,0,,,,,Y,,D,22,3,0,0,0,0,0,0,0,0,"- ","- ",35.061369999999997,-119.97056000000001,"SAN LUIS OBISPO",UNINCORPORATED,-119.97057057000001,35.061299030000001
90303398,2016,2016-10-27,9745,2016-10-22,0957,017968,,6,1,9,4000,0,1,2,,1,101,"US-101 SOUTHBOUND","MONTEREY ST",1056.00,N,N,A,-,Y,,,101,,,,,,S,Y,2,0,1,2,A,-,07,21658,A,N,F,A,A,A,H,-,A,D,0,,,Y,,Y,,A,01,1,0,0,0,0,0,0,0,1,"- ","- ",35.295059999999999,-120.63728999999999,"SAN LUIS OBISPO",UNINCORPORATED,-120.63729736000001,35.295243679999999
9030600,2019,2020-01-29,4001,2019-11-17,0914,P0106,46-1,7,5,3,4001,0,0,0,,0,OPERAT,"CORBETT CANYON","CORRAL PL",52.00,S,N,A,-,N,,,,,,,,,,Y,2,0,2,2,A,-,03,22350,,N,C,C,A,A,H,-,A,A,0,,,Y,,Y,,C,02,2,0,0,0,0,0,0,0,2,"- ","- ",,,"SAN LUIS OBISPO","ARROYO GRANDE",-120.56968688964844,35.134395599365234
90311684,2016,2016-11-04,9745,2016-11-01,1205,014713,,2,1,9,4000,0,1,2,,1,101,"US-101 NORTHBOUND","TASSAJARA CREEK ROAD",2640.00,S,N,A,-,Y,,,101,,,,,,N,Y,2,0,1,1,A,-,08,22107,,N,E,I,A,A,H,-,A,D,0,,,,,Y,,A,01,1,0,0,0,0,0,0,0,0,"- ","- ",35.364989999999999,-120.63856,"SAN LUIS OBISPO",UNINCORPORATED,-120.63860746,35.36496537
90325519,2016,2016-11-21,9740,2016-09-30,2042,015644,,5,2,9,4000,0,1,2,,2,004,"US-101 NORTHBOUND","WELLSONA RD",0.00,,Y,A,-,Y,,,101,,,,,,N,Y,1,1,3,2,A,-,01,23152,A,N,D,C,A,A,H,-,C,A,0,,,,,Y,Y,A,01,2,0,1,0,0,0,0,0,0,"- ","- ",35.695869999999999,-120.69656000000001,"SAN LUIS OBISPO",UNINCORPORATED,-120.69654756,35.695869829999999
90326110,2016,2016-11-21,9740,2016-11-06,1545,016089,,7,2,9,4000,0,3,5,,2,022,"ADELAIDA RD","VINE HILL ROAD",2640.00,W,N,A,-,N,,,,,,,,,,Y,2,0,2,1,A,-,03,22350,,N,F,A,A,A,H,-,A,D,0,,,Y,,Y,,C,02,1,0,1,0,0,0,0,0,2,"- ","- ",35.651690000000002,-120.73899,"SAN LUIS OBISPO",UNINCORPORATED,-120.74491257,35.650749050000002
90327479,2016,2016-11-22,9740,2016-11-07,1840,011615,,1,2,9,4000,0,1,3,,2,011,SR-46W,"N GREEN VALLEY RD",8448.00,E,N,A,-,Y,,,46,,,,,,,Y,2,0,1,1,A,-,01,23152,,N,E,I,A,A,H,-,D,D,0,,,,,Y,Y,A,01,1,0,0,0,0,0,0,0,0,"- ","- ",35.539450000000002,-120.98276,"SAN LUIS OBISPO",UNINCORPORATED,-120.98276466,35.539415140000003
90336631,2016,2016-12-05,9745,2016-11-18,1624,017968,,5,2,9,4000,0,2,4,,1,051,"LOS BERROS ROAD","QUAILWOOD LANE",0.00,,Y,A,-,N,,,,,,,,,,Y,2,0,2,2,A,-,03,22350,,N,A,C,A,A,H,-,A,D,0,,,,,Y,,A,07,1,0,1,0,0,0,0,0,0,"- ","- ",35.076900000000002,-120.5248,"SAN LUIS OBISPO",UNINCORPORATED,-120.52459998,35.076640089999998
90340747,2016,2017-03-03,9745,2016-11-09,1425,013212,,3,2,9,4000,0,1,3,,2,023,"SR-1 SOUTHBOUND","HOLLISTER AVE",75.00,N,N,A,-,Y,,,1,,,,,,S,Y,1,1,3,3,A,-,03,22350,,N,C,C,A,A,H,-,A,A,0,,,,Y,Y,,F,26,0,2,1,0,0,0,0,0,0,"- ","- ",35.331209999999999,-120.73556000000001,"SAN LUIS OBISPO",UNINCORPORATED,-120.73557458000001,35.331159589999999
90345832,2016,2016-12-15,9745,2016-11-22,2025,020144,,2,2,4,4006,0,1,2,,2,202,"US-101 SOUTHBOUND","MADONNA ROAD",2112.00,S,N,A,-,Y,,,101,,,,,,S,N,1,1,0,2,A,-,11,21956,,N,G,B,D,A,H,-,C,D,0,Y,,,,Y,Y,N,60,0,0,0,1,0,0,0,0,0,"- ","- ",35.258850000000002,-120.67406,"SAN LUIS OBISPO","SAN LUIS OBISPO",-120.67393533000001,35.258803020000002
90350214,2016,2016-12-21,9745,2016-12-18,1456,017930,,7,2,9,4000,0,3,5,,2,002,"CLARK VALLEY RD","CAMPBELL RD",240.00,S,N,A,B,N,,,,,,,,,,Y,2,0,2,1,A,-,08,22107,,N,E,I,A,A,A,-,A,D,0,,,,,Y,,D,22,2,0,0,0,0,0,0,0,0,"- ","- ",35.285510000000002,-120.79732,"SAN LUIS OBISPO",UNINCORPORATED,,
90358371,2016,2016-12-30,9745,2016-12-23,1138,018021,,5,1,9,4000,0,1,3,,1,011,"SR-41 SOUTHBOUND","TORO CREEK RD",430.00,S,N,C,-,Y,,,41,,,,,,S,Y,2,0,1,1,A,-,03,22350,,N,F,A,A,B,H,-,A,D,0,,,,,Y,,D,22,1,0,0,0,0,0,0,0,0,"- ","- ",35.45722,-120.7504,"SAN LUIS OBISPO",UNINCORPORATED,-120.75044683,35.457245999999998
90361170,2016,2017-03-20,9745,2016-12-25,1545,020689,,7,2,9,4000,0,2,4,,1,051,"LOS BERROS RD","STANTON RD",380.00,E,N,A,-,N,,,,,,,,,,Y,1,1,1,2,A,-,03,22350,,N,C,C,A,A,H,-,A,D,0,,,Y,,Y,,C,02,0,0,1,0,0,0,0,1,1,"- ","- ",35.079369999999997,-120.54652,"SAN LUIS OBISPO",UNINCORPORATED,-120.54616606,35.079264109999997
90373097,2016,2017-01-19,9740,2016-12-31,1558,014622,,6,2,9,4000,0,1,2,,2,001,"US-101 SOUTHBOUND",SR-58,11088.00,N,N,A,-,Y,,,101,,,,,,S,Y,2,0,3,1,A,-,01,23152,A,N,E,I,A,A,H,-,A,D,0,,,,,Y,Y,A,01,2,1,0,0,0,0,0,0,0,"- ","- ",35.4129,-120.6267,"SAN LUIS OBISPO",UNINCORPORATED,-120.62670722999999,35.412898679999998
90397162,2017,2017-02-21,9740,2017-01-06,1026,013984,,5,1,9,4000,0,3,5,,2,017,"TEMPLETON RD","RIVER ROAD",2112.00,N,N,A,-,N,,,,,,,,,,Y,1,1,0,1,A,-,03,22350,,N,E,I,A,A,H,-,A,D,0,,,,,Y,,A,07,0,0,0,0,0,0,0,0,0,"- ","- ",35.512419999999999,-120.65418,"SAN LUIS OBISPO",UNINCORPORATED,-120.65424174,35.512435689999997
90397433,2017,2017-07-18,9745,2017-02-13,1345,018021,,1,1,9,4000,0,2,4,,1,026,"PREFUMO CANYON RD","SERPENTINE LN",4224.00,N,N,A,-,N,,,,,,,,,,N,2,0,1,2,A,-,05,21202,A,N,B,G,A,A,H,-,A,D,0,,Y,,,Y,,L,04,1,0,0,0,0,0,1,0,0,"- ","- ",35.260060000000003,-120.75636,"SAN LUIS OBISPO",UNINCORPORATED,-120.75712849999999,35.260240680000003
90399074,2017,2017-02-23,9740,2017-02-10,1820,15854,,5,2,4,4008,0,1,2,,2,001,"SANTA ROSA RD","US-101 S/B FROM SANTA ROSA RD",5.00,N,N,B,-,Y,,,,,,,,,,N,2,0,1,2,A,-,10,21950,A,N,G,B,B,B,H,-,C,A,0,Y,,,,Y,,A,07,1,0,0,0,1,0,0,0,0,"- ","- ",35.465499999999999,-120.65188000000001,"SAN LUIS OBISPO",ATASCADERO,,
90401980,2017,2017-02-28,9740,2017-01-28,1254,015644,,6,1,3,4004,0,1,2,,2,003,"US-101 SOUTHBOUND",SR-46,110.00,N,N,A,-,Y,,,101,,,,,,S,Y,1,1,0,1,A,-,08,22107,,N,F,I,A,A,H,-,A,D,0,,,,,Y,,A,01,0,0,0,0,0,0,0,0,0,"- ","- ",35.589100000000002,-120.69571999999999,"SAN LUIS OBISPO","PASO ROBLES",-120.69572622,35.58910083
90404972,2017,2017-03-02,9740,2017-02-17,0714,013417,,5,1,9,4000,0,1,2,,2,004,"US-101 NORTHBOUND","S. CAMP ROBERTS RXR OVERCROSSING",522.00,N,N,C,-,Y,,,101,,,,,,N,Y,2,0,2,1,A,-,03,22350,,N,E,I,A,B,H,-,A,D,0,,,,,Y,,A,07,1,0,1,0,0,0,0,0,0,"- ","- ",35.778649999999999,-120.71769,"SAN LUIS OBISPO",UNINCORPORATED,-120.71770581,35.778617560000001
90407591,2017,2017-03-07,9745,2017-03-04,1400,016714,,6,2,9,4000,0,1,3,,1,021,"SR-1 (CABRILLO HIGHWAY)","VILLA CREEK RD.",4752.00,N,N,A,-,Y,,,1,,,,,,,Y,2,0,3,2,A,-,08,22107,,N,D,C,A,A,H,-,A,D,0,,,,,Y,,A,01,1,0,2,0,0,0,0,0,0,"- ","- ",35.478360000000002,-120.99196000000001,"SAN LUIS OBISPO",UNINCORPORATED,-120.9919417,35.478382889999999
90414656,2017,2017-03-17,9740,2017-03-12,1955,015854,,7,2,9,4000,0,3,5,,2,017,"LUPINE LN","TEMPLETON RD",3696.00,N,N,A,-,N,,,,,,,,,,Y,2,0,1,1,A,-,08,22107,,N,E,I,A,A,H,-,D,D,0,,,,,Y,,D,22,1,0,0,0,0,0,0,0,0,"- ","- ",35.535910000000001,-120.66280999999999,"SAN LUIS OBISPO",UNINCORPORATED,-120.66266401,35.536562490000001
90433162,2017,2017-04-12,9740,2017-04-01,0245,014460,,6,3,9,4000,0,1,3,,2,005,SR-58,"EAST POZO ROAD",7920.00,W,N,A,-,Y,,,,,,,,,,Y,2,0,1,1,A,-,01,23152,A,N,E,I,A,A,H,-,D,D,0,,,,,Y,Y,D,22,1,0,0,0,0,0,0,0,0,"- ","- ",35.235399999999998,-120.117,"SAN LUIS OBISPO",UNINCORPORATED,-120.60452792,35.393287450000003
90433560,2017,2017-04-13,9740,2017-04-04,1700,013733,,2,2,9,4000,0,2,4,,2,012,"NACIMIENTO LAKE DR","GATEWAY DR",3696.00,S,N,A,-,N,,,,,,,,,,Y,2,0,2,2,A,-,01,23152,A,N,D,C,A,A,H,-,A,D,0,,,,,Y,Y,D,22,1,1,0,0,0,0,0,0,0,"- ","- ",35.719729999999998,-120.84849,"SAN LUIS OBISPO",UNINCORPORATED,-120.84865741999999,35.720139889999999
90439102,2017,2019-05-02,9745,2017-03-20,1346,017817,,1,1,9,4000,0,1,3,,1,032,SR-227,"OLD PRICE CANYON RD.",53.00,N,N,B,-,Y,,,227,,,,,,,Y,1,1,1,2,A,-,09,21804,A,N,D,C,A,A,H,-,A,D,0,,,,,Y,,A,01,0,1,0,0,0,0,0,0,0,"- ","- ",35.202750000000002,-120.61197,"SAN LUIS OBISPO",UNINCORPORATED,-120.61205287999999,35.202660620000003
90455717,2017,2017-05-16,9740,2017-04-30,1233,014662,,7,1,9,4000,0,3,5,,2,021,"LAS TABLAS RD","LOS ROBLES RD",36.00,E,N,A,-,N,,,,,,,,,,Y,2,0,1,2,A,-,03,22350,,N,C,C,A,A,H,-,A,D,0,,,Y,,Y,,C,02,1,0,0,0,0,0,0,0,1,"- ","- ",35.555900000000001,-120.71129999999999,"SAN LUIS OBISPO",UNINCORPORATED,-120.73294511,35.556248959999998
90465220,2017,2017-05-26,9740,2017-05-13,0746,013984,,6,1,9,4000,0,1,3,,2,008,"SR 46 EAST","RT 41",0.00,,Y,A,-,Y,,,46,,,,,,,Y,1,1,2,2,A,-,09,21801,A,N,D,C,A,A,H,-,A,D,0,,,,,Y,,A,08,2,0,0,0,0,0,0,0,0,"- ","- ",35.734520000000003,-120.28444,"SAN LUIS OBISPO",UNINCORPORATED,-120.28443203,35.734473680000001
90468765,2017,2017-06-01,9740,2017-05-20,1815,018069,,6,2,9,4000,0,1,3,,2,011,"SR-46 E/B","GREEN VALLEY ROAD",16421.00,E,N,A,-,Y,,,46,,,,,,E,Y,2,0,1,1,A,-,01,23152,A,N,F,A,A,A,H,-,A,D,0,,,,,Y,Y,A,01,1,0,0,0,0,0,0,0,0,"- ","- ",35.539270000000002,-120.98108000000001,"SAN LUIS OBISPO",UNINCORPORATED,-120.98108216,35.539341620000002
90472207,2017,2017-06-06,9740,2017-06-06,0740,013984,,2,1,9,4000,0,3,5,,2,016,"SANTA MARGARITA LAKE RD","POZO RD",1056.00,E,N,A,-,N,,,,,,,,,,N,2,0,1,2,A,-,03,22350,,N,C,C,A,A,H,-,A,D,0,,,Y,,Y,,C,02,1,0,0,0,0,0,0,0,1,"- ","- ",35.321159999999999,-120.50055999999999,"SAN LUIS OBISPO",UNINCORPORATED,-120.50558313000001,35.319026950000001
90477963,2017,2017-06-14,9740,2017-06-01,2110,014460,,4,2,9,4000,0,1,3,,2,008,SR-46,"MCMILLAN CANYON ROAD",6864.00,E,N,A,-,Y,,,,,,,,,,Y,2,0,1,2,A,-,01,23152,G,N,C,C,A,A,H,-,D,D,0,,,,Y,Y,Y,D,22,1,0,0,0,0,0,0,0,0,"- ","- ",35.394500000000001,-120.233,"SAN LUIS OBISPO",UNINCORPORATED,-120.41161755,35.661446470000001
90487425,2017,2017-06-29,9745,2017-06-13,2247,020144,,2,3,9,4000,0,1,2,,2,303,"US-101 SOUTHBOUND","HIGUERA ST",5280.00,S,N,A,-,Y,,,101,,,,,,S,Y,2,0,4,1,A,-,01,23152,A,N,F,A,A,A,H,-,D,D,0,,,,,Y,Y,A,07,2,1,1,0,0,0,0,0,0,"- ","- ",35.211120000000001,-120.69692999999999,"SAN LUIS OBISPO",UNINCORPORATED,-120.69701120000001,35.211124380000001
90487653,2017,2017-06-26,9745,2017-06-16,1241,017857,,5,1,4,4006,0,1,2,,2,202,"US-101 SOUTHBOUND","LOS OSOS VALLEY RD",1056.00,N,N,A,-,Y,,,101,,,,,,S,Y,2,0,1,3,A,-,03,22350,,N,C,C,A,A,H,-,A,D,0,,,Y,,Y,,C,02,1,0,0,0,0,0,0,0,1,"- ","- ",35.247619999999998,-120.68065,"SAN LUIS OBISPO","SAN LUIS OBISPO",-120.68056746000001,35.247570379999999
90495964,2017,2017-07-07,9745,2017-06-22,0732,017144,,4,1,9,4000,0,1,2,,1,101,"US-101 SOUTHBOUND","STAGECOACH RD",739.00,N,N,B,-,Y,,,101,,,,,,S,Y,2,0,2,2,A,-,03,22350,,N,C,C,A,A,H,-,A,D,0,,,,Y,Y,,D,22,1,0,1,0,0,0,0,0,0,"- ","- ",35.319580000000002,-120.62139000000001,"SAN LUIS OBISPO",UNINCORPORATED,-120.62136519000001,35.319583469999998
90496007,2017,2017-07-07,9745,2017-06-28,1626,016714,,3,2,4,4006,0,1,2,,2,202,"US-101 S/B","LOS OSOS VALLEY RD.",688.00,N,N,A,-,Y,,,101,,,,,,S,Y,2,0,1,3,A,-,03,22350,,N,C,C,A,A,H,-,A,D,0,,,Y,,Y,,D,22,1,0,0,0,0,0,0,0,1,"- ","- ",35.247079999999997,-120.68080999999999,"SAN LUIS OBISPO","SAN LUIS OBISPO",-120.68084841,35.247103090000003
90496634,2017,2017-07-10,9740,2017-06-28,1955,018995,,3,2,9,4000,0,3,5,,2,024,"RODEO GROUNDS RD","BURTON DR",627.00,W,N,A,-,N,,,,,,,,,,Y,2,0,1,1,A,-,08,22107,,F,E,I,A,A,H,-,A,D,0,,,,,Y,,A,07,1,0,0,0,0,0,0,0,0,"- ","- ",35.562220000000003,-121.08387999999999,"SAN LUIS OBISPO",UNINCORPORATED,-121.08374734,35.562202859999999
90496936,2017,2017-07-10,9740,2017-05-23,1438,013952,,2,2,9,4000,0,2,4,,2,012,"NACIMIENTO LAKE DR","STEELHEAD ROAD",430.00,W,N,A,-,N,,,,,,,,,,N,2,0,1,1,A,-,03,22350,,N,F,A,A,A,H,-,A,D,0,,,Y,,Y,,C,02,1,0,0,0,0,0,0,0,1,"- ","- ",35.740850000000002,-120.87273999999999,"SAN LUIS OBISPO",UNINCORPORATED,-120.87347578000001,35.741554610000001
90500129,2017,2017-07-13,9745,2017-07-04,1247,016002,,2,1,9,4000,0,2,4,,1,051,"LOS BERROS RD.","EL CAMPO RD.",0.00,,Y,A,-,N,,,,,,,,,,N,2,0,1,2,A,-,09,21802,A,N,D,G,A,A,H,-,A,A,0,,Y,,,Y,,A,07,1,0,0,0,0,0,1,0,0,"- ","- ",35.093339999999998,-120.5628,"SAN LUIS OBISPO",UNINCORPORATED,-120.56279986,35.093320089999999
90502360,2017,2017-07-17,9740,2017-07-09,1823,018995,,7,2,9,4000,0,1,3,,2,008,"SR-46 E/B","GRUENHAGEN FLAT RD.",528.00,W,N,A,-,Y,,,46,,,,,,E,Y,2,0,1,2,A,-,03,22350,,N,C,C,A,A,H,-,A,D,0,,,Y,,Y,,A,08,1,0,0,0,0,0,0,0,1,"- ","- ",35.65889,-120.48457999999999,"SAN LUIS OBISPO",UNINCORPORATED,-120.48457802,35.659060150000002