CASE_ID,ACCIDENT_YEAR,PROC_DATE,JURIS,COLLISION_DATE,COLLISION_TIME,OFFICER_ID,REPORTING_DISTRICT,DAY_OF_WEEK,CHP_SHIFT,POPULATION,CNTY_CITY_LOC,SPECIAL_COND,BEAT_TYPE,CHP_BEAT_TYPE,CITY_DIVISION_LAPD,CHP_BEAT_CLASS,BEAT_NUMBER,PRIMARY_RD,SECONDARY_RD,DISTANCE,DIRECTION,INTERSECTION,WEATHER_1,WEATHER_2,STATE_HWY_IND,CALTRANS_COUNTY,CALTRANS_DISTRICT,STATE_ROUTE,ROUTE_SUFFIX,POSTMILE_PREFIX,POSTMILE,LOCATION_TYPE,RAMP_INTERSECTION,SIDE_OF_HWY,TOW_AWAY,COLLISION_SEVERITY,NUMBER_KILLED,NUMBER_INJURED,PARTY_COUNT,PRIMARY_COLL_FACTOR,PCF_CODE_OF_VIOL,PCF_VIOL_CATEGORY,PCF_VIOLATION,PCF_VIOL_SUBSECTION,HIT_AND_RUN,TYPE_OF_COLLISION,MVIW,PED_ACTION,ROAD_SURFACE,ROAD_COND_1,ROAD_COND_2,LIGHTING,CONTROL_DEVICE,CHP_ROAD_TYPE,PEDESTRIAN_ACCIDENT,BICYCLE_ACCIDENT,MOTORCYCLE_ACCIDENT,TRUCK_ACCIDENT,NOT_PRIVATE_PROPERTY,ALCOHOL_INVOLVED,STWD_VEHTYPE_AT_FAULT,CHP_VEHTYPE_AT_FAULT,COUNT_SEVERE_INJ,COUNT_VISIBLE_INJ,COUNT_COMPLAINT_PAIN,COUNT_PED_KILLED,COUNT_PED_INJURED,COUNT_BICYCLIST_KILLED,COUNT_BICYCLIST_INJURED,COUNT_MC_KILLED,COUNT_MC_INJURED,PRIMARY_RAMP,SECONDARY_RAMP,LATITUDE,LONGITUDE,COUNTY,CITY,POINT_X,POINT_Y
90511624,2017,2017-07-28,9750,2017-07-08,2155,020510,,6,2,9,4000,0,1,3,,1,067,SR-33,SR-166,19.00,S,N,A,-,Y,,,33,,,,,,,Y,2,0,1,1,A,-,03,22350,,N,E,I,A,A,H,-,D,D,0,,,,,Y,,A,07,1,0,0,0,0,0,0,0,0,"- ","- ",34.936149999999998,-119.51282,"SAN LUIS OBISPO",UNINCORPORATED,-119.51251311999999,34.935939019999999
90522628,2017,2017-08-14,9740,2017-08-05,1020,016816,,6,1,9,4000,0,3,5,,2,018,"CRESTON RD","S. EL POMAR RD.",1056.00,E,N,A,-,N,,,,,,,,,,N,2,0,1,1,D,-,00,,,N,F,A,A,A,A,-,A,D,0,,Y,,,Y,,-,"- ",1,0,0,0,0,0,1,0,0,"- ","- ",35.572189999999999,-120.60509,"SAN LUIS OBISPO",UNINCORPORATED,-120.60547517000001,35.57241535
90522647,2017,2017-08-14,9740,2017-08-05,2145,018995,,6,2,9,4000,0,2,4,,2,012,"NACIMIENTO LAKE DR","FRAZIER RD",5280.00,N,N,A,-,N,,,,,,,,,,N,2,0,1,1,A,-,03,22350,,N,H,A,A,A,H,-,D,D,0,,,,,Y,,D,22,1,0,0,0,0,0,0,0,0,"- ","- ",35.713030000000003,-120.83743,"SAN LUIS OBISPO",UNINCORPORATED,-120.83778379,35.713387689999998
90523230,2017,2017-09-12,9740,2017-07-23,1648,016849,,7,2,9,4000,0,3,5,,2,017,"CRESTON ROAD",SR-41,1889.00,N,N,A,-,N,,,,,,,,,,Y,1,1,1,1,A,-,01,23152,A,N,F,A,A,A,H,-,A,D,0,,,,,Y,Y,A,07,0,1,0,0,0,0,0,0,0,"- ","- ",35.539090000000002,-120.52471,"SAN LUIS OBISPO",UNINCORPORATED,-120.52466314999999,35.539065970000003
90523248,2017,2017-08-16,9740,2017-03-31,1427,017952,,5,2,9,4000,0,1,3,,2,008,SR-46,"EAST CENTRE ST.",1056.00,E,N,A,G,Y,,,46,,,,,,,Y,1,1,3,5,A,-,05,21460,A,N,A,C,A,A,H,-,A,D,0,,,,Y,Y,,G,25,0,2,1,0,0,0,0,0,0,"- ","- ",35.668840000000003,-120.35704,"SAN LUIS OBISPO",UNINCORPORATED,-120.3570706,35.668868940000003
90552149,2017,2017-09-20,9740,2017-09-16,0920,015644,,6,1,9,4000,0,3,5,,2,022,"ADELAIDA RD","VINEYARD DR",6336.00,N,N,A,-,N,,,,,,,,,,Y,2,0,1,1,C,-,18,,,N,H,H,A,A,H,-,A,D,0,,,Y,,Y,,-,"- ",1,0,0,0,0,0,0,0,1,"- ","- ",35.639290000000003,-120.83395,"SAN LUIS OBISPO",UNINCORPORATED,-120.83523886,35.639542679999998
90556817,2017,2017-09-27,9745,2017-09-20,0505,017238,,3,3,9,4000,0,3,5,,2,004,"HALCYON RD","PRODUCE PL",500.00,S,N,B,-,N,,,,,,,,,,Y,2,0,1,1,A,-,08,22107,,N,E,I,A,A,H,-,D,D,0,,,,,Y,,A,01,1,0,0,0,0,0,0,0,0,"- ","- ",35.088039999999999,-120.59156,"SAN LUIS OBISPO",UNINCORPORATED,-120.59165342,35.089386580000003
90561933,2017,2017-10-04,9740,2017-07-31,2051,018995,,1,2,9,4000,0,1,3,,1,009,"SR-46 E/B",SR-41,10560.00,E,N,A,-,Y,,,46,,,,,,E,Y,1,1,0,3,A,-,01,23152,A,N,A,C,A,A,H,-,D,D,0,,,,Y,Y,Y,A,01,0,0,0,0,0,0,0,0,0,"- ","- ",35.735950000000003,-120.27462,"SAN LUIS OBISPO",UNINCORPORATED,-120.27466975,35.736231889999999
90567405,2017,2017-10-11,9740,2017-09-29,1925,015854,,5,2,4,4008,0,1,2,,2,001,"US-101 NORTHBOUND",SR-41,1056.00,S,N,A,-,Y,,,101,,,,,,N,Y,2,0,1,1,A,-,01,23152,A,N,F,A,A,A,H,-,C,D,0,,,Y,,Y,Y,C,02,1,0,0,0,0,0,0,0,1,"- ","- ",35.483359999999998,-120.6621,"SAN LUIS OBISPO",ATASCADERO,-120.66213657,35.483324029999999
90570779,2017,2017-10-16,9740,2017-10-02,1507,017952,,1,2,9,4000,0,1,2,,2,004,"US-101 S/B","N. SPRING ST.",867.00,N,N,A,-,Y,,,101,,,,,,S,Y,2,0,2,1,A,-,08,22107,,N,F,A,A,A,H,-,A,D,0,,,,,Y,,D,22,1,1,0,0,0,0,0,0,0,"- ","- ",35.655560000000001,-120.69727,"SAN LUIS OBISPO",UNINCORPORATED,-120.69725647,35.65557063
90572148,2017,2017-10-18,9745,2017-10-06,1830,020689,,5,2,9,4000,0,3,5,,2,004,"OSO FLACO LAKE RD",SR-1,6864.00,E,N,A,-,N,,,,,,,,,,Y,2,0,1,1,A,-,01,23152,A,N,E,I,A,A,H,-,B,D,0,,,,,Y,Y,A,01,1,0,0,0,0,0,0,0,0,"- ","- ",35.00421,-120.54421000000001,"SAN LUIS OBISPO",UNINCORPORATED,-120.54589068999999,35.004690359999998
90574965,2017,2017-10-20,9745,2017-08-29,2256,014910,,2,3,9,4000,0,1,2,,1,101,"US-101 SOUTHBOUND","TV TOWER RD",7920.00,S,N,A,-,Y,,,101,,,,,,S,Y,1,2,2,5,A,-,01,23152,A,N,E,I,A,A,H,-,D,D,0,,,,,Y,Y,A,01,1,1,0,0,0,0,0,0,0,"- ","- ",35.327159999999999,-120.62044,"SAN LUIS OBISPO",UNINCORPORATED,-120.62038277000001,35.327168520000001
90578186,2017,2017-10-25,9740,2017-10-18,1800,018069,,3,2,9,4000,0,1,2,,2,002,"US-101 S/B","VINEYARD DRIVE O/C",1584.00,S,N,A,-,Y,,,101,,,,,,S,Y,2,0,1,2,A,-,07,21658,A,N,B,C,A,A,H,-,A,D,0,,,,,Y,,A,01,1,0,0,0,0,0,0,0,0,"- ","- ",35.538089999999997,-120.7124,"SAN LUIS OBISPO",UNINCORPORATED,-120.71237935000001,35.538098439999999
90582452,2017,2017-12-05,9740,2017-10-28,1910,018995,,6,2,9,4000,0,3,5,,2,019,"RIVER ROAD","ESTRELLA ROAD",0.00,,Y,A,-,N,,,,,,,,,,Y,2,0,1,2,A,-,09,21801,A,N,D,C,A,A,H,-,D,D,0,,,,,Y,,A,01,1,0,0,0,0,0,0,0,0,"- ","- ",35.736400000000003,-120.6853,"SAN LUIS OBISPO",UNINCORPORATED,-120.68537994,35.736420090000003
90586369,2017,2017-11-02,9745,2017-10-27,1204,013531,,5,1,9,4000,0,1,3,,1,043,"SR-1 (WILLOW ROAD)","WINTERHAVEN WAY",800.00,N,N,A,-,Y,,,1,,,,,,,Y,2,0,1,2,A,-,09,21801,A,N,A,C,A,A,H,-,A,D,0,,,Y,,Y,,A,07,1,0,0,0,0,0,0,0,1,"- ","- ",35.047280000000001,-120.58926,"SAN LUIS OBISPO",UNINCORPORATED,-120.58925988,35.047267310000002
90606424,2017,2017-11-30,9745,2017-09-23,2500,016773,,6,4,9,4000,0,3,5,,2,004,"VALLEY RD","SUNRISE TERRACE",1056.00,N,N,A,-,N,,,,,,,,,,Y,1,1,0,1,A,-,01,23152,A,N,F,A,A,A,H,-,D,D,0,,,Y,,Y,Y,C,02,0,0,0,0,0,0,0,1,0,"- ","- ",35.109340000000003,-120.58087,"SAN LUIS OBISPO",UNINCORPORATED,-120.5808562,35.109397119999997
90641471,2017,2018-01-17,9745,2017-12-10,1530,016002,,7,2,9,4000,0,1,2,,2,505,"US-101 NORTHBOUND","EL CAMPO RD",5808.00,S,N,B,-,Y,,,101,,,,,,N,Y,1,1,0,1,A,-,01,23152,A,N,E,I,A,A,H,-,A,D,0,,,,,Y,Y,D,22,0,0,0,0,0,0,0,0,0,"- ","- ",35.102029999999999,-120.5485,"SAN LUIS OBISPO",UNINCORPORATED,-120.54857715,35.101969080000003
90652096,2018,2018-01-31,9740,2018-01-25,2115,018069,,4,2,9,4000,0,3,5,,2,024,SR-1,"BURTON DRIVE",1056.00,N,N,A,-,Y,,,1,,,,,,,Y,2,0,1,1,A,-,08,22107,,N,E,I,A,A,H,-,D,D,0,,,,,Y,,A,01,1,0,0,0,0,0,0,0,0,"- ","- ",35.554981231689453,-121.08534240722656,"SAN LUIS OBISPO",UNINCORPORATED,-121.08533477783203,35.554946899414062
90673689,2018,2018-03-02,9745,2018-01-31,2105,017097,,3,2,9,4000,0,2,4,,1,025,"LOS OSOS VALLEY RD.","BRODERSON AVE",0.00,,Y,A,-,N,,,,,,,,,,Y,1,1,2,2,A,-,03,22350,,N,D,C,A,A,H,-,D,D,0,,,Y,,Y,,C,02,1,1,0,0,0,0,0,1,0,"- ","- ",35.312591552734375,-120.84313201904297,"SAN LUIS OBISPO",UNINCORPORATED,-120.84317779541016,35.312610626220703
9068445,2020,2020-10-09,4008,2020-04-10,1555,3125,C,5,5,4,4008,0,0,0,,0,,"MARICOPA RD","SAN ANSELMO RD",420.00,N,N,A,-,N,,,,,,,,,,N,2,0,1,1,A,-,03,22350,,N,H,A,A,A,H,-,A,D,0,,,,,Y,,D,22,1,0,0,0,0,0,0,0,0,"- ","- ",35.492610931396484,-120.68463134765625,"SAN LUIS OBISPO",ATASCADERO,-120.68604278564453,35.492954254150391
90696689,2018,2018-04-02,9745,2018-03-28,1900,020211,,3,2,9,4000,0,2,S,,2,054,"LOPEZ DRIVE","BIDDLE PARK",3168.00,E,N,A,-,N,,,,,,,,,,Y,1,1,0,1,A,-,03,22350,,N,E,I,A,A,H,-,A,D,0,,,Y,,Y,,C,02,0,0,0,0,0,0,0,1,0,"- ","- ",35.184101104736328,-120.50155639648438,"SAN LUIS OBISPO",UNINCORPORATED,-120.50167846679688,35.184188842773438
90696963,2018,2018-04-02,9745,2018-03-30,1200,017817,,5,1,9,4000,0,3,5,,2,003,"ORCUTT RD.","HANSEN LN.",568.00,N,N,A,-,N,,,,,,,,,,Y,2,0,1,1,A,-,08,22107,,N,E,I,A,A,H,-,A,D,0,,,,,Y,,A,01,1,0,0,0,0,0,0,0,0,"- ","- ",35.256008148193359,-120.63002777099609,"SAN LUIS OBISPO",UNINCORPORATED,-120.62944793701172,35.255298614501953
90697400,2018,2018-04-03,9745,2018-03-30,1800,016514,,5,2,9,4000,0,3,5,,2,002,"CANET RD",SR-1,364.00,W,N,A,-,N,,,,,,,,,,Y,2,0,1,1,A,-,01,23152,A,N,F,A,A,A,H,-,A,D,0,,,Y,,Y,Y,C,02,1,0,0,0,0,0,0,0,1,"- ","- ",35.354698181152344,-120.78559875488281,"SAN LUIS OBISPO",UNINCORPORATED,-120.78551483154297,35.354629516601562
90705257,2018,2018-06-20,9745,2018-03-23,2500,014996,,5,4,9,4000,0,1,2,,2,505,US-101,"TOWER GROVE DRIVE",1584.00,N,N,A,-,Y,,,101,,,,,,,Y,1,1,0,1,A,-,01,23152,A,N,E,I,A,A,H,-,D,D,0,,,,,Y,Y,A,01,0,0,0,0,0,0,0,0,0,"- ","- ",35.092380523681641,-120.54280853271484,"SAN LUIS OBISPO",UNINCORPORATED,-120.54279327392578,35.092391967773438
90706319,2018,2018-04-17,9740,2018-03-06,0610,013984,,2,1,9,4000,0,3,5,,2,017,"BITTERWATER ROAD","TWISSELMAN LANE",4752.00,S,N,A,-,N,,,,,,,,,,Y,1,1,4,1,A,-,03,22350,,N,F,A,A,A,H,-,D,D,0,,,,,Y,,A,07,3,1,0,0,0,0,0,0,0,"- ","- ",35.535110473632812,-120.08746337890625,"SAN LUIS OBISPO",UNINCORPORATED,-120.08808135986328,35.537693023681641
90708159,2018,2018-04-18,9745,2018-04-16,1555,017097,,1,2,9,4000,0,2,4,,1,038,"ORCUTT RD","AVOCADO LN",528.00,N,N,B,-,N,,,,,,,,,,Y,2,0,2,2,A,-,05,21460,A,N,A,C,A,B,H,-,A,D,0,,,,,Y,,A,07,1,1,0,0,0,0,0,0,0,"- ","- ",35.239879608154297,-120.60579681396484,"SAN LUIS OBISPO",UNINCORPORATED,-120.60521697998047,35.239768981933594
90717216,2018,2018-05-01,9750,2018-04-28,1810,017709,,6,2,9,4000,0,1,3,,1,065,"SR-166 W/B",SR-33,8976.00,W,N,A,-,Y,,,166,,,,,,W,N,2,0,1,1,A,-,03,22350,,N,F,A,A,A,H,-,A,D,0,,,Y,,Y,,C,02,1,0,0,0,0,0,0,0,1,"- ","- ",34.93450927734375,-119.53269195556641,"SAN LUIS OBISPO",UNINCORPORATED,-119.53267669677734,34.934406280517578
90717389,2018,2018-05-01,9745,2018-04-28,2057,020211,,6,2,9,4000,0,2,4,,1,055,"THOMPSON ROAD","TEFFT STREET",210.00,S,N,A,-,N,,,,,,,,,,Y,2,0,1,1,A,-,12,21453,A,N,E,I,A,A,H,-,C,A,0,,,,,Y,,A,01,1,0,0,0,0,0,0,0,0,"- ","- ",35.0423583984375,-120.47553253173828,"SAN LUIS OBISPO",UNINCORPORATED,-120.47605133056641,35.042900085449219
90724198,2018,2018-05-10,9740,2018-05-08,1530,016849,,2,2,9,4000,0,1,3,,2,005,SR-58,"SHELL CREEK ROAD",3491.00,E,N,A,-,Y,,,58,,,,,,,Y,2,0,1,1,A,-,08,22107,,N,E,I,A,A,H,-,A,D,0,,,,,Y,,A,01,1,0,0,0,0,0,0,0,0,"- ","- ",35.454700469970703,-120.32453155517578,"SAN LUIS OBISPO",UNINCORPORATED,-120.32453155517578,35.454700469970703
90728505,2018,2018-05-17,9740,2018-05-13,2215,013733,,7,3,9,4000,0,1,2,,2,002,"US-101 NORTHBOUND","VINEYARD DR",1056.00,N,N,A,-,Y,,,101,,,,,,N,Y,2,0,1,1,A,-,08,22107,,N,E,I,A,A,H,-,D,D,0,,,,,Y,,A,01,1,0,0,0,0,0,0,0,0,"- ","- ",35.547931671142578,-120.71576690673828,"SAN LUIS OBISPO",UNINCORPORATED,-120.71584320068359,35.547924041748047
90738250,2018,2018-10-23,9745,2018-05-26,2237,020211,,6,3,9,4000,0,2,4,,1,052,"SOUTH THOMPSON AVENUE","WINEMAN ROAD",2112.00,N,N,A,-,N,,,,,,,,,,Y,1,2,0,1,A,-,08,22107,,N,E,I,A,A,H,-,D,D,0,,,,,Y,,A,07,0,0,0,0,0,0,0,0,0,"- ","- ",35.003379821777344,-120.43898010253906,"SAN LUIS OBISPO",UNINCORPORATED,-120.43907928466797,35.003864288330078
90745956,2018,2018-06-12,9740,2018-05-30,1557,016849,,3,2,9,4000,0,2,4,,2,012,"NACIMEINTO LAKE DRIVE (G-14)","STEELHEAD ROAD",2112.00,S,N,A,-,N,,,,,,,,,,Y,2,0,3,2,A,-,01,23152,A,N,A,C,A,A,H,-,A,D,0,,,,,Y,Y,D,22,2,1,0,0,0,0,0,0,0,"- ","- ",35.736438751220703,-120.86698150634766,"SAN LUIS OBISPO",UNINCORPORATED,-120.86709594726562,35.737022399902344
90748075,2018,2018-06-14,9745,2018-06-10,0400,016714,,7,3,9,4000,0,2,4,,1,025,"LOS OSOS VALLEY RD. (1700 BLOCK)","BUCKSKIN DR.",933.00,E,N,A,-,N,,,,,,,,,,Y,2,0,1,2,A,-,01,23152,A,N,A,C,A,A,H,-,D,D,0,,,,Y,Y,Y,A,07,1,0,0,0,0,0,0,0,0,"- ","- ",35.307098388671875,-120.81614685058594,"SAN LUIS OBISPO",UNINCORPORATED,-120.81591033935547,35.307094573974609
90748442,2018,2018-06-14,9745,2018-06-09,0040,016714,,6,3,9,4000,0,1,2,,2,505,"US-101 N/B",SR-166,1056.00,N,N,A,-,Y,,,101,,,,,,N,Y,2,0,1,1,A,-,08,22107,,N,E,I,A,A,H,-,C,D,0,,,,,Y,,A,01,1,0,0,0,0,0,0,0,0,"- ","- ",35.002071380615234,-120.43807983398438,"SAN LUIS OBISPO",UNINCORPORATED,-120.43814849853516,35.002010345458984
90749157,2018,2018-06-15,9740,2018-06-10,0750,014460,,7,1,9,4000,0,1,3,,2,005,SR-58,"REDHILL ROAD",7920.00,E,N,A,-,Y,,,58,,,,,,,N,2,0,1,1,C,-,18,,,N,E,H,A,A,H,-,A,D,0,,,Y,,Y,,-,"- ",1,0,0,0,0,0,0,0,1,"- ","- ",35.409969329833984,-120.25238037109375,"SAN LUIS OBISPO",UNINCORPORATED,-120.25234985351562,35.409923553466797
90750929,2018,2018-06-19,9740,2018-06-14,1100,013733,,4,1,3,4004,0,1,2,,2,003,"U.S. 101 N/B TO SR-46 EAST",SR-46,543.00,S,N,A,-,Y,,,,,,,,,,Y,2,0,1,3,A,-,03,22350,,N,C,C,A,A,H,-,A,A,0,,,,,Y,,A,07,1,0,0,0,0,0,0,0,0,"- ","- ",35.641281127929688,-120.68421936035156,"SAN LUIS OBISPO","PASO ROBLES",-120.69566345214844,35.587867736816406
90752144,2018,2018-06-20,9745,2018-06-11,1032,017817,,1,1,9,4000,0,2,4,,1,053,"POMEROY RD.","APPLEGATE WAY",0.00,,Y,A,-,N,,,,,,,,,,Y,2,0,3,2,A,-,09,21801,A,N,A,C,A,A,H,-,A,D,0,,,,,Y,,D,22,1,2,0,0,0,0,0,0,0,"- ","- ",35.066818237304688,-120.53810882568359,"SAN LUIS OBISPO",UNINCORPORATED,-120.53800201416016,35.066951751708984
90760068,2018,2018-06-29,9745,2018-06-22,1015,016002,,5,1,3,4001,0,1,2,,2,402,"US-101 NORTHBOUND","FAIR OAKS AVE",2640.00,S,N,A,-,Y,,,101,,,,,,N,Y,2,0,2,2,A,-,08,22107,,N,D,C,A,A,H,-,A,D,0,,,,,Y,,A,07,1,1,0,0,0,0,0,0,0,"- ","- ",35.114681243896484,-120.57070159912109,"SAN LUIS OBISPO","ARROYO GRANDE",-120.57068634033203,35.114696502685547
90761199,2018,2018-07-02,9740,2018-06-14,1918,019259,,4,2,9,4000,0,1,3,,1,014,SR-1,"VISTA DEL MAR AVE",1016.00,S,N,A,-,Y,,,1,,,,,,,Y,2,0,1,1,A,-,01,23152,A,N,E,I,A,A,H,-,A,D,0,,,,,Y,Y,A,07,1,0,0,0,0,0,0,0,0,"- ","- ",35.608558654785156,-121.13877105712891,"SAN LUIS OBISPO",UNINCORPORATED,-121.13887023925781,35.608440399169922
90761211,2018,2018-07-02,9740,2018-06-17,1334,020773,,7,1,4,4008,0,1,2,,2,002,"US-101 SOUTHBOUND","TRAFFIC WAY",1000.00,N,N,A,-,Y,,,101,,,,,,S,Y,2,0,2,1,A,-,08,22107,,N,F,A,A,A,H,-,A,D,0,,,Y,,Y,Y,C,02,2,0,0,0,0,0,0,0,2,"- ","- ",35.490741729736328,-120.67415618896484,"SAN LUIS OBISPO",ATASCADERO,-120.67418670654297,35.490707397460938
90764379,2018,2018-07-06,9740,2018-07-01,1820,016816,,7,2,9,4000,0,1,3,,2,010,SR-41,"KERN CO. LINE",1056.00,S,N,A,G,Y,,,41,,,,,,,Y,2,0,1,1,A,-,03,22350,,N,F,A,A,A,H,-,A,D,0,,,Y,,Y,,C,02,1,0,0,0,0,0,0,0,1,"- ","- ",35.782798767089844,-120.20098114013672,"SAN LUIS OBISPO",UNINCORPORATED,-120.20098876953125,35.782737731933594
90770504,2018,2018-07-17,9750,2018-07-16,1405,017616,,1,2,9,4000,0,1,3,,1,063,"SR-166 W/B","SIERRA MADRE RD",5280.00,E,N,A,-,Y,,,166,,,,,,W,Y,2,0,1,1,A,-,08,22107,,N,E,I,A,A,H,-,A,D,0,,,,,Y,,A,01,1,0,0,0,0,0,0,0,0,"- ","- ",35.105140686035156,-120.07259368896484,"SAN LUIS OBISPO",UNINCORPORATED,-120.0726318359375,35.105098724365234
90772135,2018,2018-07-18,9750,2018-07-13,2240,016874,,5,3,9,4000,0,1,3,,2,061,"SR-166 (E/B)","ALAMO CREEK RD",1056.00,W,N,A,-,Y,,,166,,,,,,,Y,2,0,1,1,A,-,01,23152,A,N,F,A,A,A,H,-,D,D,0,,,Y,,Y,Y,C,02,1,0,0,0,0,0,0,0,1,"- ","- ",35.020069122314453,-120.31494140625,"SAN LUIS OBISPO",UNINCORPORATED,-120.31492614746094,35.020023345947266
90774316,2018,2018-07-23,9740,2018-07-15,1420,016849,,7,2,9,4000,0,1,3,,2,007,SR-41,"VIA VISTA WAY",1974.00,W,N,A,-,Y,,,41,,,,,,,Y,2,0,1,1,A,-,03,22350,,N,E,I,A,A,H,-,A,D,0,,,Y,,Y,,C,02,1,0,0,0,0,0,0,0,1,"- ","- ",35.510601043701172,-120.62380218505859,"SAN LUIS OBISPO",UNINCORPORATED,-120.62380218505859,35.510574340820312
90780389,2018,2018-07-30,9745,2018-07-15,1206,017541,,7,1,9,4000,0,1,2,,2,505,"US-101 NORTHBOUND","TEFFT STREET",750.00,N,N,A,-,Y,,,101,,,,,,N,Y,2,0,2,2,A,-,07,21658,A,N,B,C,A,A,H,-,A,D,0,,,,,Y,,A,07,1,0,1,0,0,0,0,0,0,"- ","- ",35.038810729980469,-120.48628997802734,"SAN LUIS OBISPO",UNINCORPORATED,-120.48625183105469,35.038841247558594
90781316,2018,2018-07-31,9740,2018-07-21,1111,013984,,6,1,9,4000,0,1,3,,2,010,"RT 41","SR 46 EAST",15840.00,N,N,A,-,Y,,,41,,,,,,,Y,2,0,2,1,A,-,08,22107,,N,F,I,A,A,H,-,A,D,0,,,,,Y,,A,07,2,0,0,0,0,0,0,0,0,"- ","- ",35.734378814697266,-120.28446197509766,"SAN LUIS OBISPO",UNINCORPORATED,-120.28433990478516,35.734489440917969
90781363,2018,2018-07-31,9740,2018-07-24,1645,019259,,2,2,9,4000,0,1,2,,2,001,"US-101 SOUTHBOUND",SR-58,1584.00,N,N,A,-,Y,,,101,,,,,,S,Y,2,0,1,2,A,-,07,21658,A,N,B,C,A,A,H,-,A,D,0,,,,,Y,,A,01,1,0,0,0,0,0,0,0,0,"- ","- ",35.3914794921875,-120.62512969970703,"SAN LUIS OBISPO",UNINCORPORATED,-120.62512969970703,35.3914794921875
90787009,2018,2018-08-08,9745,2018-08-02,1600,017097,,4,2,9,4000,0,1,2,,2,303,"US-101 SB TO AVILA BEACH DR.","AVILA BEACH DRIVE",0.00,,Y,A,-,Y,,,101,,,,R,,S,Y,2,0,2,2,A,-,09,21802,A,N,D,C,A,A,H,-,A,A,0,,,,,Y,,A,01,2,0,0,0,0,0,0,0,0,"- ","- ",35.179790496826172,-120.70043182373047,"SAN LUIS OBISPO",UNINCORPORATED,-120.70043182373047,35.179790496826172
90789981,2018,2018-08-14,9740,2018-07-26,2315,017952,,4,3,9,4000,0,3,5,,2,017,"O DONOVAN RD",SR-58,105.00,N,N,A,-,N,,,,,,,,,,Y,2,0,3,1,A,-,01,23152,A,N,E,I,A,A,B,D,D,D,0,,,,,Y,Y,A,01,1,1,1,0,0,0,0,0,0,"- ","- ",35.451869964599609,-120.47952270507812,"SAN LUIS OBISPO",UNINCORPORATED,-120.47932434082031,35.451625823974609
90790857,2018,2018-08-15,9740,2018-08-07,1710,018069,,2,2,9,4000,0,1,2,,2,004,"NB US-101","MONTEREY ROAD",528.00,N,N,A,-,Y,,,101,,,,,,,Y,2,0,1,2,A,-,08,22107,,N,B,C,A,A,D,-,A,D,0,,,,Y,Y,,D,22,1,0,0,0,0,0,0,0,0,"- ","- ",35.715229034423828,-120.6944580078125,"SAN LUIS OBISPO",UNINCORPORATED,-120.6944580078125,35.715229034423828
90791027,2018,2018-08-15,9745,2018-08-09,1643,016002,,4,2,9,4000,0,2,S,,2,054,"LOPEZ DR.","MISSION SPRINGS RD.",360.00,S,N,A,-,N,,,,,,,,,,Y,2,0,1,1,A,-,08,22107,,N,E,I,A,A,H,-,A,D,0,,,Y,,Y,,C,02,1,0,0,0,0,0,0,0,1,"- ","- ",35.165351867675781,-120.53349304199219,"SAN LUIS OBISPO",UNINCORPORATED,-120.53350830078125,35.165351867675781
90791039,2018,2018-08-15,9740,2018-07-14,1234,014662,,6,1,9,4000,0,1,3,,2,005,SR-58,"SEVEN MILE RD",6864.00,E,N,A,-,Y,,,58,,,,,,,Y,1,1,0,1,A,-,03,22350,,N,E,I,A,A,H,-,A,D,0,,,Y,,Y,,C,02,0,0,0,0,0,0,0,1,0,"- ","- ",35.337730407714844,-119.84319305419922,"SAN LUIS OBISPO",UNINCORPORATED,-119.84316253662109,35.337730407714844
90791048,2018,2018-08-15,9740,2018-08-03,1405,017952,,5,2,9,4000,0,1,3,,1,015,SR-1,"MONTERY CO. LINE",6864.00,S,N,A,-,Y,,,1,,,,,,,Y,2,0,1,1,A,-,08,22107,,N,E,I,A,A,H,-,A,D,0,,,Y,,Y,,C,02,1,0,0,0,0,0,0,0,1,"- ","- ",35.784111022949219,-121.33267974853516,"SAN LUIS OBISPO",UNINCORPORATED,-121.33264923095703,35.784168243408203
90791166,2018,2018-08-15,9740,2018-08-11,1020,017426,,6,1,9,4000,0,3,5,,2,023,"SANTA RITA RD","OLD CREEK RD",7920.00,E,N,A,-,N,,,,,,,,,,N,2,0,1,1,A,-,03,22350,,N,F,A,A,A,H,-,A,D,0,,Y,,,Y,,L,04,1,0,0,0,0,0,1,0,0,"- ","- ",35.478160858154297,-120.83782958984375,"SAN LUIS OBISPO",UNINCORPORATED,-120.83782958984375,35.478160858154297
90799138,2018,2018-08-27,9745,2018-08-19,1610,017968,,7,2,9,4000,0,1,2,,2,505,"US-101 S/B","TEFFT STREET",1056.00,S,N,A,-,Y,,,101,,,,,,S,N,2,0,1,3,A,-,03,22350,,N,C,C,A,A,H,-,A,D,0,,,,,Y,,D,22,1,0,0,0,0,0,0,0,0,"- ","- ",35.027408599853516,-120.47460174560547,"SAN LUIS OBISPO",UNINCORPORATED,-120.47457885742188,35.027427673339844