CASE_ID,ACCIDENT_YEAR,PROC_DATE,JURIS,COLLISION_DATE,COLLISION_TIME,OFFICER_ID,REPORTING_DISTRICT,DAY_OF_WEEK,CHP_SHIFT,POPULATION,CNTY_CITY_LOC,SPECIAL_COND,BEAT_TYPE,CHP_BEAT_TYPE,CITY_DIVISION_LAPD,CHP_BEAT_CLASS,BEAT_NUMBER,PRIMARY_RD,SECONDARY_RD,DISTANCE,DIRECTION,INTERSECTION,WEATHER_1,WEATHER_2,STATE_HWY_IND,CALTRANS_COUNTY,CALTRANS_DISTRICT,STATE_ROUTE,ROUTE_SUFFIX,POSTMILE_PREFIX,POSTMILE,LOCATION_TYPE,RAMP_INTERSECTION,SIDE_OF_HWY,TOW_AWAY,COLLISION_SEVERITY,NUMBER_KILLED,NUMBER_INJURED,PARTY_COUNT,PRIMARY_COLL_FACTOR,PCF_CODE_OF_VIOL,PCF_VIOL_CATEGORY,PCF_VIOLATION,PCF_VIOL_SUBSECTION,HIT_AND_RUN,TYPE_OF_COLLISION,MVIW,PED_ACTION,ROAD_SURFACE,ROAD_COND_1,ROAD_COND_2,LIGHTING,CONTROL_DEVICE,CHP_ROAD_TYPE,PEDESTRIAN_ACCIDENT,BICYCLE_ACCIDENT,MOTORCYCLE_ACCIDENT,TRUCK_ACCIDENT,NOT_PRIVATE_PROPERTY,ALCOHOL_INVOLVED,STWD_VEHTYPE_AT_FAULT,CHP_VEHTYPE_AT_FAULT,COUNT_SEVERE_INJ,COUNT_VISIBLE_INJ,COUNT_COMPLAINT_PAIN,COUNT_PED_KILLED,COUNT_PED_INJURED,COUNT_BICYCLIST_KILLED,COUNT_BICYCLIST_INJURED,COUNT_MC_KILLED,COUNT_MC_INJURED,PRIMARY_RAMP,SECONDARY_RAMP,LATITUDE,LONGITUDE,COUNTY,CITY,POINT_X,POINT_Y
90799341,2018,2018-08-27,9745,2018-08-20,1727,017968,,1,2,9,4000,0,1,2,,2,303,"US-101 S/B","AVILA BEACH DRIVE",45.00,S,N,A,-,Y,,,101,,,,,,S,Y,2,0,1,2,A,-,03,22350,,N,C,C,A,A,H,-,A,D,0,,,,Y,Y,,G,25,1,0,0,0,0,0,0,0,0,"- ","- ",35.179908752441406,-120.69972229003906,"SAN LUIS OBISPO",UNINCORPORATED,-120.69970703125,35.179920196533203
90800167,2018,2018-08-28,9745,2018-08-15,1743,017857,,3,2,9,4000,0,1,3,,1,043,SR-1,"GRACIA WAY",724.00,N,N,A,-,Y,,,1,,,,,,,Y,2,0,2,2,A,-,08,22107,,N,F,A,A,A,H,-,A,D,0,,,Y,,Y,,C,02,1,1,0,0,0,0,0,0,2,"- ","- ",35.096481323242188,-120.58142852783203,"SAN LUIS OBISPO",UNINCORPORATED,-120.58147430419922,35.096477508544922
90819505,2018,2019-09-23,9745,2018-07-29,1715,017817,,7,2,9,4000,0,1,2,,1,101,"US-101 SOUTHBOUND","RESERVOIR CANYON RD",660.00,S,N,A,-,Y,,,101,,,,,,S,Y,1,1,0,2,A,-,01,23152,G,N,C,C,A,A,H,-,A,D,0,,,,,Y,Y,D,22,0,0,0,0,0,0,0,0,0,"- ","- ",35.295490264892578,-120.63358306884766,"SAN LUIS OBISPO",UNINCORPORATED,-120.63357543945312,35.295436859130859
90822695,2018,2018-09-27,9740,2018-09-22,1710,018069,,6,2,9,4000,0,3,5,,2,022,"ADELADIA ROAD","NACIMIENTO LAKE DRIVE",30624.00,W,N,A,-,N,,,,,,,,,,Y,2,0,1,2,A,-,08,22107,,N,B,C,A,A,H,-,A,D,0,,,Y,,Y,,C,02,1,0,0,0,0,0,0,0,1,"- ","- ",35.65032958984375,-120.80712127685547,"SAN LUIS OBISPO",UNINCORPORATED,-120.80631256103516,35.6500244140625
90850727,2018,2018-11-01,9745,2018-10-19,2150,016719,,5,2,9,4000,0,1,3,,1,032,"SR-227 S/B","LOS RANCHOS ROAD",1056.00,S,N,A,-,Y,,,227,,,,,,S,Y,2,0,2,3,A,-,01,23152,A,N,A,C,A,A,H,-,D,D,0,,,,,Y,Y,A,01,1,1,0,0,0,0,0,0,0,"- ","- ",35.221511840820312,-120.62159729003906,"SAN LUIS OBISPO",UNINCORPORATED,-120.62161254882812,35.221481323242188
90854306,2018,2018-11-06,9740,2018-10-28,1250,013133,,7,1,9,4000,0,3,5,,2,019,"SOUTH EL POMAR RD","EL POMAR DR",1584.00,N,N,A,-,N,,,,,,,,,,N,2,0,1,1,A,-,08,22107,,N,F,A,A,A,H,-,A,A,0,,,Y,,Y,Y,C,02,1,0,0,0,0,0,0,0,1,"- ","- ",35.555339813232422,-120.61271667480469,"SAN LUIS OBISPO",UNINCORPORATED,-120.61148071289062,35.556739807128906
90854536,2018,2018-11-06,9740,2018-09-16,1755,018069,,7,2,9,4000,0,1,3,,2,011,SR-46,"ARBOR RD",1156.00,W,N,A,-,Y,,,46,,,,,,,Y,1,1,1,3,A,-,08,22107,,N,C,C,A,A,H,-,A,D,0,,,Y,,Y,Y,C,02,1,0,0,0,0,0,0,1,1,"- ","- ",35.581699371337891,-120.71782684326172,"SAN LUIS OBISPO",UNINCORPORATED,-120.71787261962891,35.581756591796875
90856314,2018,2018-11-08,9740,2018-10-28,1315,016816,,7,1,9,4000,0,1,2,,2,004,"US-101 SOUTHBOUND","10TH STREET",2112.00,N,N,A,-,Y,,,101,,,,,,S,Y,2,0,2,1,A,-,03,22350,,N,E,I,A,A,D,-,A,D,0,,,,Y,Y,,F,25,2,0,0,0,0,0,0,0,0,"- ","- ",35.753700256347656,-120.69969940185547,"SAN LUIS OBISPO",UNINCORPORATED,-120.69967651367188,35.753696441650391
90859044,2018,2018-11-13,9745,2018-10-09,0635,017144,,2,1,9,4000,0,1,2,,2,505,"US-101 SOUTHBOUND","EL CAMPO RD",1385.00,S,N,B,-,Y,,,101,,,,,,S,Y,1,1,0,3,C,-,18,,,N,H,H,A,A,H,-,D,D,0,,,Y,,Y,,-,"- ",0,0,0,0,0,0,0,1,0,"- ","- ",35.109500885009766,-120.55940246582031,"SAN LUIS OBISPO",UNINCORPORATED,-120.55943298339844,35.109416961669922
90865159,2018,2018-11-21,9745,2018-11-16,2130,020211,,5,2,9,4000,0,2,4,,1,024,"LOS OLIVOS AVE","SOUTH BAY BLVD",0.00,,Y,A,-,N,,,,,,,,,,Y,2,0,1,1,A,-,21,22106,,N,E,I,A,A,H,-,D,D,0,,,,,Y,,D,22,1,0,0,0,0,0,0,0,0,"- ","- ",35.31243896484375,-120.82370758056641,"SAN LUIS OBISPO",UNINCORPORATED,-120.82377624511719,35.312568664550781
90868468,2018,2018-11-27,9745,2018-10-18,1725,020168,,4,2,9,4000,0,3,5,,2,005,"CAMINO CABALLO","OSAGE STREET",0.00,,Y,A,-,N,,,,,,,,,,Y,1,1,0,1,A,-,01,23152,F,N,F,A,A,A,H,-,A,A,0,,,Y,,Y,,C,02,0,0,0,0,0,0,0,1,0,"- ","- ",35.034580230712891,-120.50460052490234,"SAN LUIS OBISPO",UNINCORPORATED,-120.50425720214844,35.035060882568359
90869525,2018,2018-11-28,9740,2018-11-19,1605,018069,,1,2,9,4000,0,2,4,,2,012,"NACIMIENTO LAKE DR","CHIMNEY ROCK ROAD",2640.00,E,N,A,-,N,,,,,,,,,,Y,2,0,1,1,A,-,01,23152,A,N,F,A,A,A,H,-,A,D,0,,,,,Y,Y,A,01,1,0,0,0,0,0,0,0,0,"- ","- ",35.690139770507812,-120.78903961181641,"SAN LUIS OBISPO",UNINCORPORATED,-120.78912353515625,35.690132141113281
90877601,2018,2018-12-06,9745,2018-12-02,1545,016514,,7,2,9,4000,0,3,5,,2,002,"MOUNTAIN VIEW AVE","LOS OLIVOS AVE",258.00,N,N,A,-,N,,,,,,,,,,Y,2,0,1,2,A,-,05,21650,,N,A,C,A,A,H,-,A,D,0,,,,,Y,,A,08,1,0,0,0,0,0,0,0,0,"- ","- ",35.313529968261719,-120.82441711425781,"SAN LUIS OBISPO",UNINCORPORATED,-120.82444000244141,35.313358306884766
90883293,2018,2018-12-14,9745,2018-11-10,1930,017146,,6,2,9,4000,0,2,4,,1,052,"THOMPSON AVENUE","WINEMAN ROAD",0.00,,Y,A,-,N,,,,,,,,,,Y,1,2,0,2,A,-,09,21802,A,N,D,C,A,A,H,-,D,A,0,,,Y,,Y,Y,D,22,0,0,0,0,0,0,0,2,0,"- ","- ",34.998908996582031,-120.43543243408203,"SAN LUIS OBISPO",UNINCORPORATED,-120.43543243408203,34.998939514160156
90886963,2018,2018-12-20,9740,2018-10-11,0445,016154,,4,3,3,4004,0,1,2,,2,003,"US-101 SOUTHBOUND","13TH ST",254.00,N,N,B,-,Y,,,101,,,,,,S,N,1,1,0,2,A,-,17,21461,,F,G,B,E,A,H,-,D,D,0,Y,,,,Y,,N,60,0,0,0,1,0,0,0,0,0,"- ","- ",35.628940582275391,-120.68681335449219,"SAN LUIS OBISPO","PASO ROBLES",-120.68679809570312,35.628940582275391
90887199,2018,2019-01-04,9740,2018-11-20,1805,016154,,2,2,9,4000,0,1,3,,2,008,"SR-46 W/B","LUCY BROWN RD.",3960.00,E,N,B,-,Y,,,46,,,,,,W,Y,1,1,7,1,A,-,08,22107,,N,F,A,A,A,D,-,D,C,0,,,,,Y,,A,07,1,6,0,0,0,0,0,0,0,"- ","- ",35.677680969238281,-120.34410095214844,"SAN LUIS OBISPO",UNINCORPORATED,-120.34413909912109,35.677738189697266
90889751,2018,2018-12-26,9740,2018-12-18,0220,019700,,2,3,9,4000,0,1,3,,2,007,SR-41,"RAPTOR RIDGE TRAIL",522.00,N,N,E,-,Y,,,41,,,,,,,Y,2,0,1,1,A,-,01,23152,A,N,E,I,A,A,H,-,D,D,0,,,,,Y,Y,A,07,1,0,0,0,0,0,0,0,0,"- ","- ",35.508930206298828,-120.62319183349609,"SAN LUIS OBISPO",UNINCORPORATED,-120.62325286865234,35.508907318115234
90904156,2018,2019-02-04,9745,2018-12-01,2230,019809,,6,3,9,4000,0,2,4,,1,052,"SOUTH THOMPSON AVENUE","EAST KNOTTS STREET",415.00,S,N,A,-,N,,,,,,,,,,Y,1,1,2,2,A,-,01,23152,A,N,A,C,A,A,H,-,D,D,0,,,,,Y,Y,A,01,1,1,0,0,0,0,0,0,0,"- ","- ",35.038249969482422,-120.47096252441406,"SAN LUIS OBISPO",UNINCORPORATED,-120.47089385986328,35.038272857666016
90914028,2018,2019-01-28,9750,2018-12-12,0150,020511,,3,3,9,4000,0,1,3,,1,063,SR-166,"COTTONWOOD CANYON RD",19536.00,W,N,A,-,Y,,,166,,,,,,,Y,1,1,0,2,A,-,08,22107,,N,A,C,A,A,H,-,D,D,0,,,,Y,Y,,D,22,0,0,0,0,0,0,0,0,0,"- ","- ",35.054840087890625,-119.91539764404297,"SAN LUIS OBISPO",UNINCORPORATED,-119.91541290283203,35.054813385009766
90918414,2019,2019-02-04,9740,2019-02-02,1335,016849,,6,1,4,4008,0,1,2,,2,002,"US-101 SOUTHBOUND","TRAFFIC WAY",45.00,N,N,B,-,Y,,,101,,,,,,S,Y,2,0,1,1,A,-,03,22350,,N,E,I,A,B,H,-,A,D,0,,,,,Y,,A,01,1,0,0,0,0,0,0,0,0,"- ","- ",35.488609313964844,-120.67120361328125,"SAN LUIS OBISPO",ATASCADERO,-120.67117309570312,35.488655090332031
90920583,2019,2019-02-06,9740,2019-02-03,0910,019259,,7,1,9,4000,0,2,4,,2,012,"NACIMIENTO LAKE DRIVE","MUSTANG SPRINGS RD",100.00,E,N,C,-,N,,,,,,,,,,N,2,0,1,2,A,-,05,21460,A,N,B,C,A,B,H,-,A,D,0,,,Y,,Y,,C,02,1,0,0,0,0,0,0,0,1,"- ","- ",35.643821716308594,-120.70326232910156,"SAN LUIS OBISPO",UNINCORPORATED,-120.70323181152344,35.643760681152344
90923127,2019,2019-02-11,9740,2019-01-24,1223,010820,,4,1,4,4008,0,1,2,,2,001,"U.S. 101 (S/B)","SANTA BARBARA ROAD",13200.00,S,N,A,-,Y,,,,,,,,,,Y,2,0,1,1,A,-,03,22350,,N,E,I,A,A,H,-,A,A,0,,,,,Y,,A,01,1,0,0,0,0,0,0,0,0,"- ","- ",35.413169860839844,-120.62674713134766,"SAN LUIS OBISPO",ATASCADERO,-120.62609100341797,35.408958435058594
90925041,2019,2019-02-12,9740,2019-01-29,1102,010820,,2,1,9,4000,0,3,5,,2,017,"EL CAMINO REAL","CARMEL ROAD",1106.00,N,N,A,-,N,,,,,,,,,,Y,2,0,3,2,A,-,03,22350,,N,C,C,A,A,H,-,A,A,0,,,,,Y,,A,01,2,1,0,0,0,0,0,0,0,"- ","- ",35.434291839599609,-120.61804962158203,"SAN LUIS OBISPO",UNINCORPORATED,-120.61762237548828,35.434272766113281
90932559,2019,2019-02-25,9740,2019-02-18,1543,014622,,1,2,9,4000,0,1,3,,1,014,"SR-1 SOUTHBOUND","ARDATH DRIVE",1056.00,S,N,B,-,Y,,,1,,,,,,S,N,2,0,1,1,A,-,08,22107,,N,F,A,A,A,H,-,A,D,0,,Y,,,Y,,L,04,1,0,0,0,0,0,1,0,0,"- ","- ",35.548629760742188,-121.06867218017578,"SAN LUIS OBISPO",UNINCORPORATED,-121.06865692138672,35.548641204833984
90933496,2019,2019-02-25,9740,2019-02-17,1620,016816,,7,2,9,4000,0,1,2,,2,004,"US-101 SOUTHBOUND","WELLSONA ROAD",0.00,,Y,B,F,Y,,,101,,,,,,S,Y,2,0,2,2,A,-,09,21802,A,N,D,C,A,C,H,-,A,A,0,,,,,Y,,A,08,1,0,1,0,0,0,0,0,0,"- ","- ",35.696060180664062,-120.69676208496094,"SAN LUIS OBISPO",UNINCORPORATED,-120.69679260253906,35.696060180664062
90935234,2019,2019-02-27,9740,2019-02-19,2147,019700,,2,2,9,4000,0,3,5,,2,017,"TEMPLETON ROAD","MAIN STREET",670.00,E,N,A,-,N,,,,,,,,,,Y,2,0,2,2,A,-,05,21460,A,N,A,C,A,A,H,-,D,D,0,,,,,Y,Y,A,07,1,1,0,0,0,0,0,0,0,"- ","- ",35.543930053710938,-120.70783233642578,"SAN LUIS OBISPO",UNINCORPORATED,-120.70758819580078,35.543342590332031
90954047,2019,2019-03-26,9745,2019-02-16,0805,016068,,6,1,2,4005,0,1,2,,2,404,"US-101 N/B","PRICE STREET",100.00,S,N,A,-,Y,,,101,,,,,,N,Y,2,0,6,4,A,-,03,22350,,N,C,C,A,A,H,-,A,D,0,,,,,Y,,I,11,1,1,4,0,0,0,0,0,0,"- ","- ",35.151100158691406,-120.65448760986328,"SAN LUIS OBISPO","PISMO BEACH",-120.65450286865234,35.151042938232422
90963234,2019,2019-04-08,9745,2019-04-06,2240,019809,,6,3,9,4000,0,3,5,,2,004,"WILLOW RD",SR-1,80.00,E,N,A,-,N,,,,,,,,,,Y,2,0,2,1,A,-,01,23152,A,N,E,I,A,A,H,-,C,D,0,,,,,Y,Y,A,01,1,1,0,0,0,0,0,0,0,"- ","- ",35.047218322753906,-120.56992340087891,"SAN LUIS OBISPO",UNINCORPORATED,-120.57665252685547,35.047298431396484
90967597,2019,2019-04-15,9745,2019-04-08,1845,020226,,1,2,9,4000,0,1,3,,2,023,"SR-1 SOUTHBOUND","GILARDI ROAD",5280.00,S,N,A,-,Y,,,1,,,,,,S,N,2,0,1,3,A,-,21,22106,,F,G,B,E,A,H,-,A,D,0,Y,,,,Y,,A,01,1,0,0,0,1,0,0,0,0,"- ","- ",35.33380126953125,-120.75346374511719,"SAN LUIS OBISPO",UNINCORPORATED,-120.75344085693359,35.333839416503906
90969756,2019,2019-04-17,9745,2019-04-16,1845,015144,,2,2,9,4000,0,3,5,,2,004,"LOPEZ DR","GRIEB RANCH WAY",2112.00,E,N,A,-,N,,,,,,,,,,N,2,0,1,2,A,-,08,22107,,N,C,G,A,A,H,-,A,D,0,,Y,,,Y,,L,04,1,0,0,0,0,0,1,0,0,"- ","- ",35.187278747558594,-120.49330902099609,"SAN LUIS OBISPO",UNINCORPORATED,-120.49332427978516,35.187236785888672
90970692,2019,2019-04-18,9740,2019-04-11,1259,014662,,4,1,9,4000,0,1,2,,2,004,"US-101 N/B TO MISSION ST.","MISSION ST",500.00,S,N,B,-,Y,,,101,,,,R,,N,Y,2,0,1,1,C,-,18,,,N,H,A,A,A,H,-,A,D,0,,,,,Y,,-,"- ",1,0,0,0,0,0,0,0,0,"- ","- ",35.739738464355469,-120.69959259033203,"SAN LUIS OBISPO",UNINCORPORATED,-120.69959259033203,35.739738464355469
90972127,2019,2019-04-22,9740,2019-04-13,0930,016816,,6,1,9,4000,0,3,5,,2,017,"BITTERWATER ROAD","BITTERWATER VALLEY ROAD",12672.00,S,N,A,-,N,,,,,,,,,,Y,2,0,1,1,A,-,03,22350,,N,E,I,A,A,A,-,A,A,0,,,Y,,Y,,C,02,1,0,0,0,0,0,0,0,1,"- ","- ",35.527748107910156,-120.08883666992188,"SAN LUIS OBISPO",UNINCORPORATED,-120.08876800537109,35.528835296630859
90982357,2019,2019-05-06,9745,2019-05-03,2248,020417,,5,3,9,4000,0,1,2,,2,505,"US-101 N/B","TEFFT ST.",3696.00,N,N,B,-,Y,,,101,,,,,,N,Y,2,0,2,2,A,-,01,23152,A,N,C,C,A,A,H,-,D,D,0,,,,,Y,Y,A,08,1,1,0,0,0,0,0,0,0,"- ","- ",35.045379638671875,-120.49208831787109,"SAN LUIS OBISPO",UNINCORPORATED,-120.49210357666016,35.045368194580078
90996043,2019,2019-05-27,9740,2019-05-20,2115,015167,,1,2,9,4000,0,3,5,,2,019,"10TH ST","MISSION ST",124.00,W,N,A,-,N,,,,,,,,,,Y,2,0,2,2,A,-,01,23152,A,N,E,I,A,A,H,-,D,D,0,,,,,Y,Y,A,01,2,0,0,0,0,0,0,0,0,"- ","- ",35.747711181640625,-120.69756317138672,"SAN LUIS OBISPO",UNINCORPORATED,-120.6973876953125,35.747646331787109
91003680,2019,2019-06-05,9740,2019-05-29,1238,013984,,3,1,9,4000,0,1,3,,2,008,SR-46,"BITTERWATER RD",1056.00,W,N,A,-,Y,,,46,,,,,,,Y,2,0,1,1,A,-,08,22107,,N,E,I,A,A,H,-,A,D,0,,,,,Y,,D,22,1,0,0,0,0,0,0,0,0,"- ","- ",35.70220947265625,-120.32322692871094,"SAN LUIS OBISPO",UNINCORPORATED,-120.32303619384766,35.702095031738281
91015968,2019,2019-06-24,9740,2019-06-17,1350,018069,,1,1,9,4000,0,3,5,,2,018,"LINNE RD","HANSON ROAD",75.00,E,N,A,-,N,,,,,,,,,,Y,2,0,2,2,A,-,08,22107,,N,A,C,A,A,H,-,A,D,0,,,,,Y,,A,07,1,1,0,0,0,0,0,0,0,"- ","- ",35.611888885498047,-120.6319580078125,"SAN LUIS OBISPO",UNINCORPORATED,-120.63195037841797,35.6119384765625
91022237,2019,2019-07-01,9740,2019-06-26,1733,014716,,3,2,9,4000,0,1,3,,1,014,SR-1,"BURTON DR",528.00,N,N,A,-,Y,,,,,,,,,,Y,2,0,1,3,A,-,03,22350,,N,C,C,A,B,D,-,A,D,0,,,,,Y,,A,01,1,0,0,0,0,0,0,0,0,"- ","- ",35.549999237060547,-121.08486175537109,"SAN LUIS OBISPO",UNINCORPORATED,-121.08057403564453,35.555614471435547
9102911,2020,2020-09-15,4008,2020-04-28,1253,3134,,2,5,4,4008,0,0,0,,0,,"TRAFFIC WY","EL CAMINO REAL",126.00,W,N,A,-,Y,SLO,5,101,-,-,45.860,R,4,N,Y,2,0,1,2,A,-,09,21804,A,N,D,C,A,A,H,-,A,D,0,,,,,Y,,A,07,1,0,0,0,0,0,0,0,0,"- ","- ",35.489299774169922,-120.67030334472656,"SAN LUIS OBISPO",ATASCADERO,-120.66938781738281,35.487880706787109
91037885,2019,2019-07-25,9745,2019-07-16,1825,014713,,2,2,9,4000,0,1,2,,1,101,"US-101 NORTHBOUND","TV TOWER RD",70.00,S,N,A,-,Y,,,101,,,,,,N,Y,2,0,1,2,A,-,08,22107,,N,C,C,A,A,H,-,A,D,0,,,,,Y,,A,07,1,0,0,0,0,0,0,0,0,"- ","- ",35.346549987792969,-120.62934875488281,"SAN LUIS OBISPO",UNINCORPORATED,-120.62932586669922,35.346561431884766
91041721,2019,2019-07-30,9745,2019-07-24,0755,014543,,3,1,4,4006,0,1,2,,2,202,"US-101 SOUTHBOUND FROM MADONNA RD.","MADONNA RD",1056.00,S,N,A,-,Y,,,101,,,,R,,S,Y,2,0,1,1,A,-,01,23152,A,N,E,I,A,A,H,-,A,D,0,,,,,Y,Y,A,07,1,0,0,0,0,0,0,0,0,"- ","- ",35.261501312255859,-120.67366790771484,"SAN LUIS OBISPO","SAN LUIS OBISPO",-120.67366790771484,35.261501312255859
91042571,2019,2019-07-31,9745,2019-07-22,0355,020168,,1,3,9,4000,0,1,3,,1,011,"SR-41 SOUTHBOUND","CERRO ALTO",825.00,S,N,B,-,Y,,,41,,,,,,S,Y,2,0,1,1,A,-,08,22107,,N,E,I,A,A,H,-,D,D,0,,,,,Y,,A,01,1,0,0,0,0,0,0,0,0,"- ","- ",35.428058624267578,-120.75389862060547,"SAN LUIS OBISPO",UNINCORPORATED,-120.75389099121094,35.428012847900391
91047180,2019,2019-08-07,9745,2019-07-27,2246,020226,,6,3,3,4001,0,1,2,,2,402,"US-101 SOUTHBOUND","OAK PARK ROAD",1600.00,S,N,A,-,Y,,,101,,,,,,S,Y,2,0,1,1,A,-,01,23152,A,N,F,A,A,A,H,-,D,D,0,,,,,Y,Y,D,22,1,0,0,0,0,0,0,0,0,"- ","- ",35.128330230712891,-120.6015625,"SAN LUIS OBISPO","ARROYO GRANDE",-120.60158538818359,35.128280639648438
91051403,2019,2019-11-06,9745,2019-08-03,2232,019809,,6,3,9,4000,0,2,4,,1,025,"LOS OSOS VALLEY RD","FOOTHILL BLVD",7392.00,W,N,A,-,N,,,,,,,,,,Y,2,0,2,3,A,-,01,23152,F,N,A,C,A,A,H,-,D,D,0,,,,,Y,,A,08,2,0,0,0,0,0,0,0,0,"- ","- ",35.285129547119141,-120.73458099365234,"SAN LUIS OBISPO",UNINCORPORATED,-120.73417663574219,35.284992218017578
91067277,2019,2019-09-04,9745,2019-08-20,1140,014910,,2,1,9,4000,0,1,3,,1,021,"SR-1 NORTHBOUND","SAN GERONIMO RD",6864.00,N,N,A,-,Y,,,1,,,,,,N,Y,2,0,1,2,A,-,03,22350,,N,C,C,A,A,H,-,A,A,0,,,Y,Y,Y,,C,02,1,0,0,0,0,0,0,0,1,"- ","- ",35.454750061035156,-120.95475006103516,"SAN LUIS OBISPO",UNINCORPORATED,-120.95459747314453,35.455146789550781
91068630,2019,2019-09-05,9745,2019-08-29,2203,019809,,4,3,2,4005,0,1,2,,2,404,"US 101 S/B FROM 4TH ST","4TH STREET",1056.00,S,N,A,-,Y,,,,,,,,,,Y,2,0,5,2,A,-,01,23152,A,N,E,I,A,A,H,-,C,D,0,,,,,Y,Y,A,07,1,3,1,0,0,0,0,0,0,"- ","- ",35.134540557861328,-120.61934661865234,"SAN LUIS OBISPO","PISMO BEACH",-120.61883544921875,35.134662628173828
91072634,2019,2019-09-11,9740,2019-08-28,0725,017426,,3,1,9,4000,0,1,3,,1,009,SR-46,SR-41,6336.00,E,N,A,-,Y,,,,,,,,,,Y,2,0,2,2,A,-,08,22107,,N,A,C,A,A,H,-,A,D,0,,,,,Y,,A,01,2,0,0,0,0,0,0,0,0,"- ","- ",35.739921569824219,-120.26310729980469,"SAN LUIS OBISPO",UNINCORPORATED,-120.34389495849609,35.677890777587891
91081028,2019,2019-09-23,9745,2019-09-18,2323,015144,,3,3,9,4000,0,3,5,,2,004,"DIVISION STREET","OSO FLACO LAKE RD",80.00,E,N,A,-,N,,,,,,,,,,Y,2,0,1,1,A,-,08,22107,,N,E,I,A,A,H,-,D,D,0,,,,,Y,,A,01,1,0,0,0,0,0,0,0,0,"- ","- ",35.00048828125,-120.53048706054688,"SAN LUIS OBISPO",UNINCORPORATED,-120.53050994873047,35.000534057617188
91082356,2019,2019-09-25,9745,2019-09-18,1852,017151,,3,2,9,4000,0,2,4,,1,025,"LOS OSOS VALLEY RD","BUCKSKIN DR",0.00,,Y,A,-,N,,,,,,,,,,N,2,0,1,2,A,-,21,22106,,N,G,B,D,A,H,-,A,A,0,Y,,,,Y,,D,22,1,0,0,0,1,0,0,0,0,"- ","- ",35.307899475097656,-120.81890106201172,"SAN LUIS OBISPO",UNINCORPORATED,-120.81890106201172,35.307838439941406
9108608,2020,2020-08-06,4001,2020-04-10,1956,P0114,463,5,5,3,4001,0,0,0,,0,CITY,"ASH ST","COURTLAND ST",0.00,,Y,A,-,N,,,,,,,,,,Y,2,0,3,2,A,-,01,23152,A,N,E,I,A,A,H,-,B,D,0,,,,,Y,Y,A,01,1,1,1,0,0,0,0,0,0,"- ","- ",,,"SAN LUIS OBISPO","ARROYO GRANDE",-120.60704803466797,35.114730834960938
91092521,2019,2019-10-08,9745,2019-10-02,0755,016773,,3,1,9,4000,0,1,2,,2,505,"US-101 NORTHBOUND","LOS BERROS RD",1056.00,N,N,A,-,Y,,,101,,,,,,N,Y,2,0,1,2,A,-,07,21658,A,N,D,C,A,A,H,-,A,D,0,,,Y,,Y,,A,07,1,0,0,0,0,0,0,0,1,"- ","- ",35.074821472167969,-120.51918029785156,"SAN LUIS OBISPO",UNINCORPORATED,-120.51924133300781,35.074741363525391
91097997,2019,2019-10-15,9740,2019-10-12,1325,016849,,6,1,9,4000,0,3,5,,2,016,"PARKHILL ROAD","LITTLE QUAIL ROAD",1818.00,W,N,A,-,N,,,,,,,,,,Y,2,0,1,1,A,-,08,22107,,N,F,A,A,A,A,B,A,D,0,,,Y,,Y,,C,02,1,0,0,0,0,0,0,0,1,"- ","- ",35.369140625,-120.39901733398438,"SAN LUIS OBISPO",UNINCORPORATED,-120.49797821044922,35.39776611328125
91103667,2019,2019-10-23,9740,2019-10-13,2240,013984,,7,3,9,4000,0,3,5,,2,018,"BITTERWATER RD",SR-46,27456.00,S,N,A,-,N,,,,,,,,,,Y,2,0,1,1,A,-,01,23152,A,N,F,I,A,A,H,-,D,D,0,,,,,Y,Y,D,22,1,0,0,0,0,0,0,0,0,"- ","- ",35.671890258789062,-120.24079895019531,"SAN LUIS OBISPO",UNINCORPORATED,-120.24066925048828,35.672069549560547
91111399,2019,2019-11-01,9745,2019-10-24,0858,014713,,4,1,2,4005,0,1,2,,2,404,"US-101 (NORTHBOUND)","HINDS AVE",750.00,N,N,A,-,Y,,,101,,,,,,,Y,2,0,2,3,A,-,03,22350,,N,C,C,A,A,H,-,A,D,0,,,,,Y,,A,07,1,1,0,0,0,0,0,0,0,"- ","- ",35.143028259277344,-120.64034271240234,"SAN LUIS OBISPO","PISMO BEACH",-120.64030456542969,35.14306640625
91111954,2019,2019-11-04,9740,2019-10-24,0228,019259,,4,3,4,4008,0,1,2,,2,001,"US-101 S/B FROM SR-41",SR-41,331.00,S,N,A,-,Y,,,101,,,,R,,S,Y,2,0,1,1,A,-,03,22350,,N,E,I,A,A,H,-,C,A,0,,,,,Y,,A,01,1,0,0,0,0,0,0,0,0,"- ","- ",35.484390258789062,-120.66388702392578,"SAN LUIS OBISPO",ATASCADERO,-120.66388702392578,35.484390258789062