CASE_ID,ACCIDENT_YEAR,PROC_DATE,JURIS,COLLISION_DATE,COLLISION_TIME,OFFICER_ID,REPORTING_DISTRICT,DAY_OF_WEEK,CHP_SHIFT,POPULATION,CNTY_CITY_LOC,SPECIAL_COND,BEAT_TYPE,CHP_BEAT_TYPE,CITY_DIVISION_LAPD,CHP_BEAT_CLASS,BEAT_NUMBER,PRIMARY_RD,SECONDARY_RD,DISTANCE,DIRECTION,INTERSECTION,WEATHER_1,WEATHER_2,STATE_HWY_IND,CALTRANS_COUNTY,CALTRANS_DISTRICT,STATE_ROUTE,ROUTE_SUFFIX,POSTMILE_PREFIX,POSTMILE,LOCATION_TYPE,RAMP_INTERSECTION,SIDE_OF_HWY,TOW_AWAY,COLLISION_SEVERITY,NUMBER_KILLED,NUMBER_INJURED,PARTY_COUNT,PRIMARY_COLL_FACTOR,PCF_CODE_OF_VIOL,PCF_VIOL_CATEGORY,PCF_VIOLATION,PCF_VIOL_SUBSECTION,HIT_AND_RUN,TYPE_OF_COLLISION,MVIW,PED_ACTION,ROAD_SURFACE,ROAD_COND_1,ROAD_COND_2,LIGHTING,CONTROL_DEVICE,CHP_ROAD_TYPE,PEDESTRIAN_ACCIDENT,BICYCLE_ACCIDENT,MOTORCYCLE_ACCIDENT,TRUCK_ACCIDENT,NOT_PRIVATE_PROPERTY,ALCOHOL_INVOLVED,STWD_VEHTYPE_AT_FAULT,CHP_VEHTYPE_AT_FAULT,COUNT_SEVERE_INJ,COUNT_VISIBLE_INJ,COUNT_COMPLAINT_PAIN,COUNT_PED_KILLED,COUNT_PED_INJURED,COUNT_BICYCLIST_KILLED,COUNT_BICYCLIST_INJURED,COUNT_MC_KILLED,COUNT_MC_INJURED,PRIMARY_RAMP,SECONDARY_RAMP,LATITUDE,LONGITUDE,COUNTY,CITY,POINT_X,POINT_Y
91113130,2019,2019-11-04,9740,2019-11-02,1615,019486,,6,2,9,4000,0,3,5,,2,017,"TEMPLETON RD","SOUTH EL POMAR ROAD",1584.00,S,N,A,-,N,,,,,,,,,,Y,2,0,1,1,A,-,03,22350,,N,E,I,A,A,H,-,A,A,0,,,Y,,Y,,C,02,1,0,0,0,0,0,0,0,1,"- ","- ",35.51995849609375,-120.66072845458984,"SAN LUIS OBISPO",UNINCORPORATED,-120.66063690185547,35.519931793212891
91121108,2019,2019-11-15,9745,2019-11-09,2246,020335,,6,3,9,4000,0,2,4,,1,049,SR-227,"CORBETT CANYON RD",0.00,,Y,E,-,N,,,227,,,,,,,Y,2,0,1,1,A,-,12,22450,A,N,E,I,A,A,H,-,D,A,0,,,,,Y,,D,22,1,0,0,0,0,0,0,0,0,"- ","- ",35.196830749511719,-120.60298156738281,"SAN LUIS OBISPO",UNINCORPORATED,-120.60295104980469,35.196842193603516
91131803,2019,2020-02-04,9740,2019-11-24,2300,018988,,7,3,9,4000,0,3,5,,2,022,"PEACHY CANYON RD","MERRY HILL RD",15312.00,W,N,A,-,N,,,,,,,,,,Y,2,0,1,1,A,-,08,22107,,N,E,I,A,A,H,-,D,D,0,,,,,Y,,A,01,1,0,0,0,0,0,0,0,0,"- ","- ",35.618930816650391,-120.73954772949219,"SAN LUIS OBISPO",UNINCORPORATED,-120.74057769775391,35.619457244873047
9113318,2020,2020-08-27,4004,2020-05-24,0824,1349,,7,5,3,4004,0,0,0,,0,,"NIBLICK RD","RIVER RD",520.00,W,N,A,-,N,,,,,,,,,,Y,2,0,4,3,A,-,01,23152,F,F,D,C,A,A,H,-,A,A,0,,,,,Y,,A,01,2,0,2,0,0,0,0,0,0,"- ","- ",35.615009307861328,-120.68020629882812,"SAN LUIS OBISPO","PASO ROBLES",-120.68202209472656,35.615039825439453
9114299,2020,2020-11-02,4006,2020-08-29,1830,29980,,6,5,4,4006,0,0,0,,0,,"ROCKVIEW PL",BROAD,334.00,W,N,B,-,N,,,,,,,,,,Y,2,0,1,1,A,-,01,23152,,N,E,I,A,A,H,-,A,A,0,,,,,Y,Y,A,07,1,0,0,0,0,0,0,0,0,"- ","- ",35.258411407470703,-120.64922332763672,"SAN LUIS OBISPO","SAN LUIS OBISPO",-120.64907073974609,35.258388519287109
91144974,2019,2019-12-17,9740,2019-10-11,0320,019259,,5,3,9,4000,0,3,5,,2,019,"ESTRELLA ROAD","MARTINGALE CIR",410.00,E,N,A,-,N,,,,,,,,,,Y,1,1,1,1,A,-,01,23152,F,N,E,I,A,A,H,-,D,D,0,,,,,Y,,A,01,1,0,0,0,0,0,0,0,0,"- ","- ",35.688011169433594,-120.56948852539062,"SAN LUIS OBISPO",UNINCORPORATED,-120.56951141357422,35.688106536865234
91145625,2019,2020-01-21,9750,2019-11-10,2346,020511,,7,3,9,4000,0,1,2,,2,111,"US-101 N/B",SR-166,75.00,S,N,E,-,Y,,,101,,,,,,N,Y,2,0,2,2,A,-,01,23152,A,N,C,C,A,A,H,-,D,D,0,,,,,Y,Y,A,01,2,0,0,0,0,0,0,0,0,"- ","- ",34.996101379394531,-120.43450164794922,"SAN LUIS OBISPO",UNINCORPORATED,-120.43457794189453,34.996082305908203
91146691,2019,2019-12-18,9745,2019-12-08,1520,020417,,7,2,9,4000,0,3,5,,2,004,"UPPER LOPEZ CANYON ROAD","WITTENBERG CREEK ROAD",4224.00,N,N,B,-,N,,,,,,,,,,Y,2,0,4,1,A,-,01,23152,A,N,F,A,A,B,H,-,A,D,0,,,,,Y,Y,D,22,1,2,1,0,0,0,0,0,0,"- ","- ",35.227001190185547,-120.45860290527344,"SAN LUIS OBISPO",UNINCORPORATED,-120.45892333984375,35.227069854736328
91152064,2019,2019-12-24,9750,2019-12-22,1650,017616,,7,2,9,4000,0,1,3,,2,061,SR-166,"ALAMO CREEK RD",7920.00,E,N,C,-,Y,,,166,,,,,,,Y,2,0,1,1,A,-,03,22350,,N,E,I,A,B,H,-,D,D,0,,,,,Y,,D,22,1,0,0,0,0,0,0,0,0,"- ","- ",35.018829345703125,-120.28855133056641,"SAN LUIS OBISPO",UNINCORPORATED,-120.28862762451172,35.0189208984375
91156209,2019,2019-12-31,9745,2019-12-22,0146,020226,,7,3,9,4000,0,1,2,,2,303,"US-101 NORTHBOUND","SAN LUIS BAY DRIVE",6336.00,N,N,A,-,Y,,,101,,,,,,N,Y,2,0,1,1,A,-,01,23152,A,N,E,I,A,A,H,-,D,D,0,,,,,Y,Y,A,01,1,0,0,0,0,0,0,0,0,"- ","- ",35.213428497314453,-120.69654846191406,"SAN LUIS OBISPO",UNINCORPORATED,-120.69664001464844,35.213436126708984
91158842,2019,2020-01-03,9740,2019-12-22,0616,013984,,7,1,9,4000,0,1,3,,2,008,"SR 46 EAST","SHANDON REST AREA",500.00,W,N,B,G,Y,,,46,,,,,,,Y,2,0,2,2,A,-,00,22017,,N,C,C,A,A,H,-,D,D,0,,,,Y,Y,Y,G,27,1,1,0,0,0,0,0,0,0,"- ","- ",35.674690246582031,-120.34938812255859,"SAN LUIS OBISPO",UNINCORPORATED,-120.34928131103516,35.674530029296875
91161354,2019,2020-01-08,9740,2019-12-20,1750,020894,,5,2,3,4004,0,1,2,,2,003,"U.S. 101 NORTHBOUND","13TH ST",1056.00,N,N,A,-,Y,,,,,,,,,,Y,2,0,1,2,A,-,01,23152,A,N,B,C,A,A,H,-,D,D,0,,,,,Y,Y,A,01,1,0,0,0,0,0,0,0,0,"- ","- ",35.631698608398438,-120.68637084960938,"SAN LUIS OBISPO","PASO ROBLES",-120.68657684326172,35.630905151367188
91165332,2019,2020-01-14,9745,2019-12-08,0958,016514,,7,1,9,4000,0,1,2,,1,101,"US-101 NORTHBOUND",SR-58,0.00,,N,B,C,Y,,,101,,,,,,N,Y,1,1,3,1,A,-,08,22107,,N,E,I,A,B,H,-,A,D,0,,,,,Y,,A,07,2,0,1,0,0,0,0,0,0,"- ","- ",35.377899169921875,-120.63469696044922,"SAN LUIS OBISPO",UNINCORPORATED,-120.63491058349609,35.378093719482422
91174757,2020,2020-01-28,9740,2020-01-11,1857,019259,,6,2,9,4000,0,1,2,,2,004,"US-101 SOUTHBOUND","MISSION ST",50.00,N,N,A,-,Y,,,101,,,,,,S,Y,2,0,1,1,A,-,01,23152,A,N,E,I,A,A,D,-,C,D,0,,,,,Y,Y,A,01,1,0,0,0,0,0,0,0,0,"- ","- ",35.770698547363281,-120.70633697509766,"SAN LUIS OBISPO",UNINCORPORATED,-120.70631408691406,35.770725250244141
91177299,2020,2020-01-31,9740,2020-01-11,1858,019259,,6,2,9,4000,0,1,2,,2,004,"US-101 SOUTHBOUND","MISSION ST",20.00,N,N,A,-,Y,,,101,,,,,,S,Y,2,0,2,2,C,-,18,,,N,D,C,A,A,D,-,D,D,0,,,,,Y,Y,-,"- ",1,1,0,0,0,0,0,0,0,"- ","- ",35.770679473876953,-120.70630645751953,"SAN LUIS OBISPO",UNINCORPORATED,-120.70629119873047,35.770698547363281
91179465,2020,2020-02-06,9745,2020-01-30,1955,020773,,4,2,9,4000,0,1,3,,1,043,SR-1,"WINTERHAVEN WAY",1056.00,N,N,A,-,Y,,,1,,,,,,,Y,2,0,2,2,A,-,01,23152,A,N,C,C,A,A,H,-,D,D,0,,,Y,,Y,Y,A,07,1,1,0,0,0,0,0,0,1,"- ","- ",35.047199249267578,-120.59053039550781,"SAN LUIS OBISPO",UNINCORPORATED,-120.59053039550781,35.047248840332031
91189946,2020,2020-02-20,9740,2020-02-11,2305,013984,,2,3,9,4000,0,3,5,,2,017,"S. RIVER ROAD","LOTHAR LN",150.00,S,N,A,-,N,,,,,,,,,,Y,2,0,1,1,A,-,01,23152,A,N,E,I,A,A,H,-,D,D,0,,,,,Y,Y,D,22,1,0,0,0,0,0,0,0,0,"- ","- ",35.579208374023438,-120.65823364257812,"SAN LUIS OBISPO",UNINCORPORATED,-120.65830230712891,35.579200744628906
91190341,2020,2020-02-20,9745,2020-02-15,0640,020211,,6,1,9,4000,0,1,2,,2,505,"US-101 NORTHBOUND",SR-166,135.00,N,N,A,-,Y,,,101,,,,,,N,Y,2,0,2,1,A,-,08,22107,,N,E,I,A,A,H,-,B,D,0,,,,,Y,,A,01,1,1,0,0,0,0,0,0,0,"- ","- ",34.996711730957031,-120.43463897705078,"SAN LUIS OBISPO",UNINCORPORATED,-120.43473052978516,34.996685028076172
9119458,2020,2020-09-09,4008,2020-06-03,2051,2133,,3,5,4,4008,0,0,0,,0,,"EL CAMINO REAL","EAST MALL",14.00,N,N,A,-,N,,,,,,,,,,N,2,0,1,2,A,-,10,21954,B,N,G,B,C,A,H,-,C,B,0,Y,,,,Y,,A,01,1,0,0,0,1,0,0,0,0,"- ","- ",35.488079071044922,-120.66783142089844,"SAN LUIS OBISPO",ATASCADERO,-120.66790008544922,35.488121032714844
91202676,2020,2020-03-05,9745,2020-02-28,1614,019400,,5,2,9,4000,0,2,4,,1,048,"AVILA BEACH DRIVE","FIRST STREET",3696.00,N,N,A,-,N,,,,,,,,,,N,2,0,1,2,A,-,08,22107,,N,H,E,A,A,H,-,A,D,0,,Y,,,Y,,L,04,1,0,0,0,0,0,1,0,0,"- ","- ",35.178371429443359,-120.74742126464844,"SAN LUIS OBISPO",UNINCORPORATED,-120.72459411621094,35.179752349853516
91210135,2020,2020-03-17,9745,2020-03-14,2039,020773,,6,2,3,4001,0,1,2,,2,402,"US-101 SOUTHBOUND","OAK PARK BLVD",300.00,S,N,B,-,Y,,,101,,,,,,S,Y,2,0,1,1,A,-,03,22350,,N,F,A,A,A,H,-,D,D,0,,,Y,,Y,,C,02,1,0,0,0,0,0,0,0,1,"- ","- ",35.129531860351562,-120.60436248779297,"SAN LUIS OBISPO","ARROYO GRANDE",-120.60436248779297,35.1295166015625
91217815,2020,2020-06-26,9740,2020-03-15,2015,018988,,7,2,9,4000,0,1,3,,1,009,SR-46,SR-41,8712.00,E,N,B,-,Y,,,46,,,,,,,Y,1,1,1,2,A,-,06,21751,,N,A,C,A,B,H,-,D,D,0,,,,Y,Y,,M,47,1,0,0,0,0,0,0,0,0,"- ","- ",35.740650177001953,-120.25596618652344,"SAN LUIS OBISPO",UNINCORPORATED,-120.25598907470703,35.740737915039062
91222650,2020,2020-04-07,9740,2020-04-02,1405,020057,,4,2,9,4000,0,3,5,,2,023,"SANTA ROSA CREEK RD",SR-46W,1584.00,N,N,A,-,N,,,,,,,,,,Y,2,0,2,1,A,-,08,22107,,N,F,A,A,A,H,-,A,D,0,,,Y,,Y,,C,02,1,1,0,0,0,0,0,0,2,"- ","- ",35.537120819091797,-120.86260986328125,"SAN LUIS OBISPO",UNINCORPORATED,-120.86260986328125,35.537120819091797
91227164,2020,2020-04-20,9745,2020-04-08,0400,017968,,3,3,4,4006,0,1,2,,2,202,"US-101 N/B","PRADO ROAD",840.00,N,N,B,-,Y,,,101,,,,,,N,Y,2,0,1,1,A,-,08,22107,,N,E,I,A,B,H,-,C,D,0,,,,,Y,,A,01,1,0,0,0,0,0,0,0,0,"- ","- ",35.259021759033203,-120.67346954345703,"SAN LUIS OBISPO","SAN LUIS OBISPO",-120.67360687255859,35.259059906005859
91233936,2020,2020-07-07,9745,2020-04-25,1647,020226,,6,2,9,4000,0,3,5,,2,002,"TURRI ROAD","S. BAY BLVD",5280.00,E,N,A,-,N,,,,,,,,,,Y,2,0,1,2,A,-,09,21804,A,F,D,C,A,A,H,-,A,D,0,,,Y,,Y,,-,99,1,0,0,0,0,0,0,0,1,"- ","- ",35.32720947265625,-120.808349609375,"SAN LUIS OBISPO",UNINCORPORATED,-120.81114959716797,35.328792572021484
91238737,2020,2020-05-18,9740,2020-05-13,0205,018988,,3,3,9,4000,0,1,3,,1,009,SR-46,"ANTELOPE RD",3696.00,W,N,A,-,Y,,,46,,,,,,,Y,2,0,2,1,A,-,08,22107,,N,E,I,A,A,H,-,D,D,0,,,,Y,Y,,G,27,1,1,0,0,0,0,0,0,0,"- ","- ",35.742660522460938,-120.24085998535156,"SAN LUIS OBISPO",UNINCORPORATED,-120.24085998535156,35.742652893066406
91248401,2020,2020-06-08,9740,2020-06-03,0545,017498,,3,3,9,4000,0,3,5,,2,019,"NORTH RIVER ROAD","WELLSONA RD",3168.00,N,N,A,-,N,,,,,,,,,,Y,2,0,2,2,A,-,05,21460,A,N,A,C,A,A,H,-,B,C,0,,,,,Y,,A,01,1,1,0,0,0,0,0,0,0,"- ","- ",35.704311370849609,-120.68144226074219,"SAN LUIS OBISPO",UNINCORPORATED,-120.68374633789062,35.688682556152344
91252265,2020,2020-06-16,9740,2020-05-15,1522,017952,,5,2,9,4000,0,1,3,,1,014,"STATE ROUTE 1 (SR-1)","ARDATH DRIVE",3461.00,S,N,A,-,Y,,,1,,,,,,,Y,1,1,0,2,A,-,08,22107,,N,D,C,A,A,H,-,A,D,0,,,Y,,Y,,A,07,0,0,0,0,0,0,0,1,0,"- ","- ",35.544231414794922,-121.06381988525391,"SAN LUIS OBISPO",UNINCORPORATED,-121.06378173828125,35.544277191162109
91260124,2020,2020-06-29,9745,2020-06-14,0945,020773,,7,1,9,4000,0,3,5,,2,004,"EL CAMPO RD","LOS BERROS CREEK",1000.00,E,N,A,-,N,,,,,,,,,,N,2,0,1,1,A,-,08,22107,,N,F,A,A,A,H,-,A,D,0,,,Y,,Y,,C,02,1,0,0,0,0,0,0,0,1,"- ","- ",35.095878601074219,-120.56079864501953,"SAN LUIS OBISPO",UNINCORPORATED,-120.56098937988281,35.095623016357422
91263197,2020,2020-07-03,9745,2020-06-28,1653,020417,,7,2,9,4000,0,1,2,,1,101,"US-101 S/B","RESERVOIR CANYON RD",990.00,N,N,B,G,Y,,,101,,,,,,S,N,2,0,1,1,A,-,08,22107,,N,E,I,A,A,H,-,A,D,0,,,Y,,Y,,C,02,1,0,0,0,0,0,0,0,1,"- ","- ",35.298061370849609,-120.62751007080078,"SAN LUIS OBISPO",UNINCORPORATED,-120.62754821777344,35.298107147216797
91283177,2020,2020-08-10,9740,2020-07-16,2030,020710,,4,2,9,4000,0,1,2,,2,002,"US-101 SOUTHBOUND","VINEYARD DRIVE",1600.00,N,N,A,-,Y,,,101,,,,,,S,Y,2,0,2,1,A,-,01,23152,A,N,E,I,A,A,H,-,A,D,0,,,,,Y,Y,A,01,2,0,0,0,0,0,0,0,0,"- ","- ",35.548011779785156,-120.71617126464844,"SAN LUIS OBISPO",UNINCORPORATED,-120.71610260009766,35.548015594482422
91285119,2020,2020-08-14,9745,2020-08-04,1450,017817,,2,2,4,4006,0,3,5,,2,003,"SEE CANYON ROAD","SKYVIEW TRAIL",405.00,S,N,A,-,N,,,,,,,,,,N,2,0,1,1,A,-,08,22107,,N,F,A,A,A,H,-,A,D,0,,Y,,,Y,,L,04,1,0,0,0,0,0,1,0,0,"- ","- ",35.204071044921875,-120.71623992919922,"SAN LUIS OBISPO","SAN LUIS OBISPO",-120.71630096435547,35.204158782958984
91299155,2020,2020-09-04,9745,2020-08-30,1130,016390,,7,1,9,4000,0,2,S,,2,054,"LOPEZ DRIVE","TALLY FARMS RD.",325.00,W,N,A,-,N,,,,,,,,,,Y,2,0,1,2,A,-,03,22350,,N,C,C,A,A,H,-,A,D,0,,,Y,,Y,,A,01,1,0,0,0,0,0,0,0,1,"- ","- ",35.172721862792969,-120.52977752685547,"SAN LUIS OBISPO",UNINCORPORATED,-120.52969360351562,35.172863006591797
91307205,2020,2020-09-18,9740,2020-09-11,0925,019800,,5,1,9,4000,0,1,2,,2,002,"US-101 S/B","SAN ANSELMO RD",35.00,S,N,A,-,Y,,,,,,,,,,Y,2,0,1,1,A,-,08,22107,,N,F,A,A,A,H,-,A,D,0,,,Y,,Y,,C,02,1,0,0,0,0,0,0,0,1,"- ","- ",35.497051239013672,-120.68309020996094,"SAN LUIS OBISPO",UNINCORPORATED,,
91324780,2020,2020-10-15,9745,2020-10-14,0610,016390,,3,1,9,4000,0,3,5,,2,005,"ORCHARD ROAD","FAITH PLACE",325.00,N,N,A,-,N,,,,,,,,,,Y,2,0,1,1,C,-,18,,,N,E,J,A,A,C,-,D,D,0,,,,,Y,,-,"- ",1,0,0,0,0,0,0,0,0,"- ","- ",35.011859893798828,-120.47286987304688,"SAN LUIS OBISPO",UNINCORPORATED,-120.46775817871094,35.008613586425781
91340281,2020,2020-11-05,9745,2020-09-18,1305,020773,,5,1,9,4000,0,2,4,,1,042,"ORCUTT ROAD","EDNA RANCH CIRCLE",2640.00,N,N,A,-,N,,,,,,,,,,Y,1,1,0,2,A,-,01,23152,F,N,C,C,A,A,H,-,A,D,0,,,Y,,Y,,C,02,0,0,0,0,0,0,0,1,0,"- ","- ",35.205829620361328,-120.57959747314453,"SAN LUIS OBISPO",UNINCORPORATED,-120.58013916015625,35.206378936767578
91357556,2020,2020-12-02,9745,2020-10-15,0440,017061,,4,3,4,4006,0,1,2,,2,202,"US-101 SOUTHBOUND","MADONNA RD",3696.00,S,N,A,-,Y,,,101,,,,,,S,Y,1,1,0,2,A,-,11,21956,,N,G,B,E,A,H,-,C,D,0,Y,,,,Y,Y,N,60,0,0,0,1,0,0,0,0,0,"- ","- ",35.257469177246094,-120.67472076416016,"SAN LUIS OBISPO","SAN LUIS OBISPO",-120.67465972900391,35.257434844970703
9135803,2020,2020-09-23,4008,2020-07-14,1708,2030,,2,5,4,4008,0,0,0,,0,,"TRAFFIC WY","HONDA AV",0.00,,Y,A,-,N,,,,,,,,,,N,2,0,2,2,A,-,09,21801,A,N,A,C,A,A,H,-,A,A,0,,,Y,,Y,,A,01,1,0,1,0,0,0,0,0,1,"- ","- ",35.498649597167969,-120.66615295410156,"SAN LUIS OBISPO",ATASCADERO,-120.66610717773438,35.498611450195312
91375550,2020,2020-12-28,9745,2020-12-18,1117,016514,,5,1,9,4000,0,3,5,,2,002,"TV TOWER RD",US-101,27984.00,W,N,A,-,N,,,,,,,,,,N,2,0,1,1,A,-,03,22350,,N,F,A,A,A,H,-,A,D,0,,Y,,,Y,,L,04,1,0,0,0,0,0,1,0,0,"- ","- ",35.380958557128906,-120.69349670410156,"SAN LUIS OBISPO",UNINCORPORATED,,
91376005,2020,2020-12-28,9740,2020-12-13,1410,020710,,7,2,9,4000,0,1,3,,2,010,SR-41,SR-46,15840.00,N,N,B,-,Y,,,41,,,,,,,Y,2,0,1,1,A,-,01,23152,A,N,F,A,A,B,H,-,A,D,0,,,,,Y,Y,A,01,1,0,0,0,0,0,0,0,0,"- ","- ",35.766220092773438,-120.25041198730469,"SAN LUIS OBISPO",UNINCORPORATED,-120.25039672851562,35.766193389892578
91381328,2020,2021-01-05,9750,2020-12-12,1400,018616,,6,2,9,4000,0,1,3,,1,062,SR-166,"SIERRA MADRE RD",3168.00,E,N,A,-,Y,,,166,,,,,,,Y,2,0,6,1,A,-,05,21460,A,N,F,A,A,A,H,-,A,D,0,,,,,Y,,A,08,3,1,2,0,0,0,0,0,0,"- ","- ",35.108440399169922,-120.07991790771484,"SAN LUIS OBISPO",UNINCORPORATED,-120.07988739013672,35.108531951904297
91384240,2020,2021-01-08,9745,2020-12-29,2302,020029,,2,3,9,4000,0,1,2,,2,303,"US-101 N/B FROM SAN LUIS BAY DR","SAN LUIS BAY DR",33.00,N,N,A,-,Y,,,101,,,,R,,N,Y,2,0,1,1,A,-,03,22350,,N,F,I,A,A,H,-,C,D,0,,,,,Y,,A,01,1,0,0,0,0,0,0,0,0,"- ","- ",35.196071624755859,-120.69841766357422,"SAN LUIS OBISPO",UNINCORPORATED,-120.69841766357422,35.196071624755859
9138803,2020,2020-09-25,4001,2020-07-20,1626,P0139,461,1,5,3,4001,0,0,0,,0,OPERAT,"HUASNA RD","STAGECOACH RD",0.00,,Y,A,-,N,,,,,,,,,,Y,2,0,1,2,A,-,06,21750,,N,B,C,A,A,H,-,A,D,0,,,Y,,Y,,C,02,1,0,0,0,0,0,0,0,1,"- ","- ",,,"SAN LUIS OBISPO","ARROYO GRANDE",-120.56546020507812,35.12786865234375
91395681,2020,2021-01-28,9745,2020-12-03,0609,015144,,4,1,4,4006,0,1,2,,2,202,"US-101 NORTHBOUND","LOS OSOS VALLEY RD",2622.00,N,N,E,-,Y,,,101,,,,,,N,N,1,1,0,2,A,-,11,21956,,N,G,B,E,A,H,-,D,D,0,Y,,,,Y,,N,60,0,0,0,1,0,0,0,0,0,"- ","- ",35.2510986328125,-120.67825317382812,"SAN LUIS OBISPO","SAN LUIS OBISPO",-120.67819976806641,35.251071929931641
91403852,2021,2021-02-08,9740,2021-02-02,0210,018988,,2,3,9,4000,0,3,5,,2,017,"OLD COUNTY RD","7TH ST",0.00,,Y,A,-,N,,,,,,,,,,Y,2,0,2,1,A,-,01,23152,A,F,E,I,A,A,H,-,C,D,0,,,Y,,Y,Y,C,02,2,0,0,0,0,0,0,0,2,"- ","- ",35.5489501953125,-120.71002197265625,"SAN LUIS OBISPO",UNINCORPORATED,-120.70984649658203,35.548946380615234
91408153,2020,2021-02-15,9740,2020-10-26,1850,020057,,1,2,3,4004,0,1,2,,2,003,"US-101 SOUTHBOUND","NIBLICK ROAD",3960.00,S,N,A,-,Y,,,101,,,,,,S,Y,1,1,1,4,A,-,03,22350,,N,C,C,A,A,D,-,B,A,0,,,,,Y,,D,22,0,1,0,0,0,0,0,0,0,"- ","- ",35.602828979492188,-120.692626953125,"SAN LUIS OBISPO","PASO ROBLES",-120.69266510009766,35.602832794189453
91412074,2021,2021-02-22,9740,2021-02-08,1235,017952,,1,1,9,4000,0,3,5,,2,017,"MOSS LANE","EL POMAR DRIVE",2112.00,E,N,A,-,N,,,,,,,,,,Y,2,0,3,1,A,-,01,23152,A,N,E,I,A,A,H,-,A,D,0,,,,,Y,Y,A,01,1,2,0,0,0,0,0,0,0,"- ","- ",35.544059753417969,-120.69199371337891,"SAN LUIS OBISPO",UNINCORPORATED,-120.69429016113281,35.543960571289062
9141895,2020,2020-11-04,4008,2020-07-18,1028,3125,C,6,5,4,4008,0,0,0,,0,,"SANTA ANA RD","EAST FRONT RD",0.00,,Y,A,-,Y,SLO,5,101,-,-,44.160,R,4,N,Y,2,0,4,2,A,-,12,21453,A,N,D,C,A,A,H,-,A,A,0,,,,,Y,,A,07,1,1,2,0,0,0,0,0,0,"- ","- ",35.466098785400391,-120.65099334716797,"SAN LUIS OBISPO",ATASCADERO,-120.65269470214844,35.467830657958984
91427270,2021,2021-03-15,9745,2021-03-08,2120,018454,,1,2,2,4005,0,1,2,,2,404,"US-101 NORTHBOUND","SPYGLASS DR",75.00,S,N,A,-,Y,,,101,,,,,,N,Y,2,0,1,1,A,-,01,23152,A,N,E,I,A,A,H,-,D,D,0,,,,,Y,Y,A,01,1,0,0,0,0,0,0,0,0,"- ","- ",35.164009094238281,-120.68686676025391,"SAN LUIS OBISPO","PISMO BEACH",-120.68684387207031,35.164051055908203
91432608,2021,2021-03-26,9745,2021-01-15,1839,014910,,5,2,9,4000,0,1,3,,2,023,"SR-1 SOUTHBOUND","STENNER CREEK ROAD",1267.00,S,N,A,G,Y,,,1,,,,,,S,Y,1,1,0,3,A,-,08,22107,,N,E,I,A,A,H,-,D,D,0,,,,,Y,,A,01,0,0,0,0,0,0,0,0,0,"- ","- ",35.304851531982422,-120.67783355712891,"SAN LUIS OBISPO",UNINCORPORATED,-120.67781829833984,35.304855346679688
91442989,2021,2021-04-05,9740,2021-03-26,1803,019259,,5,2,9,4000,0,1,3,,1,009,SR-46,SR-41,528.00,E,N,A,-,Y,,,46,,,,,,,Y,2,0,2,2,A,-,09,21804,A,N,D,C,A,A,H,-,A,D,0,,,,,Y,,A,01,1,1,0,0,0,0,0,0,0,"- ","- ",35.734809875488281,-120.28238677978516,"SAN LUIS OBISPO",UNINCORPORATED,-120.28239440917969,35.734848022460938
91454478,2021,2021-04-20,9740,2021-04-08,1300,018069,,4,1,9,4000,0,1,3,,2,005,SR-58,"EL CAMINO REAL",0.00,,Y,A,-,Y,,,58,,,,,,,Y,2,0,1,2,A,-,09,21802,A,N,D,C,A,A,H,-,A,A,0,,,,,Y,,A,01,1,0,0,0,0,0,0,0,0,"- ","- ",35.393428802490234,-120.60491180419922,"SAN LUIS OBISPO",UNINCORPORATED,-120.60494232177734,35.393455505371094
91468691,2021,2021-05-10,9740,2021-04-30,1542,021275,,5,2,9,4000,0,3,5,,2,024,"DREYDON AVE","MELROSE AVE",0.00,,Y,A,-,N,,,,,,,,,,N,2,0,1,2,A,-,13,22515,B,N,E,I,A,A,H,-,A,D,0,,,,,Y,,A,08,1,0,0,0,0,0,0,0,0,"- ","- ",35.547489166259766,-121.08338165283203,"SAN LUIS OBISPO",UNINCORPORATED,-121.08332061767578,35.547515869140625
91475942,2021,2021-05-18,9745,2021-05-11,1450,017097,,2,2,3,4001,0,1,2,,2,402,"US-101 N/B TO GRAND AVE.","GRAND AVE",240.00,S,N,A,-,Y,,,101,,,,R,,N,Y,2,0,1,2,A,-,08,22107,,N,F,A,A,A,H,-,A,D,0,,,Y,,Y,,C,02,1,0,0,0,0,0,0,0,1,"- ","- ",35.121158599853516,-120.58219909667969,"SAN LUIS OBISPO","ARROYO GRANDE",-120.58219909667969,35.121158599853516
91480456,2021,2021-05-27,9745,2021-05-22,2015,020211,,6,2,2,4005,0,1,2,,2,404,"US-101 NORTHBOUND","SPYGLASS DRIVE",250.00,N,N,A,-,Y,,,101,,,,,,N,Y,2,0,2,2,A,-,07,21658,A,N,F,8,A,A,H,-,D,D,0,,,,,Y,,A,07,1,1,0,0,0,0,0,0,0,"- ","- ",35.164669036865234,-120.68784332275391,"SAN LUIS OBISPO","PISMO BEACH",-120.68778991699219,35.16473388671875