CASE_ID,ACCIDENT_YEAR,PROC_DATE,JURIS,COLLISION_DATE,COLLISION_TIME,OFFICER_ID,REPORTING_DISTRICT,DAY_OF_WEEK,CHP_SHIFT,POPULATION,CNTY_CITY_LOC,SPECIAL_COND,BEAT_TYPE,CHP_BEAT_TYPE,CITY_DIVISION_LAPD,CHP_BEAT_CLASS,BEAT_NUMBER,PRIMARY_RD,SECONDARY_RD,DISTANCE,DIRECTION,INTERSECTION,WEATHER_1,WEATHER_2,STATE_HWY_IND,CALTRANS_COUNTY,CALTRANS_DISTRICT,STATE_ROUTE,ROUTE_SUFFIX,POSTMILE_PREFIX,POSTMILE,LOCATION_TYPE,RAMP_INTERSECTION,SIDE_OF_HWY,TOW_AWAY,COLLISION_SEVERITY,NUMBER_KILLED,NUMBER_INJURED,PARTY_COUNT,PRIMARY_COLL_FACTOR,PCF_CODE_OF_VIOL,PCF_VIOL_CATEGORY,PCF_VIOLATION,PCF_VIOL_SUBSECTION,HIT_AND_RUN,TYPE_OF_COLLISION,MVIW,PED_ACTION,ROAD_SURFACE,ROAD_COND_1,ROAD_COND_2,LIGHTING,CONTROL_DEVICE,CHP_ROAD_TYPE,PEDESTRIAN_ACCIDENT,BICYCLE_ACCIDENT,MOTORCYCLE_ACCIDENT,TRUCK_ACCIDENT,NOT_PRIVATE_PROPERTY,ALCOHOL_INVOLVED,STWD_VEHTYPE_AT_FAULT,CHP_VEHTYPE_AT_FAULT,COUNT_SEVERE_INJ,COUNT_VISIBLE_INJ,COUNT_COMPLAINT_PAIN,COUNT_PED_KILLED,COUNT_PED_INJURED,COUNT_BICYCLIST_KILLED,COUNT_BICYCLIST_INJURED,COUNT_MC_KILLED,COUNT_MC_INJURED,PRIMARY_RAMP,SECONDARY_RAMP,LATITUDE,LONGITUDE,COUNTY,CITY,POINT_X,POINT_Y
91488937,2021,2021-10-06,9745,2021-05-25,1245,016390,,2,1,9,4000,0,3,5,,2,004,"S. HALCYON ROAD","MOUNTAIN VIEW ROAD",650.00,N,N,A,-,N,,,,,,,,,,Y,2,0,2,2,A,-,01,23153,A,N,B,C,A,A,H,-,A,D,0,,,,,Y,Y,A,07,1,1,0,0,0,0,0,0,0,"- ","- ",35.085281372070312,-120.59101104736328,"SAN LUIS OBISPO",UNINCORPORATED,-120.59092712402344,35.085182189941406
9149751,2020,2020-11-25,4008,2020-08-15,0926,3125,,6,5,4,4008,0,0,0,,0,,"SAN RAMON RD","RT 101",45.00,N,N,A,-,Y,SLO,5,101,-,-,49.300,R,1,S,N,2,0,2,2,A,-,09,21801,A,N,H,G,A,A,H,-,A,D,0,,Y,,,Y,,D,22,1,0,1,0,0,0,2,0,0,"- ",SO,35.52655029296875,-120.7047119140625,"SAN LUIS OBISPO",ATASCADERO,-120.70458984375,35.526237487792969
91508948,2021,2021-06-29,9745,2021-06-26,1945,019070,,6,2,9,4000,0,2,4,,1,026,"PERFUMO CANYON ROAD","SEE CANYON ROAD",72.00,N,N,A,-,N,,,,,,,,,,Y,2,0,3,1,A,-,08,22107,,N,F,A,A,A,G,-,B,D,0,,,,,Y,,A,01,1,0,2,0,0,0,0,0,0,"- ","- ",35.242050170898438,-120.77789306640625,"SAN LUIS OBISPO",UNINCORPORATED,-120.77767944335938,35.242225646972656
91511394,2021,2021-07-01,9745,2021-06-21,1635,017061,,1,2,9,4000,0,2,4,,1,048,"AVILA BEACH DRIVE","ONTARIO RD",279.00,E,N,A,-,N,,,,,,,,,,Y,2,0,3,2,A,-,09,21804,A,N,D,C,A,A,H,-,A,D,0,,,Y,,Y,Y,A,07,2,0,1,0,0,0,0,0,2,"- ","- ",35.180038452148438,-120.70353698730469,"SAN LUIS OBISPO",UNINCORPORATED,-120.70353698730469,35.180389404296875
91514876,2021,2021-07-07,9750,2021-06-05,2050,020511,,6,2,9,4000,0,1,3,,2,061,SR-166,"BULL CANYON RD",2376.00,W,N,A,-,Y,,,166,,,,,,,Y,2,0,1,1,A,-,08,22107,,N,E,I,A,A,H,-,D,D,0,,,,,Y,Y,A,01,1,0,0,0,0,0,0,0,0,"- ","- ",34.999099731445312,-120.38819885253906,"SAN LUIS OBISPO",UNINCORPORATED,-120.38813781738281,34.999275207519531
91515866,2021,2021-07-08,9740,2021-07-05,2015,020302,,1,2,9,4000,0,1,3,,2,011,SR-46W,"YORK MOUNTAIN RD (WEST)",528.00,E,N,A,-,Y,,,46,,,,,,,Y,2,0,1,1,C,-,18,,,N,H,H,A,A,H,-,A,D,0,,,Y,,Y,,-,"- ",1,0,0,0,0,0,0,0,1,"- ","- ",35.537410736083984,-120.82663726806641,"SAN LUIS OBISPO",UNINCORPORATED,-120.82663726806641,35.537433624267578
91515905,2021,2021-07-08,9740,2021-07-04,1915,019800,,7,2,9,4000,0,1,3,,2,007,SR-41,"CAMP 8 RD.",1584.00,S,N,A,-,Y,,,,,,,,,,Y,2,0,2,1,A,-,08,22107,,N,E,I,A,A,H,-,A,D,0,,,,,Y,,A,01,1,0,1,0,0,0,0,0,0,"- ","- ",35.542579650878906,-120.50138854980469,"SAN LUIS OBISPO",UNINCORPORATED,-120.49681854248047,35.546154022216797
91526777,2021,2021-07-22,9745,2021-07-20,0950,019070,,2,1,9,4000,0,2,4,,1,024,"SOUTH BAY BLVD.","TURRI RD.",41.00,N,N,A,-,N,,,,,,,,,,N,2,0,1,2,A,-,08,22107,,N,D,G,A,A,H,-,A,A,0,,Y,,,Y,,L,04,1,0,0,0,0,0,1,0,0,"- ","- ",35.336750030517578,-120.82334899902344,"SAN LUIS OBISPO",UNINCORPORATED,-120.82331848144531,35.33673095703125
91528461,2021,2021-07-26,9745,2021-07-17,2150,020689,,6,2,9,4000,0,2,S,,2,054,"LOPEZ DR.","ROCK FALLS RD.",8448.00,W,N,A,-,N,,,,,,,,,,Y,2,0,1,1,A,-,01,23152,A,N,F,I,A,A,H,-,D,D,0,,,,,Y,Y,D,22,1,0,0,0,0,0,0,0,0,"- ","- ",35.186851501464844,-120.47593688964844,"SAN LUIS OBISPO",UNINCORPORATED,-120.47615814208984,35.186790466308594
91574961,2021,2021-09-20,9745,2021-03-23,1802,019809,,2,2,9,4000,0,1,2,,2,303,"US 101 SOUTHBOUND","AVILA BEACH DRIVE",1214.00,S,N,A,-,Y,,,,,,,,,,Y,1,1,1,2,A,-,07,21658,A,F,C,C,A,A,H,-,A,D,0,,,Y,,Y,,C,02,0,0,1,0,0,0,0,1,0,"- ","- ",35.175880432128906,-120.69767761230469,"SAN LUIS OBISPO",UNINCORPORATED,-120.69812774658203,35.17755126953125
91575680,2021,2021-09-21,9740,2021-09-15,1710,020302,,3,2,9,4000,0,1,3,,2,008,"SR-46E W/B","MCMILLAN CANYON RD.",4752.00,E,N,A,-,Y,,,46,,,,,,W,Y,2,0,1,2,A,-,01,23152,F,N,C,C,A,A,H,-,A,D,0,,,,Y,Y,,A,01,1,0,0,0,0,0,0,0,0,"- ","- ",35.662811279296875,-120.39285278320312,"SAN LUIS OBISPO",UNINCORPORATED,-120.39283752441406,35.662521362304688
91589387,2021,2021-10-06,9740,2021-09-29,1115,019259,,3,1,9,4000,0,1,2,,2,004,"US-101 SOUTHBOUND","WELLSONA RD.",0.00,,Y,A,-,Y,,,101,,,,,,S,Y,2,0,1,2,A,-,09,21802,A,N,D,C,A,A,H,-,A,A,0,,,,,Y,,A,01,1,0,0,0,0,0,0,0,0,"- ","- ",35.695850372314453,-120.69676971435547,"SAN LUIS OBISPO",UNINCORPORATED,-120.69680023193359,35.695850372314453
91590643,2021,2021-10-07,9750,2021-09-27,2346,015514,,1,3,9,4000,0,1,3,,1,063,"SR-166 (CHP OFFICERS IRVINE & STOVALL MEMORIAL HIG","SYCAMORE CANYON BRIDGE",528.00,E,N,B,-,Y,,,166,,,,,,,N,2,0,1,2,A,-,11,21954,A,F,G,B,E,A,H,-,D,D,0,Y,,,,Y,,N,60,1,0,0,0,1,0,0,0,0,"- ","- ",35.087390899658203,-120.03163909912109,"SAN LUIS OBISPO",UNINCORPORATED,-120.03163146972656,35.087398529052734
91605607,2021,2021-10-25,9745,2021-10-19,1215,018454,,2,1,9,4000,0,3,5,,2,002,"7TH STREET","EL MORO AVE",3.00,N,N,A,-,N,,,,,,,,,,N,2,0,1,2,A,-,10,21950,A,N,G,B,B,A,H,-,A,A,0,Y,,,,Y,,D,22,1,0,0,0,1,0,0,0,0,"- ","- ",35.326358795166016,-120.83545684814453,"SAN LUIS OBISPO",UNINCORPORATED,-120.83541870117188,35.326297760009766
91607234,2021,2021-10-27,9740,2021-10-20,1045,015675,,3,1,9,4000,0,3,5,,2,016,"BRANCH MOUNTAIN ROAD",SR-58,4224.00,S,N,A,-,N,,,,,,,,,,N,2,0,1,1,A,-,03,22350,,N,E,I,A,A,H,-,A,D,0,,,,,Y,,D,22,1,0,0,0,0,0,0,0,0,"- ","- ",35.33892822265625,-120.02301025390625,"SAN LUIS OBISPO",UNINCORPORATED,-120.02310943603516,35.339996337890625
91614527,2021,2021-11-03,9740,2021-10-23,0430,020335,,6,3,9,4000,0,1,2,,2,004,"US-101 NORTHBOUND","CAMP ROBERTS OVERCROSSING",4752.00,S,N,A,-,Y,,,101,,,,,,N,Y,2,0,3,2,A,-,03,22350,,N,C,C,A,A,H,-,C,D,0,,,,Y,Y,Y,G,25,2,1,0,0,0,0,0,0,0,"- ","- ",35.787490844726562,-120.72863006591797,"SAN LUIS OBISPO",UNINCORPORATED,-120.72866058349609,35.787464141845703
91624325,2021,2021-11-15,9745,2021-11-02,0755,020773,,2,1,3,4001,0,1,2,,2,402,"US-101 SOUTHBOUND","GRAND AVENUE",1000.00,N,N,A,-,Y,,,101,,,,,,S,Y,2,0,1,2,A,-,08,22107,,N,C,C,A,A,H,-,A,D,0,,,,Y,Y,,A,07,1,0,0,0,0,0,0,0,0,"- ","- ",35.122371673583984,-120.58760833740234,"SAN LUIS OBISPO","ARROYO GRANDE",-120.58759307861328,35.122428894042969
91633228,2021,2021-11-23,9745,2021-11-13,2336,016773,,6,3,9,4000,0,3,5,,2,004,"MESA RD","TRAIL VIEW PL",90.00,E,N,A,-,N,,,,,,,,,,Y,2,0,1,1,A,-,01,23152,A,N,E,I,A,A,H,-,D,D,0,,,,,Y,Y,D,22,1,0,0,0,0,0,0,0,0,"- ","- ",35.027778625488281,-120.53925323486328,"SAN LUIS OBISPO",UNINCORPORATED,-120.54009246826172,35.027763366699219
91633241,2021,2021-11-23,9740,2021-11-11,1205,017283,,4,1,9,4000,0,1,3,,2,010,SR-41,SR-46E,18480.00,N,N,A,-,Y,,,41,,,,,,,Y,2,0,1,1,A,-,08,22107,,N,E,I,A,A,H,-,A,D,0,,,Y,,Y,,C,02,1,0,0,0,0,0,0,0,1,"- ","- ",35.771068572998047,-120.23979949951172,"SAN LUIS OBISPO",UNINCORPORATED,-120.23973846435547,35.770977020263672
91634306,2021,2021-11-24,9745,2021-11-11,2305,016773,,4,3,9,4000,0,1,3,,1,041,SR-1,"19TH STREET",50.00,S,N,A,-,Y,,,1,,,,,,,Y,2,0,1,4,A,-,08,22107,,N,E,I,A,A,H,-,C,D,0,,,Y,,Y,,C,02,1,0,0,0,0,0,0,0,1,"- ","- ",35.098148345947266,-120.60904693603516,"SAN LUIS OBISPO",UNINCORPORATED,-120.60904693603516,35.098140716552734
91645113,2021,2021-12-07,9745,2021-12-05,0130,017496,,7,3,9,4000,0,3,5,,2,005,"DIVISION STREET","BONITA SCHOOL ROAD",1100.00,E,N,A,-,N,,,,,,,,,,Y,2,0,2,1,A,-,01,23152,A,N,E,I,A,A,H,-,D,D,0,,,,,Y,Y,D,22,1,1,0,0,0,0,0,0,0,"- ","- ",35.004230499267578,-120.51510620117188,"SAN LUIS OBISPO",UNINCORPORATED,-120.51536560058594,35.004207611083984
91648213,2021,2021-12-09,9740,2021-09-22,1238,019259,,3,1,9,4000,0,1,2,,2,004,"US-101 NORTHBOUND","NORTH MONTEREY ROAD",1056.00,N,N,A,-,Y,,,101,,,,,,N,Y,1,1,2,1,A,-,08,22107,,N,F,A,A,A,H,-,A,D,0,,,,,Y,,D,22,1,0,1,0,0,0,0,0,0,"- ","- ",35.716110229492188,-120.69473266601562,"SAN LUIS OBISPO",UNINCORPORATED,-120.69477081298828,35.716094970703125
91670049,2021,2022-01-04,9740,2021-12-31,2115,020710,,5,2,9,4000,0,3,5,,2,019,"RIVER RD.","WELLSONA RD.",6864.00,N,N,A,-,N,,,,,,,,,,Y,2,0,1,1,A,-,01,23152,A,N,F,A,A,A,H,-,D,D,0,,,,,Y,Y,D,22,1,0,0,0,0,0,0,0,0,"- ","- ",35.714550018310547,-120.68119812011719,"SAN LUIS OBISPO",UNINCORPORATED,-120.68627166748047,35.678924560546875
91685989,2022,2022-01-26,9745,2022-01-16,2305,017817,,7,3,9,4000,0,3,5,,2,005,"DIVISION ST","HAZEL LN.",165.00,N,N,B,-,N,,,,,,,,,,N,2,0,1,2,A,-,03,22350,,N,G,B,E,A,H,-,D,D,0,Y,,,,Y,,A,01,1,0,0,0,1,0,0,0,0,"- ","- ",35.021259307861328,-120.48921966552734,"SAN LUIS OBISPO",UNINCORPORATED,-120.48922729492188,35.02117919921875
91686892,2021,2022-01-27,9740,2021-11-25,1217,019259,,4,1,9,4000,0,3,5,,2,022,"ADELAIDA ROAD","STAG'S LEAP WAY",1056.00,W,N,A,-,N,,,,,,,,,,Y,1,1,0,1,A,-,08,22107,,N,E,I,A,A,H,-,A,D,0,,,,,Y,,A,01,0,0,0,0,0,0,0,0,0,"- ","- ",35.658451080322266,-120.76039123535156,"SAN LUIS OBISPO",UNINCORPORATED,-120.75978088378906,35.658145904541016
91693810,2022,2022-02-04,9745,2022-01-25,1614,017496,,2,2,9,4000,0,1,3,,2,023,"SR-1 SOUTHBOUND","QUINTANA ROAD",0.00,,Y,A,-,Y,SLO,,1,,,26.965,H,,L,Y,2,0,2,2,A,-,09,21801,A,N,D,C,A,A,H,-,A,D,0,,,,,Y,,A,08,1,1,0,0,0,0,0,0,0,"- ","- ",35.3619384765625,-120.80741882324219,"SAN LUIS OBISPO",UNINCORPORATED,-120.80744171142578,35.361865997314453
91696259,2022,2022-02-08,9745,2022-01-30,0155,016390,,7,3,9,4000,0,1,2,,2,303,"S/B US-101","LOS OSOS VALLEY ROAD",4637.00,S,N,A,-,Y,SLO,,101,,R,25.010,H,,R,Y,2,0,1,3,A,-,01,23152,A,N,G,4,E,A,H,-,D,D,0,Y,,,,Y,Y,D,22,1,0,0,0,1,0,0,0,0,"- ","- ",35.233619689941406,-120.68824768066406,"SAN LUIS OBISPO",UNINCORPORATED,-120.68806457519531,35.233406066894531
91698726,2022,2022-02-11,9745,2022-01-26,1335,017061,,3,1,9,4000,0,1,2,,1,101,US-101,"RESERVOIR CANYON RD",250.00,N,N,A,-,Y,SLO,,101,,,31.165,H,,R,N,2,0,4,2,A,-,05,21651,A,N,D,C,A,A,H,-,A,D,0,,,,,Y,,A,07,2,1,1,0,0,0,0,0,0,"- ","- ",35.296558380126953,-120.630126953125,"SAN LUIS OBISPO",UNINCORPORATED,-120.63008880615234,35.296501159667969
91706967,2022,2022-02-23,9745,2022-02-12,1045,017144,,6,1,9,4000,0,1,3,,1,011,"SR-41 SOUTHBOUND","CERRO ALTO RD.",2112.00,S,N,A,-,Y,SLO,,41,,,6.807,H,,L,N,2,0,1,1,A,-,08,22107,,N,F,A,A,A,H,-,A,D,0,,,Y,,Y,,C,02,1,0,0,0,0,0,0,0,1,"- ","- ",35.428298950195312,-120.75832366943359,"SAN LUIS OBISPO",UNINCORPORATED,-120.75833129882812,35.428432464599609
91710674,2022,2022-02-28,9745,2022-02-13,0036,017817,,7,3,9,4000,0,2,4,,1,051,"LOS BERROS RD.","FALCON CREEK DR.",1450.00,E,N,B,-,N,,,,,,,,,,Y,2,0,3,2,A,-,01,23152,A,N,D,C,A,A,H,-,D,D,0,,,,,Y,Y,A,01,1,2,0,0,0,0,0,0,0,"- ","- ",35.098758697509766,-120.56829833984375,"SAN LUIS OBISPO",UNINCORPORATED,,
91713210,2022,2022-03-02,9745,2022-02-22,0510,017968,,2,3,9,4000,0,1,3,,2,023,"SR-1 N/B","WESTMONT AVENUE",245.00,S,N,B,-,Y,SLO,,1,,,17.992,H,,R,Y,2,0,1,2,A,-,05,21651,A,N,D,C,A,B,H,-,C,D,0,,,,Y,Y,,G,25,1,0,0,0,0,0,0,0,0,"- ","- ",35.300708770751953,-120.67566680908203,"SAN LUIS OBISPO",UNINCORPORATED,-120.67568969726562,35.300701141357422
91715313,2021,2022-03-04,9745,2021-12-31,1922,017151,,5,2,9,4000,0,1,3,,2,023,SR-1,"SAN LUISITO CREEK RD.",0.00,,Y,A,-,Y,,,1,,,,,,,Y,1,1,1,2,A,-,09,21801,A,N,D,C,A,A,H,-,D,D,0,,,,,Y,,D,22,0,1,0,0,0,0,0,0,0,"- ","- ",35.354690551757812,-120.78450775146484,"SAN LUIS OBISPO",UNINCORPORATED,-120.78450775146484,35.354686737060547
91744517,2022,2022-04-08,9740,2022-04-02,1730,021275,,6,2,9,4000,0,3,5,,2,019,"RIVER RD.","VERDE PL.",0.00,,Y,A,-,N,,,,,,,,,,N,2,0,1,2,A,-,09,21802,A,N,A,C,A,A,H,-,A,D,0,,,Y,,Y,,A,01,1,0,0,0,0,0,0,0,1,"- ","- ",35.752601623535156,-120.69194030761719,"SAN LUIS OBISPO",UNINCORPORATED,-120.69194793701172,35.752616882324219
91746233,2021,2022-04-12,9745,2021-09-01,1610,017151,,3,2,9,4000,0,1,2,,2,505,"US-101 NORTHBOUND","WILLOW RD.",500.00,S,N,A,-,Y,,,101,,,,,,N,Y,1,1,1,3,C,-,18,,,N,E,I,A,A,H,-,A,D,0,,,,Y,Y,,-,"- ",0,0,1,0,0,0,0,0,0,"- ","- ",35.053581237792969,-120.49942016601562,"SAN LUIS OBISPO",UNINCORPORATED,-120.49943542480469,35.053562164306641
91746573,2022,2022-04-12,9745,2022-03-15,1655,018454,,2,2,9,4000,0,3,5,,2,004,"NOYES ROAD","SUNRAY PLACE",973.00,W,N,A,-,N,,,,,,,,,,Y,1,1,1,1,A,-,08,22107,,N,E,J,A,A,H,-,A,D,0,,,,,Y,,A,01,0,1,0,0,0,0,0,0,0,"- ","- ",35.144550323486328,-120.59612274169922,"SAN LUIS OBISPO",UNINCORPORATED,-120.59611511230469,35.144485473632812
91746621,2022,2022-04-12,9745,2022-03-17,0836,018253,,4,1,9,4000,0,3,5,,2,004,"BONITA SCHOOL ROAD","DIVISION ST.",3168.00,S,N,A,-,N,,,,,,,,,,Y,1,1,0,1,A,-,08,22107,,N,E,I,A,A,H,-,A,D,0,,,,,Y,,A,01,0,0,0,0,0,0,0,0,0,"- ","- ",34.994571685791016,-120.51399230957031,"SAN LUIS OBISPO",UNINCORPORATED,-120.51418304443359,34.995780944824219
91748278,2022,2022-04-14,9745,2022-02-25,1432,019070,,5,2,9,4000,0,3,5,,2,004,"JONES LANE","BLACK LAKE CANYON ROAD",15.00,S,N,A,-,N,,,,,,,,,,N,1,1,0,2,A,-,03,22350,,N,G,B,D,A,H,-,A,D,0,Y,,,,Y,,D,22,0,0,0,1,0,0,0,0,0,"- ","- ",35.055671691894531,-120.54631042480469,"SAN LUIS OBISPO",UNINCORPORATED,-120.54624938964844,35.055789947509766
91749191,2022,2022-04-15,9745,2022-04-03,0943,020211,,7,1,9,4000,0,1,2,,1,101,"US-101 NORTHBOUND","VISTA DEL CIUDAD",0.00,,Y,B,-,Y,SLO,,101,,R,33.338,H,,R,Y,1,1,2,2,A,-,07,21658,A,N,A,C,A,A,H,-,A,D,0,,,,,Y,,A,01,2,0,0,0,0,0,0,0,0,"- ","- ",35.325531005859375,-120.62024688720703,"SAN LUIS OBISPO",UNINCORPORATED,-120.62021636962891,35.325527191162109
91759487,2022,2022-04-28,9740,2022-04-23,0248,017952,,6,3,4,4008,0,1,2,,2,001,"US-101 NORTHBOUND",SR-41,1584.00,S,N,A,-,Y,SLO,,101,,,45.262,H,,R,Y,2,0,1,1,A,-,01,23152,A,N,E,8,A,A,H,-,C,D,0,,,,,Y,Y,A,01,1,0,0,0,0,0,0,0,0,"- ","- ",35.482200622558594,-120.66107177734375,"SAN LUIS OBISPO",ATASCADERO,-120.66117095947266,35.482154846191406
91763534,2022,2022-05-03,9740,2022-04-04,1535,021275,,1,2,9,4000,0,3,5,,2,019,"INDIAN VALLEY ROAD","VINEYARD CANYON ROAD",40.00,S,N,A,-,N,,,,,,,,,,Y,1,1,2,2,A,-,09,21801,A,N,A,C,A,A,H,-,A,D,0,,,,,Y,,A,01,0,1,1,0,0,0,0,0,0,"- ","- ",35.772830963134766,-120.692626953125,"SAN LUIS OBISPO",UNINCORPORATED,-120.69261932373047,35.772830963134766
91774113,2022,2022-05-17,9740,2022-05-08,0330,021275,,7,3,4,4008,0,1,2,,2,001,"US-101 NORTHBOUND",SR-41,1500.00,S,N,A,-,Y,SLO,,101,,,45.295,H,,R,Y,2,0,2,1,A,-,01,23152,A,N,E,I,A,A,H,-,D,D,0,,,,,Y,Y,A,01,1,1,0,0,0,0,0,0,0,"- ","- ",35.482608795166016,-120.661376953125,"SAN LUIS OBISPO",ATASCADERO,-120.66146850585938,35.482563018798828
91775008,2022,2022-05-18,9745,2022-05-02,2303,018253,,1,3,4,4006,0,1,2,,2,202,"US-101 SOUTHBOUND","MARSH ST.",1056.00,S,N,A,-,Y,SLO,,101,,,27.875,H,,L,Y,2,0,1,2,A,-,01,23152,A,N,E,I,A,A,H,-,A,D,0,,,,,Y,Y,A,01,1,0,0,0,0,0,0,0,0,"- ","- ",35.271381378173828,-120.67241668701172,"SAN LUIS OBISPO","SAN LUIS OBISPO",-120.67249298095703,35.271396636962891
91776787,2022,2022-05-20,9745,2022-02-26,1823,020417,,6,2,9,4000,0,1,3,,2,023,"SR-1 SOUTHBOUND","CANET ROAD",0.00,,Y,B,-,Y,SLO,,1,,,25.580,H,,L,Y,1,1,6,3,A,-,09,21801,A,N,D,2,A,A,H,-,D,A,0,,,,,Y,,A,07,2,4,0,0,0,0,0,0,0,"- ","- ",35.354518890380859,-120.78455352783203,"SAN LUIS OBISPO",UNINCORPORATED,-120.78453826904297,35.35455322265625
9177820,2020,2021-01-08,4008,2020-10-17,1303,3125,,6,5,4,4008,0,0,0,,0,,"CURBARIL AV","CORTEZ AV",0.00,,Y,A,-,N,,,,,,,,,,N,2,0,1,2,A,-,08,22107,,N,H,G,A,A,H,-,A,D,0,,Y,,,Y,,L,04,1,0,0,0,0,0,1,0,0,"- ","- ",35.486869812011719,-120.64795684814453,"SAN LUIS OBISPO",ATASCADERO,-120.64810180664062,35.486991882324219
91781226,2022,2022-05-26,9745,2022-05-23,2219,018253,,1,3,9,4000,0,1,2,,2,303,"US-101 SOUTHBOUND","SAN LUIS BAY DRIVE",3696.00,N,N,A,-,Y,SLO,,101,,R,23.040,H,,L,Y,2,0,3,2,A,-,01,23152,A,M,C,C,A,A,H,-,D,D,0,,,,,Y,Y,A,01,1,2,0,0,0,0,0,0,0,"- ","- ",35.206668853759766,-120.697021484375,"SAN LUIS OBISPO",UNINCORPORATED,-120.69704437255859,35.206668853759766
91799744,2022,2022-06-21,9745,2022-06-12,0115,016773,,7,3,9,4000,0,1,2,,1,101,"US-101 SOUTHBOUND","TV TOWER ROAD",792.00,S,N,A,-,Y,SLO,,101,,R,34.551,H,,L,Y,2,0,1,2,A,-,08,22107,,N,F,8,A,A,H,-,A,D,0,,,,,Y,,A,01,1,0,0,0,0,0,0,0,0,"- ","- ",35.341640472412109,-120.62761688232422,"SAN LUIS OBISPO",UNINCORPORATED,-120.62762451171875,35.341640472412109
91810319,2022,2022-07-05,9740,2022-06-17,1415,019648,,5,2,9,4000,0,3,5,,2,017,"RAMADA DR.","MARQUITA AVE.",650.00,S,N,A,-,N,,,,,,,,,,Y,2,0,1,2,A,-,09,21801,A,N,D,C,A,A,H,-,A,D,0,,,Y,,Y,Y,A,01,1,0,0,0,0,0,0,0,1,"- ","- ",35.573478698730469,-120.69770812988281,"SAN LUIS OBISPO",UNINCORPORATED,-120.69770050048828,35.573516845703125
91822612,2022,2022-07-25,9745,2022-07-08,2200,018616,,5,3,9,4000,0,3,5,,2,002,"O'CONNOR WAY","FOOTHILL BLVD",0.00,,Y,A,-,N,,,,,,,,,,Y,2,0,1,2,A,-,01,23152,A,N,D,C,A,A,H,-,D,D,0,,,,,Y,Y,A,01,1,0,0,0,0,0,0,0,0,"- ","- ",35.281669616699219,-120.70845794677734,"SAN LUIS OBISPO",UNINCORPORATED,-120.70843505859375,35.281673431396484
91834266,2022,2022-08-05,9745,2022-07-26,1031,016773,,2,1,9,4000,0,1,2,,1,101,"US-101 SOUTHBOUND","STAGECOACH RD",0.00,,Y,A,-,Y,SLO,,101,,,32.752,H,,L,Y,2,0,2,2,A,-,09,21801,A,N,A,C,A,A,H,-,A,D,0,,,,,Y,,A,07,2,0,0,0,0,0,0,0,0,"- ","- ",35.317211151123047,-120.62129211425781,"SAN LUIS OBISPO",UNINCORPORATED,-120.62136840820312,35.317230224609375
91838489,2022,2022-09-06,9745,2022-07-15,1730,018009,,5,2,9,4000,0,3,5,,2,005,"HUTTON RD","CUYAMA LANE",675.00,S,N,B,-,N,,,,,,,,,,Y,1,1,0,2,A,-,08,22107,,N,B,E,A,A,H,-,A,D,0,,,Y,,Y,,C,03,0,0,0,0,0,0,0,1,0,"- ","- ",34.994209289550781,-120.43531036376953,"SAN LUIS OBISPO",UNINCORPORATED,-120.43531799316406,34.994297027587891
91840808,2022,2022-08-15,9745,2022-08-13,0212,018253,,6,3,9,4000,0,1,2,,2,202,"US-101 S/B","BUENA VISTA AVENUE",1100.00,N,N,A,-,Y,SLO,,101,,,30.197,H,,L,Y,2,0,2,1,A,-,01,23153,A,N,E,I,A,A,H,-,C,D,0,,,,,Y,Y,A,01,1,1,0,0,0,0,0,0,0,"- ","- ",35.292018890380859,-120.64585876464844,"SAN LUIS OBISPO",UNINCORPORATED,-120.64584350585938,35.291969299316406
91847650,2022,2022-08-24,9745,2022-08-13,1935,017817,,6,2,9,4000,0,2,4,,2,047,"LOPEZ DR.","GRIEB RANCH WAY",450.00,W,N,A,-,N,,,,,,,,,,Y,2,0,1,1,A,-,08,22107,,N,E,I,A,A,H,-,A,D,0,,,,,Y,,A,01,1,0,0,0,0,0,0,0,0,"- ","- ",35.184299468994141,-120.50160980224609,"SAN LUIS OBISPO",UNINCORPORATED,-120.50142669677734,35.1844482421875
91854695,2022,2022-08-31,9745,2022-08-28,1050,019070,,7,1,9,4000,0,3,5,,2,004,"DIVISION STREET","BONITA SCHOOL ROAD",3168.00,W,N,B,-,N,,,,,,,,,,Y,2,0,2,1,A,-,08,22107,,F,E,I,A,A,H,-,A,D,0,,,,,Y,,A,08,1,1,0,0,0,0,0,0,0,"- ","- ",35.170829772949219,-120.53080749511719,"SAN LUIS OBISPO",UNINCORPORATED,-120.529052734375,35.001163482666016