CASE_ID,ACCIDENT_YEAR,PROC_DATE,JURIS,COLLISION_DATE,COLLISION_TIME,OFFICER_ID,REPORTING_DISTRICT,DAY_OF_WEEK,CHP_SHIFT,POPULATION,CNTY_CITY_LOC,SPECIAL_COND,BEAT_TYPE,CHP_BEAT_TYPE,CITY_DIVISION_LAPD,CHP_BEAT_CLASS,BEAT_NUMBER,PRIMARY_RD,SECONDARY_RD,DISTANCE,DIRECTION,INTERSECTION,WEATHER_1,WEATHER_2,STATE_HWY_IND,CALTRANS_COUNTY,CALTRANS_DISTRICT,STATE_ROUTE,ROUTE_SUFFIX,POSTMILE_PREFIX,POSTMILE,LOCATION_TYPE,RAMP_INTERSECTION,SIDE_OF_HWY,TOW_AWAY,COLLISION_SEVERITY,NUMBER_KILLED,NUMBER_INJURED,PARTY_COUNT,PRIMARY_COLL_FACTOR,PCF_CODE_OF_VIOL,PCF_VIOL_CATEGORY,PCF_VIOLATION,PCF_VIOL_SUBSECTION,HIT_AND_RUN,TYPE_OF_COLLISION,MVIW,PED_ACTION,ROAD_SURFACE,ROAD_COND_1,ROAD_COND_2,LIGHTING,CONTROL_DEVICE,CHP_ROAD_TYPE,PEDESTRIAN_ACCIDENT,BICYCLE_ACCIDENT,MOTORCYCLE_ACCIDENT,TRUCK_ACCIDENT,NOT_PRIVATE_PROPERTY,ALCOHOL_INVOLVED,STWD_VEHTYPE_AT_FAULT,CHP_VEHTYPE_AT_FAULT,COUNT_SEVERE_INJ,COUNT_VISIBLE_INJ,COUNT_COMPLAINT_PAIN,COUNT_PED_KILLED,COUNT_PED_INJURED,COUNT_BICYCLIST_KILLED,COUNT_BICYCLIST_INJURED,COUNT_MC_KILLED,COUNT_MC_INJURED,PRIMARY_RAMP,SECONDARY_RAMP,LATITUDE,LONGITUDE,COUNTY,CITY,POINT_X,POINT_Y
91858271,2022,2022-09-06,9740,2022-08-26,2318,019700,,5,3,9,4000,0,3,5,,2,019,"11TH ST. (500 BLOCK)","N ST.",11.00,E,N,A,-,N,,,,,,,,,,Y,2,0,1,1,A,-,01,23152,A,N,E,I,A,A,H,-,C,D,0,,,,,Y,Y,D,22,1,0,0,0,0,0,0,0,0,"- ","- ",35.748851776123047,-120.69554138183594,"SAN LUIS OBISPO",UNINCORPORATED,-120.69557952880859,35.748744964599609
91864649,2022,2022-09-14,9740,2022-09-09,1400,019800,,5,2,9,4000,0,1,3,,1,015,SR-1,"COUNTY LINE RD.",1056.00,S,N,A,-,Y,SLO,,1,,,74.022,H,,R,N,2,0,1,1,A,-,08,22107,,N,F,A,A,A,H,-,A,D,0,,,Y,,Y,,C,02,1,0,0,0,0,0,0,0,1,"- ","- ",35.793041229248047,-121.3414306640625,"SAN LUIS OBISPO",UNINCORPORATED,-121.34148406982422,35.792972564697266
91869954,2022,2022-09-21,9740,2022-09-07,0745,017283,,3,1,9,4000,0,3,5,,2,018,"BRANCH RD.","CHARDONNAY RD.",26.00,N,N,A,-,N,,,,,,,,,,Y,2,0,1,2,A,-,09,21804,A,N,D,C,A,A,H,-,A,D,0,,,,,Y,,A,08,1,0,0,0,0,0,0,0,0,"- ","- ",35.654869079589844,-120.57872009277344,"SAN LUIS OBISPO",UNINCORPORATED,-120.57868194580078,35.654811859130859
91870210,2022,2022-09-21,9740,2022-09-18,1420,021275,,7,2,9,4000,0,1,3,,2,011,SR-46W,"MPM 5.50",200.00,W,N,C,-,Y,SLO,,46,,R,5.442,H,,R,Y,2,0,2,1,A,-,03,22350,,N,E,I,A,B,H,-,A,D,0,,,,,Y,,A,07,1,1,0,0,0,0,0,0,0,"- ","- ",35.545581817626953,-120.95829010009766,"SAN LUIS OBISPO",UNINCORPORATED,-120.95835876464844,35.545627593994141
91875923,2022,2022-09-28,9740,2022-09-19,1845,020302,,1,2,9,4000,0,1,3,,1,014,SR-1,"BURTON DR.",10.00,N,N,A,-,Y,SLO,,1,,,48.999,H,,R,N,2,0,1,2,A,-,03,22350,,N,C,C,A,A,H,-,A,A,0,,,Y,,Y,,C,02,1,0,0,0,0,0,0,0,1,"- ","- ",35.555278778076172,-121.0826416015625,"SAN LUIS OBISPO",UNINCORPORATED,-121.08264923095703,35.555305480957031
91892015,2022,2022-10-17,9745,2022-09-10,1850,018616,,6,2,9,4000,0,1,2,,2,505,"US-101 NORTHBOUND","DIVISION STREET",222.00,S,N,B,-,Y,SLO,,101,,,4.221,H,,R,Y,1,1,0,2,A,-,11,21956,A,N,G,B,E,A,H,-,A,D,0,Y,,,,Y,,N,60,0,0,0,1,0,0,0,0,0,"- ","- ",35.030101776123047,-120.47721099853516,"SAN LUIS OBISPO",UNINCORPORATED,-120.47718048095703,35.030120849609375
91892133,2022,2022-10-17,9745,2022-10-07,2304,019070,,5,3,9,4000,0,1,3,,1,041,"STATE ROUTE 1","HALCYON ROAD",50.00,N,N,B,-,Y,SLO,,1,,,10.920,H,,R,Y,2,0,4,2,A,-,01,23152,A,N,A,C,A,A,H,-,D,A,0,,,,,Y,Y,D,22,1,3,0,0,0,0,0,0,0,"- ","- ",35.098159790039062,-120.59139251708984,"SAN LUIS OBISPO",UNINCORPORATED,-120.59139251708984,35.098209381103516
91907778,2022,2022-11-02,9740,2022-10-29,1405,020894,,6,2,9,4000,0,1,3,,2,007,SR-41,"LA PANZA RD.",0.00,,Y,A,-,Y,SLO,,41,,,28.117,H,,R,Y,2,0,4,2,A,-,09,21802,A,N,D,C,A,A,H,-,A,A,0,,,,,Y,,A,01,3,1,0,0,0,0,0,0,0,"- ","- ",35.534328460693359,-120.52366638183594,"SAN LUIS OBISPO",UNINCORPORATED,-120.52366638183594,35.534339904785156
9191792,2020,2021-02-01,4008,2020-11-14,1827,3125,,6,5,4,4008,0,0,0,,0,,"EL CAMINO REAL","EAST MALL",24.00,N,N,A,-,N,,,,,,,,,,N,2,0,1,2,A,-,10,21950,A,N,G,B,B,A,H,-,C,A,0,Y,,,,Y,,A,01,1,0,0,0,1,0,0,0,0,"- ","- ",35.488079071044922,-120.66783142089844,"SAN LUIS OBISPO",ATASCADERO,-120.66793060302734,35.488136291503906
91918173,2022,2022-11-15,9745,2022-07-30,0810,020211,,6,1,9,4000,0,2,4,,1,030,"TANK FARM ROAD","SANTA FE ROAD",2640.00,W,N,A,-,N,,,,,,,,,,Y,1,1,1,2,A,-,01,23152,F,N,A,C,A,A,H,-,A,D,0,,,,,Y,,D,22,1,0,0,0,0,0,0,0,0,"- ","- ",35.246829986572266,-120.65630340576172,"SAN LUIS OBISPO",UNINCORPORATED,-120.65618896484375,35.246849060058594
91923336,2022,2022-11-21,9745,2022-11-09,1033,017061,,3,1,9,4000,0,2,4,,1,025,"LOS OSOS VALLEY RD","PALOMINO DRIVE",192.00,W,N,A,-,N,,,,,,,,,,Y,2,0,1,2,A,-,06,21750,A,N,D,C,A,A,D,-,A,A,0,,,Y,,Y,,C,02,1,0,0,0,0,0,0,0,1,"- ","- ",35.306808471679688,-120.814697265625,"SAN LUIS OBISPO",UNINCORPORATED,-120.81459808349609,35.306770324707031
91937457,2022,2022-12-08,9740,2022-12-04,1550,020302,,7,2,9,4000,0,1,3,,2,007,"STATE ROUTE 41","CRESTON RD.",0.00,,Y,B,-,Y,SLO,,41,,,28.112,H,,R,Y,2,0,2,2,A,-,12,22450,A,N,D,2,A,A,H,-,A,A,0,,,,,Y,,A,01,1,1,0,0,0,0,0,0,0,"- ","- ",35.534358978271484,-120.52375793457031,"SAN LUIS OBISPO",UNINCORPORATED,-120.52375793457031,35.534339904785156
91945242,2022,2022-12-19,9740,2022-10-20,1953,018069,,4,2,9,4000,0,1,3,,2,008,"STATE ROUTE 46 (EAST)","MCMILLAN CANYON ROAD",8448.00,W,N,A,-,Y,SLO,,46,,,43.894,H,,R,Y,1,1,0,1,A,-,01,23152,A,N,F,0,A,A,H,-,D,D,0,,,,,Y,Y,A,07,0,0,0,0,0,0,0,0,0,"- ","- ",35.660881042480469,-120.44197845458984,"SAN LUIS OBISPO",UNINCORPORATED,-120.44198608398438,35.660968780517578
91949237,2022,2023-01-27,9745,2022-12-13,2236,017151,,2,3,9,4000,0,2,4,,1,025,"LOS OSOS VALLEY RD","JACARANDA LN",845.00,E,N,A,-,N,,,,,,,,,,Y,2,0,2,2,A,-,01,23152,A,N,A,C,A,A,H,-,D,D,0,,,,,Y,Y,A,01,1,1,0,0,0,0,0,0,0,"- ","- ",35.299468994140625,-120.78743743896484,"SAN LUIS OBISPO",UNINCORPORATED,-120.78755187988281,35.299484252929688
91962077,2023,2023-01-06,9740,2023-01-01,2500,019700,,7,4,9,4000,0,3,5,,2,017,"CRESTON RD.","GENESEO RD.",150.00,E,N,B,C,N,,,,,,,,,,Y,2,0,1,1,A,-,01,23152,A,N,F,A,A,B,H,-,D,D,0,,,,,Y,Y,A,07,1,0,0,0,0,0,0,0,0,"- ","- ",35.571510314941406,-120.54553985595703,"SAN LUIS OBISPO",UNINCORPORATED,-120.54546356201172,35.571380615234375
91967953,2023,2023-01-17,9745,2023-01-06,1222,016390,,5,1,9,4000,0,2,4,,1,049,"CORBETT CANYON ROAD","CAMINO EDNA",200.00,N,N,A,-,N,,,,,,,,,,Y,2,0,1,1,A,-,08,22107,,N,E,J,A,A,H,-,A,D,0,,,,,Y,,D,22,1,0,0,0,0,0,0,0,0,"- ","- ",35.192508697509766,-120.58666229248047,"SAN LUIS OBISPO",UNINCORPORATED,-120.58640289306641,35.192470550537109
91983498,2023,2023-01-31,9740,2023-01-27,1458,022034,,5,2,9,4000,0,3,5,,2,021,"VINEYARD DR.","SEMILLON LN.",108.00,E,N,A,-,N,,,,,,,,,,Y,2,0,3,3,A,-,03,22350,,N,C,C,A,A,H,-,A,D,0,,,,,Y,,A,07,1,1,1,0,0,0,0,0,0,"- ","- ",35.543319702148438,-120.73841857910156,"SAN LUIS OBISPO",UNINCORPORATED,-120.73842620849609,35.543331146240234
91993001,2023,2023-02-13,9745,2023-02-02,"652 ",017151,,4,1,2,4003,0,1,3,,2,022,"SR-1 NORTHBOUND","MORRO BAY BLVD.",50.00,S,N,A,-,Y,SLO,,1," "," ",28.808,H,,R,Y,2,0,1,1,A,-,08,22107,,N,E,I,A,A,H,-,B,D,0,,,,,Y,,D,22,1,0,0,0,0,0,0,0,0,"- ","- ",35.367290496826172,-120.83914947509766,"SAN LUIS OBISPO","MORRO BAY",-120.83920288085938,35.367206573486328
91996022,2023,2023-02-16,9740,2023-02-10,"750 ",018069,,5,1,9,4000,0,1,3,,2,005,SR-58,SR-229,11616.00,E,N,A,-,Y,SLO,,58," "," ",8.980,H,,R,Y,2,0,3,1,A,-,01,23152,A,N,E,8,A,A,H,-,A,D,0,,,,,Y,Y,A,01,3,0,0,0,0,0,0,0,0,"- ","- ",35.435550689697266,-120.51924133300781,"SAN LUIS OBISPO",UNINCORPORATED,-120.51921081542969,35.435520172119141
91996352,2022,2023-02-16,9745,2022-09-26,2500,016773,,1,4,9,4000,0,1,3,,1,011,"SR-41 SOUTHBOUND","BEAR RIDGE ROAD",581.00,S,N,B,-,Y,SLO,,41,,,5.099,H,,L,Y,1,1,0,1,A,-,01,23152,A,N,F,0,A,A,H,-,D,D,0,,,,,Y,Y,A,07,0,0,0,0,0,0,0,0,0,"- ","- ",35.423660278320312,-120.78565979003906,"SAN LUIS OBISPO",UNINCORPORATED,-120.78569793701172,35.423782348632812
91998917,2023,2023-02-21,9740,2023-02-08,1516,020894,,3,2,9,4000,0,1,2,,2,002,"US-101 NORTHBOUND","VINEYARD DR.",150.10,S,N,A,-,Y,SLO,,101," "," ",50.613,H,,R,Y,2,0,3,2,A,-,03,22350,,N,C,2,A,A,H,-,A,D,0,,,,,Y,,A,07,1,0,2,0,0,0,0,0,0,"- ","- ",35.543289184570312,-120.71417999267578,"SAN LUIS OBISPO",UNINCORPORATED,-120.71420288085938,35.543281555175781
92000435,2023,2023-02-22,9740,2023-02-19,1505,020841,,7,2,9,4000,0,3,5,,2,018,"MILL RD.","WINEGARD RD.",150.00,E,N,A,-,N,,,,,,,,,,N,2,0,1,1,A,-,03,22350,,N,F,A,A,A,A,-,A,D,0,,Y,,,Y,,M,91,1,0,0,0,0,0,1,0,0,"- ","- ",35.644901275634766,-120.60028076171875,"SAN LUIS OBISPO",UNINCORPORATED,-120.60109710693359,35.6448974609375
92003767,2023,2023-03-27,9745,2023-02-10,"800 ",017968,,5,1,9,4000,0,1,3,,1,011,"SR41 S/OF BEAR RIDGE ROAD","BEAR RIDGE ROAD",1521.00,S,N,A,-,Y,SLO,,41," "," ",5.075,H,,R,Y,2,0,1,1,A,-,08,22107,,N,E,I,A,A,H,-,A,D,0,,,,,Y,,A,07,1,0,0,0,0,0,0,0,0,"- ","- ",35.423728942871094,-120.78611755371094,"SAN LUIS OBISPO",UNINCORPORATED,-120.78610229492188,35.423686981201172
92004178,2023,2023-02-27,9745,2023-02-19,1545,020391,,7,2,9,4000,0,1,3,,2,023,"SR-1 NORTHBOUND","DAIRY CREEK RD",25.00,S,N,A,-,Y,SLO,,1," "," ",22.144,H,,R,Y,2,0,1,3,A,-,03,22350,,N,C,C,A,A,H,-,A,A,0,,,,,Y,,A,01,1,0,0,0,0,0,0,0,0,"- ","- ",35.331058502197266,-120.73477935791016,"SAN LUIS OBISPO",UNINCORPORATED,-120.73476409912109,35.331089019775391
92017260,2023,2023-03-14,9745,2023-03-10,1759,020391,,5,2,2,4005,0,1,2,,2,404,"US-101 SOUTHBOUND",SR-1,1584.00,N,N,B,C,Y,SLO,,101," "," ",17.475,H,,L,Y,2,0,1,1,A,-,03,22350,,N,E,I,A,B,H,-,B,D,0,,,,,Y,,A,01,1,0,0,0,0,0,0,0,0,"- ","- ",35.149261474609375,-120.65009307861328,"SAN LUIS OBISPO","PISMO BEACH",-120.65015411376953,35.149154663085938
92018922,2023,2023-03-15,9745,2023-03-12,"155 ",017151,,7,3,2,4005,0,1,2,,2,404,"US-101 NORTHBOUND","HINDS AVE",845.00,S,N,C,-,Y,SLO,,101," "," ",16.454,H,,R,Y,2,0,1,1,A,-,08,22107,,N,E,I,A,B,H,-,D,D,0,,,Y,,Y,,C,02,1,0,0,0,0,0,0,0,1,"- ","- ",35.13983154296875,-120.63645172119141,"SAN LUIS OBISPO","PISMO BEACH",-120.63641357421875,35.139881134033203
92018927,2023,2023-03-15,9745,2023-03-12,"157 ",017151,,7,3,2,4005,0,1,2,,2,404,"US-101 NORTHBOUND","HINDS AVE.",634.00,S,N,C,-,Y,SLO,,101," "," ",16.490,H,,R,N,2,0,1,2,C,-,18,,,N,G,B,E,B,H,-,D,D,0,Y,,,,Y,Y,-,"- ",1,0,0,0,1,0,0,0,0,"- ","- ",35.140148162841797,-120.63697052001953,"SAN LUIS OBISPO","PISMO BEACH",-120.63694000244141,35.140182495117188
92027383,2023,2023-03-23,9745,2023-03-16,1118,018009,,4,1,9,4000,0,2,4,,1,038,"ORCUTT ROAD","RIGHETTI ROAD",1584.00,N,N,A,-,N,,,,,,,,,,N,2,0,1,2,A,-,08,22107,,N,C,G,A,A,H,-,A,D,0,,Y,,,Y,,A,01,1,0,0,0,0,0,1,0,0,"- ","- ",35.231990814208984,-120.60147094726562,"SAN LUIS OBISPO",UNINCORPORATED,-120.60142517089844,35.231986999511719
92032004,2022,2023-03-29,9745,2022-12-10,1157,017968,,6,1,9,4000,0,1,3,,1,011,SR-41,"BEAR RIDGE ROAD",461.00,S,N,C,-,Y,SLO,,41,,,5.197,H,,R,Y,1,1,0,1,A,-,01,23152,A,N,E,I,A,B,H,-,A,D,0,,,,,Y,Y,A,07,0,0,0,0,0,0,0,0,0,"- ","- ",35.423820495605469,-120.78397369384766,"SAN LUIS OBISPO",UNINCORPORATED,-120.78397369384766,35.423828125
92035703,2023,2023-04-03,9745,2023-03-24,2055,018253,,5,2,9,4000,0,3,5,,2,003,"BIDDLE RANCH ROAD","ORCUTT ROAD",1056.00,N,N,A,-,N,,,,,,,,,,Y,2,0,1,1,A,-,01,23152,A,N,E,I,A,A,H,-,D,D,0,,,,,Y,Y,D,22,1,0,0,0,0,0,0,0,0,"- ","- ",35.220069885253906,-120.59957122802734,"SAN LUIS OBISPO",UNINCORPORATED,-120.59712219238281,35.220718383789062
92036439,2023,2023-04-04,9740,2023-03-31,2300,021275,,5,3,9,4000,0,3,5,,2,019,"MISSION ST","SAN LUIS OBISPO ROAD",95.00,S,N,A,-,N,,,,,,,,,,Y,2,0,5,2,A,-,01,23152,A,N,A,C,A,A,H,-,C,D,0,,,,,Y,Y,-,"- ",1,1,3,0,0,0,0,0,0,"- ","- ",35.744979858398438,-120.69696807861328,"SAN LUIS OBISPO",UNINCORPORATED,-120.69734954833984,35.745368957519531
92037915,2023,2023-04-10,9745,2023-04-04,"740 ",019070,,2,1,9,4000,0,1,3,,1,043,"STATE ROUTE 1 (SOUTHBOUND)","TIENDA PLACE",450.00,S,N,A,-,Y,SLO,,1," "," ",7.685,H,,R,Y,2,0,2,2,A,-,05,21460,A,N,A,C,A,A,H,-,A,D,0,,,,,Y,,A,01,1,1,0,0,0,0,0,0,0,"- ","- ",35.064098358154297,-120.59691619873047,"SAN LUIS OBISPO",UNINCORPORATED,-120.59691619873047,35.064098358154297
92051602,2023,2023-04-24,9745,2023-04-21,"848 ",020211,,5,1,9,4000,0,3,5,,2,004,"NEWSOM SPRINGS ROAD","BRANCH MILL ROAD",1267.00,E,N,A,-,N,,,,,,,,,,N,2,0,1,2,A,-,03,22350,,N,B,C,A,A,H,-,A,D,0,,,Y,,Y,,C,02,1,0,0,0,0,0,0,0,1,"- ","- ",35.120338439941406,-120.55374145507812,"SAN LUIS OBISPO",UNINCORPORATED,-120.55387115478516,35.120349884033203
92062615,2023,2023-05-05,9740,2023-05-04,1643,020757,,4,2,9,4000,0,3,5,,2,019,"MONTEREY RD.","WELLSONA RD.",10.00,N,N,A,-,N,,,,,,,,,,N,2,0,1,2,A,-,09,21801,A,N,F,A,A,A,H,-,A,D,0,,,Y,,Y,,A,07,1,0,0,0,0,0,0,0,1,"- ","- ",35.695888519287109,-120.69386291503906,"SAN LUIS OBISPO",UNINCORPORATED,-120.69384002685547,35.695758819580078
92071447,2023,2023-05-17,9745,2023-05-08,"447 ",018253,,1,3,9,4000,0,2,4,,1,055,"TEFFT ST","US-101 NORTHBOUND ONRAMP",0.00,,Y,A,-,N,,,,,,,,,,Y,2,0,1,2,A,-,09,21801,A,N,D,G,A,A,H,-,C,A,0,,Y,,,Y,,D,22,1,0,0,0,0,0,1,0,0,"- ","- ",35.03717041015625,-120.48436737060547,"SAN LUIS OBISPO",UNINCORPORATED,,
92071448,2023,2023-05-17,9745,2023-05-08,2058,018253,,1,2,9,4000,0,1,3,,2,023,"SR-1 NORTHBOUND","EDUCATION DRIVE",3696.00,N,N,A,-,Y,SLO,,1," "," ",23.414,H,,R,N,2,0,1,1,A,-,03,22350,,N,F,A,A,A,H,-,D,D,0,,Y,,,Y,,L,04,1,0,0,0,0,0,1,0,0,"- ","- ",35.335418701171875,-120.75547027587891,"SAN LUIS OBISPO",UNINCORPORATED,-120.75550842285156,35.335380554199219
92073281,2023,2023-05-19,9745,2023-05-12,1430,020391,,5,2,9,4000,0,2,4,,1,055,"W TEFFT ST","BLUME ST",0.00,,Y,A,-,N,,,,,,,,,,Y,2,0,2,2,A,-,09,21802,A,N,D,C,A,A,H,-,A,A,0,,,,,Y,,A,01,1,1,0,0,0,0,0,0,0,"- ","- ",35.033870697021484,-120.48985290527344,"SAN LUIS OBISPO",UNINCORPORATED,-120.48992919921875,35.033878326416016
92092922,2023,2023-06-13,9745,2023-05-31,2004,017379,,3,2,9,4000,0,3,5,,2,004,"HALCYON RD.",SR-1,436.00,W,N,A,-,N,,,,,,,,,,Y,2,0,6,2,A,-,01,23152,A,N,A,C,A,A,H,-,B,D,0,,,,,Y,Y,A,07,3,0,3,0,0,0,0,0,0,"- ","- ",35.081939697265625,-120.58770751953125,"SAN LUIS OBISPO",UNINCORPORATED,-120.58762359619141,35.081707000732422
92103552,2023,2023-06-27,9745,2023-06-18,"5   ",019070,,7,3,9,4000,0,1,2,,2,505,"US-101 SOUTHBOUND","WILLOW ROAD",1584.00,S,N,A,-,Y,SLO,,101," "," ",6.107,H,,L,Y,2,0,4,2,A,-,01,23152,A,N,C,2,A,A,H,-,D,D,0,,,,,Y,Y,-,"- ",1,3,0,0,0,0,0,0,0,"- ","- ",35.051490783691406,-120.49790191650391,"SAN LUIS OBISPO",UNINCORPORATED,-120.49790191650391,35.051490783691406
92108533,2023,2023-07-03,9745,2023-06-27,1944,017496,,2,2,4,4006,0,1,2,,2,202,"US-101 SOUTBOUND","MADONNA RD",3700.00,S,N,A,-,Y,SLO,,101," "," ",26.801,H,,L,Y,2,0,1,1,A,-,08,22107,,N,E,I,A,A,H,-,A,D,0,,,,,Y,,A,07,1,0,0,0,0,0,0,0,0,"- ","- ",35.256301879882812,-120.67543029785156,"SAN LUIS OBISPO","SAN LUIS OBISPO",-120.67534637451172,35.256263732910156
92114382,2023,2023-07-11,9740,2023-07-08,2030,020335,,6,2,9,4000,0,3,5,,2,024,"SANTA ROSA CREEK RD.","MAIN ST.",1207.00,E,N,A,-,N,,,,,,,,,,Y,2,0,1,1,A,-,08,22107,,N,F,A,A,A,H,-,B,D,0,,,Y,,Y,,C,02,1,0,0,0,0,0,0,0,1,"- ","- ",35.569149017333984,-121.07319641113281,"SAN LUIS OBISPO",UNINCORPORATED,-121.07322692871094,35.569087982177734
92124451,2023,2023-07-24,9745,2023-07-21,"546 ",020211,,5,3,9,4000,0,2,4,,1,051,"LOS BERROS RD","CENTURY LANE",1056.00,E,N,E,-,N,,,,,,,,,,Y,2,0,2,1,A,-,03,22350,,N,E,I,A,A,H,-,D,D,0,,,,,Y,,A,01,1,1,0,0,0,0,0,0,0,"- ","- ",35.101749420166016,-120.57434844970703,"SAN LUIS OBISPO",UNINCORPORATED,-120.57610321044922,35.101711273193359
92132191,2023,2023-07-31,9745,2023-07-14,1610,017968,,5,2,9,4000,0,1,2,,2,505,"US-101 N/B",SR-166,6864.00,N,N,A,-,Y,SLO,,101," "," ",2.177,H,,R,Y,2,0,1,2,A,-,03,22350,,N,C,C,A,A,H,-,A,D,0,,,,,Y,,A,08,1,0,0,0,0,0,0,0,0,"- ","- ",35.010040283203125,-120.45110321044922,"SAN LUIS OBISPO",UNINCORPORATED,-120.45107269287109,35.01007080078125
92135127,2023,2023-08-03,9740,2023-07-23,2230,021275,,7,3,9,4000,0,1,2,,2,004,"US-101 SOUTHBOUND","SAN MIGUEL AVE.",2500.00,S,N,A,-,Y,SLO,,101," "," ",67.324,H,,L,Y,2,0,2,1,A,-,08,22107,,N,E,I,A,A,H,-,D,D,0,,,,,Y,,A,01,1,1,0,0,0,0,0,0,0,"- ","- ",35.771339416503906,-120.70681762695312,"SAN LUIS OBISPO",UNINCORPORATED,-120.70687866210938,35.77130126953125
92136556,2023,2023-08-04,9745,2023-07-24,2325,020619,,1,3,9,4000,0,1,2,,2,303,"US-101 NORTHBOUND","SAN LUIS BAY DR",1500.00,S,N,A,-,Y,SLO,,101," ",R,21.992,H,,R,Y,2,0,8,3,A,-,01,23152,G,N,A,C,A,A,H,-,D,D,0,,,,,Y,Y,A,01,1,4,3,0,0,0,0,0,0,"- ","- ",35.191970825195312,-120.70068359375,"SAN LUIS OBISPO",UNINCORPORATED,-120.70071411132812,35.191974639892578
92139675,2023,2023-08-09,9745,2023-07-30,1655,018616,,7,2,9,4000,0,3,5,,2,002,"TURRI RD","SOUTH BAY BLVD",5280.00,E,N,A,-,N,,,,,,,,,,Y,2,0,1,1,A,-,01,23152,A,N,F,A,A,A,H,-,A,D,0,,,Y,,Y,Y,C,02,1,0,0,0,0,0,0,0,1,"- ","- ",35.323970794677734,-120.79929351806641,"SAN LUIS OBISPO",UNINCORPORATED,-120.81114959716797,35.328792572021484
92157726,2023,2023-08-29,9745,2023-08-07,"845 ",017061,,1,1,9,4000,0,2,4,,1,025,"LOS OSOS VALLEY RD","W. FOOTHILL BLVD",3643.00,W,N,A,-,N,,,,,,,,,,Y,2,0,2,4,A,-,06,21751,,N,B,C,A,A,H,-,A,D,0,,,,,Y,,A,08,1,1,0,0,0,0,0,0,0,"- ","- ",35.280788421630859,-120.72267150878906,"SAN LUIS OBISPO",UNINCORPORATED,-120.72270965576172,35.280796051025391
9216365,2021,2021-03-18,4004,2021-01-28,1104,1349,,4,5,3,4004,0,0,0,,0,,"CRESTON RD","CEDARWOOD DR",0.00,,Y,C,-,N,,,,,,,,,,N,2,0,1,2,A,-,12,21453,A,N,D,C,A,B,H,-,A,A,0,,,,,Y,,-,"- ",1,0,0,0,0,0,0,0,0,"- ","- ",35.607341766357422,-120.65892791748047,"SAN LUIS OBISPO","PASO ROBLES",-120.65898895263672,35.607391357421875
92165645,2023,2023-09-08,9745,2023-08-25,"740 ",017817,,5,1,9,4000,0,1,2,,2,505,"US-101 NORTHBOUND","TEFFT ST.",350.00,S,N,A,-,Y,SLO,,101," "," ",4.782,H,,R,Y,2,0,1,2,C,-,18,,,N,G,B,B,A,H,-,A,D,0,Y,,,Y,Y,,-,"- ",1,0,0,0,1,0,0,0,0,"- ","- ",35.036201477050781,-120.48374938964844,"SAN LUIS OBISPO",UNINCORPORATED,-120.48375701904297,35.03619384765625
92169409,2023,2023-09-13,9740,2023-09-01,1237,023285,,5,1,3,4004,0,1,2,,2,003,"US-101 NORTHBOUND","SR-46 (WEST)",2640.00,N,N,A,-,Y,SLO,,101," "," ",54.656,H,,R,Y,2,0,1,7,A,-,08,22107,,N,F,0,A,A,H,-,A,D,0,,,,,Y,,A,07,1,0,0,0,0,0,0,0,0,"- ","- ",35.597080230712891,-120.69461822509766,"SAN LUIS OBISPO","PASO ROBLES",-120.69474792480469,35.597122192382812
92172701,2023,2023-09-18,9740,2023-03-14,2319,020894,,2,3,9,4000,0,1,2,,2,004,"US-101 SOUTHBOUND","MONTEREY RD.",1690.00,S,N,C,-,Y,SLO,,101," "," ",62.789,H,,L,Y,1,1,2,3,A,-,01,23152,A,N,A,C,A,B,H,-,D,D,0,,,,Y,Y,Y,A,01,1,0,1,0,0,0,0,0,0,"- ","- ",35.708858489990234,-120.69486236572266,"SAN LUIS OBISPO",UNINCORPORATED,-120.69490814208984,35.708866119384766
92188141,2023,2023-10-02,9740,2023-09-19,2305,019697,,2,3,9,4000,0,1,2,,2,004,"US-101 NORTHBOUND","WELLSONA RD",1320.00,N,N,A,-,Y,SLO,,101," "," ",62.183,H,,R,Y,2,0,1,1,A,-,08,22107,,N,F,A,A,A,H,-,D,D,0,,,,,Y,,A,07,1,0,0,0,0,0,0,0,0,"- ","- ",35.700241088867188,-120.696533203125,"SAN LUIS OBISPO",UNINCORPORATED,-120.69646453857422,35.700237274169922
92199818,2023,2023-10-16,9745,2023-10-07,1144,017541,,6,1,9,4000,0,3,5,,2,004,"CAMINO CABALLO","CALLE FRESA",0.00,,Y,A,-,N,,,,,,,,,,Y,2,0,1,2,B,-,22,,,N,C,G,A,A,H,-,A,D,0,,Y,,,Y,,A,07,1,0,0,0,0,0,1,0,0,"- ","- ",35.035030364990234,-120.52761077880859,"SAN LUIS OBISPO",UNINCORPORATED,-120.52773284912109,35.035037994384766