CASE_ID,ACCIDENT_YEAR,PROC_DATE,JURIS,COLLISION_DATE,COLLISION_TIME,OFFICER_ID,REPORTING_DISTRICT,DAY_OF_WEEK,CHP_SHIFT,POPULATION,CNTY_CITY_LOC,SPECIAL_COND,BEAT_TYPE,CHP_BEAT_TYPE,CITY_DIVISION_LAPD,CHP_BEAT_CLASS,BEAT_NUMBER,PRIMARY_RD,SECONDARY_RD,DISTANCE,DIRECTION,INTERSECTION,WEATHER_1,WEATHER_2,STATE_HWY_IND,CALTRANS_COUNTY,CALTRANS_DISTRICT,STATE_ROUTE,ROUTE_SUFFIX,POSTMILE_PREFIX,POSTMILE,LOCATION_TYPE,RAMP_INTERSECTION,SIDE_OF_HWY,TOW_AWAY,COLLISION_SEVERITY,NUMBER_KILLED,NUMBER_INJURED,PARTY_COUNT,PRIMARY_COLL_FACTOR,PCF_CODE_OF_VIOL,PCF_VIOL_CATEGORY,PCF_VIOLATION,PCF_VIOL_SUBSECTION,HIT_AND_RUN,TYPE_OF_COLLISION,MVIW,PED_ACTION,ROAD_SURFACE,ROAD_COND_1,ROAD_COND_2,LIGHTING,CONTROL_DEVICE,CHP_ROAD_TYPE,PEDESTRIAN_ACCIDENT,BICYCLE_ACCIDENT,MOTORCYCLE_ACCIDENT,TRUCK_ACCIDENT,NOT_PRIVATE_PROPERTY,ALCOHOL_INVOLVED,STWD_VEHTYPE_AT_FAULT,CHP_VEHTYPE_AT_FAULT,COUNT_SEVERE_INJ,COUNT_VISIBLE_INJ,COUNT_COMPLAINT_PAIN,COUNT_PED_KILLED,COUNT_PED_INJURED,COUNT_BICYCLIST_KILLED,COUNT_BICYCLIST_INJURED,COUNT_MC_KILLED,COUNT_MC_INJURED,PRIMARY_RAMP,SECONDARY_RAMP,LATITUDE,LONGITUDE,COUNTY,CITY,POINT_X,POINT_Y
92204009,2023,2023-10-19,9745,2023-08-24,2212,018253,,4,3,2,4005,0,1,2,,2,404,"US-101 SOUTHBOUND","FRADY LANE",60.00,N,N,A,-,Y,SLO,,101," "," ",16.227,H,,L,Y,1,1,0,2,A,-,00,21960,A,N,G,B,D,A,H,-,C,A,0,Y,,,,Y,,N,60,0,0,0,1,0,0,0,0,0,"- ","- ",35.138568878173828,-120.63288879394531,"SAN LUIS OBISPO","PISMO BEACH",-120.63290405273438,35.138523101806641
92230513,2023,2023-11-07,9740,2023-11-01,1510,022034,,3,2,9,4000,0,3,5,,2,018,"CAMP 8 RD.","CRESTON RD.",475.00,E,N,A,-,N,,,,,,,,,,N,2,0,1,1,A,-,08,22107,,N,E,I,A,A,H,-,A,D,0,,,,,Y,,A,01,1,0,0,0,0,0,0,0,0,"- ","- ",35.559608459472656,-120.53600311279297,"SAN LUIS OBISPO",UNINCORPORATED,-120.53607177734375,35.559581756591797
92230988,2023,2023-11-14,9745,2023-10-31,"821 ",017709,,2,1,9,4000,0,1,2,,1,101,"US-101 SOUTHBOUND","BUENA VISTA AVE",2640.00,N,N,A,-,Y,SLO,,101," "," ",30.543,H,,L,N,2,0,1,1,A,-,08,22107,,N,E,I,A,A,H,-,A,D,0,,,,,Y,,A,01,1,0,0,0,0,0,0,0,0,"- ","- ",35.294689178466797,-120.64071655273438,"SAN LUIS OBISPO",UNINCORPORATED,-120.64068603515625,35.294631958007812
92231333,2023,2023-11-08,9740,2023-11-04,1130,019700,,6,1,9,4000,0,3,5,,2,017,"TEMPLETON RD.","EL POMAR DR.",5808.00,S,N,A,-,N,,,,,,,,,,N,2,0,1,1,A,-,03,22350,,N,F,A,A,A,H,-,A,D,0,,Y,,,Y,,L,04,1,0,0,0,0,0,1,0,0,"- ","- ",35.533531188964844,-120.68959045410156,"SAN LUIS OBISPO",UNINCORPORATED,-120.68944549560547,35.533267974853516
92235339,2023,2023-11-14,9750,2023-11-08,1550,020211,,3,2,9,4000,0,2,4,,2,040,"BULL CANYON ROAD",SR-166,2112.00,S,N,A,-,N,,,,,,,,,,Y,2,0,1,1,A,-,08,22107,,N,F,A,A,A,H,-,A,D,0,,,Y,,Y,,C,02,1,0,0,0,0,0,0,0,1,"- ","- ",34.993209838867188,-120.38429260253906,"SAN LUIS OBISPO",UNINCORPORATED,-120.38427734375,34.993324279785156
92238332,2023,2023-11-16,9740,2023-08-10,1215,020894,,4,1,9,4000,0,1,3,,2,007,"STATE ROUTE 41","MPM 41 SLO 34.00",1584.00,N,N,A,-,Y,SLO,,41," "," ",34.511,H,,R,Y,1,1,0,1,A,-,08,22107,,N,E,8,A,A,H,-,A,D,0,,,Y,,Y,,C,02,0,0,0,0,0,0,0,1,0,"- ","- ",35.577919006347656,-120.44647216796875,"SAN LUIS OBISPO",UNINCORPORATED,-120.44647979736328,35.577884674072266
92241666,2023,2023-11-21,9750,2023-11-18,"735 ",015916,,6,1,9,4000,0,1,2,,2,111,"US-101 N/B (EL CAMINO REAL)","SR-166 U/C",2640.00,S,N,B,-,Y,SLO,,101," "," ",0.327,H,,R,Y,2,0,4,1,A,-,08,22107,,N,E,I,A,A,H,-,A,D,0,,,,,Y,,A,07,1,2,1,0,0,0,0,0,0,"- ","- ",34.989200592041016,-120.43359375,"SAN LUIS OBISPO",UNINCORPORATED,-120.43354034423828,34.989204406738281
92244959,2023,2023-11-27,9745,2023-11-12,1424,018253,,7,2,9,4000,0,3,5,,2,005,"S. LAS FLORES ROAD","DIVISION STREET",50.00,N,N,A,-,N,,,,,,,,,,Y,2,0,1,2,A,-,08,22107,,N,D,E,A,A,H,-,A,D,0,,,,,Y,,D,22,1,0,0,0,0,0,0,0,0,"- ","- ",35.010650634765625,-120.49484252929688,"SAN LUIS OBISPO",UNINCORPORATED,-120.49472045898438,35.010704040527344
92251794,2023,2023-12-04,9745,2023-11-25,1820,020765,,6,2,9,4000,0,1,3,,1,045,SR-1,"ARRIBA PL",365.00,N,N,A,-,Y,SLO,,1," ",R,4.900,H,,R,Y,2,0,2,2,A,-,01,23152,A,N,A,C,A,A,H,-,D,D,0,,,,,Y,Y,D,22,2,0,0,0,0,0,0,0,0,"- ","- ",35.044788360595703,-120.56822204589844,"SAN LUIS OBISPO",UNINCORPORATED,-120.56821441650391,35.044792175292969
92275658,2023,2024-01-01,9745,2023-12-20,"500 ",017144,,3,3,3,4001,0,1,2,,2,402,"US-101 NORTHBOUND","OAK PARK BLVD",857.00,S,N,C,-,Y,SLO,,101," "," ",14.444,H,,R,Y,2,0,1,1,A,-,08,22107,,N,E,8,A,B,H,-,D,D,0,,,,,Y,,A,01,1,0,0,0,0,0,0,0,0,"- ","- ",35.129558563232422,-120.60372924804688,"SAN LUIS OBISPO","ARROYO GRANDE",-120.60375213623047,35.1295166015625
92289297,2023,2024-01-17,9740,2023-12-01,"510 ",020057,,5,3,9,4000,0,1,3,,2,008,"STATE ROUTE 46 (EAST) E/B","SHANDON REST AREA",0.00,,Y,E,-,Y,SLO,,46," "," ",49.537,H,,R,Y,2,0,1,2,A,-,09,21802,A,F,D,C,A,A,H,-,C,A,0,,,,,Y,,-,99,1,0,0,0,0,0,0,0,0,"- ","- ",35.675300598144531,-120.34792327880859,"SAN LUIS OBISPO",UNINCORPORATED,-120.34799194335938,35.675380706787109
92289423,2024,2024-01-17,9745,2024-01-05,1933,018253,,5,2,9,4000,0,1,2,,1,101,"US-101 NORTHBOUND","RESERVOIR CANYON RD",0.00,,Y,A,-,Y,SLO,,101," "," ",31.149,H,,R,Y,2,0,2,2,A,-,09,21802,A,N,D,C,A,A,H,-,D,A,0,,,,,Y,,A,01,1,1,0,0,0,0,0,0,0,"- ","- ",35.296390533447266,-120.63033294677734,"SAN LUIS OBISPO",UNINCORPORATED,-120.63033294677734,35.296394348144531
92292907,2024,2024-01-22,9745,2024-01-18,1545,023013,,4,2,9,4000,0,2,4,,1,058,"E/B W. TEFFT ST","ORCHARD RD",528.00,W,N,A,-,N,,,,,,,,,,Y,2,0,1,3,A,-,01,23153,A,N,C,C,A,A,H,-,A,A,0,,,,,Y,Y,A,01,1,0,0,0,0,0,0,0,0,"- ","- ",35.027790069580078,-120.49687957763672,"SAN LUIS OBISPO",UNINCORPORATED,-120.49700927734375,35.027603149414062
92293604,2024,2024-01-22,9745,2024-01-09,1145,023476,,2,1,4,4006,0,2,4,,1,042,"ORCUTT ROAD","MORRO VIEW LANE",1150.00,S,N,A,-,N,,,,,,,,,,Y,2,0,1,1,A,-,08,22107,,N,E,8,A,A,H,-,D,D,0,,,,,Y,,-,"- ",1,0,0,0,0,0,0,0,0,"- ","- ",35.207569122314453,-120.58177185058594,"SAN LUIS OBISPO","SAN LUIS OBISPO",,
92296236,2024,2024-01-24,9745,2024-01-14,1408,020765,,7,2,9,4000,0,1,2,,2,303,US-101,"LOS OSOS VALLEY ROAD",4752.00,S,N,A,-,Y,SLO,,101," ",R,24.964,H,,R,Y,2,0,1,2,A,-,01,23152,A,N,B,C,A,A,H,-,A,D,0,,,Y,,Y,Y,C,02,1,0,0,0,0,0,0,0,1,"- ","- ",35.233039855957031,-120.68874359130859,"SAN LUIS OBISPO",UNINCORPORATED,-120.68871307373047,35.233016967773438
92299599,2024,2024-01-29,9740,2024-01-24,"316 ",019486,,3,3,9,4000,0,3,5,,2,017,"EL POMAR DR.","MOSS LN.",32.00,E,N,E,-,N,,,,,,,,,,Y,2,0,2,1,A,-,03,22350,,N,E,8,A,A,H,-,D,A,0,,,,,Y,,A,08,2,0,0,0,0,0,0,0,0,"- ","- ",35.543441772460938,-120.70089721679688,"SAN LUIS OBISPO",UNINCORPORATED,-120.70101165771484,35.543544769287109
92300793,2024,2024-01-30,9740,2024-01-27,1840,023285,,6,2,9,4000,0,3,5,,2,019,"N. RIVER RD.","N ST.",0.00,,Y,B,-,N,,,,,,,,,,N,2,0,1,2,A,-,12,22450,A,N,D,C,A,A,H,-,D,A,0,,,Y,,Y,,C,02,1,0,0,0,0,0,0,0,1,"- ","- ",35.752658843994141,-120.69502258300781,"SAN LUIS OBISPO",UNINCORPORATED,-120.69496917724609,35.752681732177734
92303847,2024,2024-02-02,9745,2024-01-24,"850 ",017144,,3,1,4,4006,0,1,2,,2,202,"MADONNA RD. ON-RAMP TO US-101 N/B","MADONNA RD",140.00,N,N,B,-,Y,SLO,,101," "," ",27.559,H,,R,N,2,0,1,2,A,-,12,21453,A,N,B,C,A,A,H,-,A,A,0,,,Y,,Y,,C,02,1,0,0,0,0,0,0,0,1,"- ","- ",35.266941070556641,-120.67301940917969,"SAN LUIS OBISPO","SAN LUIS OBISPO",-120.67333221435547,35.2669677734375
92304863,2024,2024-02-05,9745,2024-01-29,2000,023476,,1,2,9,4000,0,3,5,,2,005,"UPPER LOS BERROS RD","HAVEN HILL WAY",200.00,E,N,B,C,N,,,,,,,,,,Y,2,0,1,1,C,-,18,,,N,F,A,A,D,H,-,D,D,0,,,,,Y,,-,"- ",1,0,0,0,0,0,0,0,0,"- ","- ",35.101409912109375,-120.48326873779297,"SAN LUIS OBISPO",UNINCORPORATED,-120.48289489746094,35.101497650146484
9231379,2020,2021-03-18,4002,2020-01-05,1234,020417,,7,5,3,4002,0,0,0,,0,,"OAK PARK BL","CAPISTRANO CT",55.00,N,N,B,-,N,,,,,,,,,,Y,2,0,1,4,A,-,08,22107,,N,B,E,A,A,H,-,A,D,0,,,,,Y,Y,J,48,1,0,0,0,0,0,0,0,0,"- ","- ",35.1085205078125,-120.60740661621094,"SAN LUIS OBISPO","GROVER BEACH",-120.60736083984375,35.108489990234375
92317306,2024,2024-02-19,9745,2024-02-12,1247,023476,,1,1,9,4000,0,3,5,,2,002,"O'CONNOR WAY","FOOTHILL BLVD",0.00,,Y,A,-,N,,,,,,,,,,Y,2,0,1,2,A,-,09,21802,A,N,D,G,A,A,H,-,A,A,0,,Y,,,Y,,A,01,1,0,0,0,0,0,1,0,0,"- ","- ",35.281761169433594,-120.70845794677734,"SAN LUIS OBISPO",UNINCORPORATED,-120.70843505859375,35.281673431396484
92324161,2024,2024-02-27,9740,2024-02-21,1805,020057,,3,2,3,4004,0,1,2,,2,003,"US-101 SOUTHBOUND","NIBLICK RD.",3696.00,S,N,A,-,Y,SLO,,101," "," ",55.215,H,,L,Y,2,0,1,1,A,-,08,22107,,N,E,I,A,A,H,-,B,D,0,,,Y,,Y,,C,02,1,0,0,0,0,0,0,0,1,"- ","- ",35.605010986328125,-120.6927490234375,"SAN LUIS OBISPO","PASO ROBLES",-120.69267272949219,35.605010986328125
92341681,2024,2024-03-19,9740,2024-03-15,2039,023285,,5,2,9,4000,0,3,5,,2,017,"O'DONOVAN RD.","IRON SPRINGS RD.",2640.00,N,N,A,-,N,,,,,,,,,,Y,2,0,1,1,A,-,01,23152,A,N,E,8,A,A,H,-,D,D,0,,,,,Y,Y,D,22,1,0,0,0,0,0,0,0,0,"- ","- ",35.4764404296875,-120.50377655029297,"SAN LUIS OBISPO",UNINCORPORATED,-120.50276184082031,35.475723266601562
92343972,2024,2024-03-21,9740,2024-03-17,1903,022634,,7,2,9,4000,0,1,3,,2,008,"SR-46 (EAST) E/B","FLOWER LN.",3062.00,W,N,A,-,Y,SLO,,46," "," ",47.407,H,,R,Y,2,0,1,2,A,-,01,23152,A,N,B,2,A,A,H,-,A,D,0,,,,,Y,Y,D,22,1,0,0,0,0,0,0,0,0,"- ","- ",35.662479400634766,-120.37946319580078,"SAN LUIS OBISPO",UNINCORPORATED,-120.37946319580078,35.662479400634766
92363394,2024,2024-04-12,9745,2024-04-04,1700,020391,,4,2,9,4000,0,2,4,,1,026,"DIRT PATH EAST OF PREFUMO CANYON RD (OFF HIGHWAY)","SERPENTINE LN",1954.00,N,N,B,C,N,,,,,,,,,,N,2,0,1,1,C,-,18,,,N,F,A,A,B,H,-,A,D,0,,,Y,,Y,,-,"- ",1,0,0,0,0,0,0,0,1,"- ","- ",35.259208679199219,-120.75865936279297,"SAN LUIS OBISPO",UNINCORPORATED,,
92383088,2024,2024-05-06,9745,2024-04-29,"530 ",016390,,1,3,9,4000,0,2,4,,1,049,"CORBETT CANYON ROAD","CHRISTINE PLACE",1680.00,E,N,A,-,N,,,,,,,,,,N,2,0,1,1,C,-,18,,,N,H,H,A,A,H,-,D,D,0,,,Y,,Y,,-,"- ",1,0,0,0,0,0,0,0,1,"- ","- ",35.168220520019531,-120.55612945556641,"SAN LUIS OBISPO",UNINCORPORATED,-120.55623626708984,35.168201446533203
92390831,2024,2024-05-15,9740,2024-05-14,2125,020335,,2,2,9,4000,0,1,3,,2,010,SR-41,"SR-46 (EAST)",16896.00,N,N,A,-,Y,SLO,,41," "," ",47.035,H,,R,Y,2,0,3,1,A,-,08,22107,,N,F,A,A,A,H,-,D,D,0,,,,,Y,,A,01,1,2,0,0,0,0,0,0,0,"- ","- ",35.767559051513672,-120.24626159667969,"SAN LUIS OBISPO",UNINCORPORATED,-120.24629211425781,35.767631530761719
92391846,2024,2024-05-16,9740,2024-05-14,1140,017498,,2,1,9,4000,0,1,3,,2,008,"SR-46 (EAST) W/B","GRUENHAGEN FLAT RD.",6336.00,E,N,A,-,Y,SLO,,46," "," ",42.945,H,,L,Y,2,0,2,1,A,-,08,22107,,N,F,A,A,A,H,-,A,D,0,,,,,Y,,A,07,1,1,0,0,0,0,0,0,0,"- ","- ",35.660358428955078,-120.45864868164062,"SAN LUIS OBISPO",UNINCORPORATED,-120.45864868164062,35.660362243652344
92418076,2024,2024-06-19,9745,2024-06-10,2110,022786,,1,2,4,4006,0,1,2,,2,404,"US-101 NORTHBOUND","SPYGLASS DR.",1375.00,N,N,A,-,Y,SLO,,101," ",R,20.095,H,,R,Y,2,0,2,1,C,-,18,,,N,E,I,A,A,H,-,C,D,0,,,,,Y,,-,"- ",1,1,0,0,0,0,0,0,0,"- ","- ",35.167289733886719,-120.68994903564453,"SAN LUIS OBISPO","SAN LUIS OBISPO",-120.69004058837891,35.167243957519531
92427565,2024,2024-07-01,9745,2024-03-29,1950,022733,,5,2,2,4003,0,1,3,,2,022,"SR-1 SOUTHBOUND","SOUTH BAY BLVD",1500.00,N,N,C,-,Y,SLO,,1," "," ",28.161,H,,L,Y,1,1,0,1,A,-,01,23152,A,N,F,8,A,B,H,-,D,D,0,,,,,Y,Y,A,01,0,0,0,0,0,0,0,0,0,"- ","- ",35.364921569824219,-120.82827758789062,"SAN LUIS OBISPO","MORRO BAY",-120.82826232910156,35.364982604980469
92433321,2024,2024-07-08,9745,2024-06-13,2047,023476,,4,2,9,4000,0,2,4,,1,025,"LOS OSOS VALLEY RD","SUNSET DR",200.00,W,N,A,-,N,,,,,,,,,,Y,2,0,1,2,A,-,09,21804,A,F,D,C,A,A,H,-,D,D,0,,,Y,,Y,,A,01,1,0,0,0,0,0,0,0,1,"- ","- ",35.310871124267578,-120.83071136474609,"SAN LUIS OBISPO",UNINCORPORATED,-120.83074188232422,35.310939788818359
92439401,2024,2024-07-15,9740,2024-07-04,1512,023285,,4,2,9,4000,0,1,3,,2,011,"SR-46 (WEST)","MPM 7.00",1056.00,W,N,A,-,Y,,,,,,,,,,Y,2,0,2,1,A,-,08,22107,,N,E,8,A,A,H,-,A,D,0,,,,,Y,,A,07,1,1,0,0,0,0,0,0,0,"- ","- ",35.548629760742188,-120.93639373779297,"SAN LUIS OBISPO",UNINCORPORATED,,
9250143,2021,2021-04-28,4006,2021-04-06,0153,50580,,2,5,4,4006,0,0,0,,0,,FOOTHILL,CALIFORNIA,0.00,,Y,A,-,N,,,,,,,,,,N,2,0,1,2,A,-,07,21658,A,N,B,E,A,A,H,-,C,D,0,,Y,,,Y,,L,04,1,0,0,0,0,0,1,0,0,"- ","- ",35.29547119140625,-120.66300964355469,"SAN LUIS OBISPO","SAN LUIS OBISPO",-120.66387939453125,35.295028686523438
92602291,2024,2024-07-25,9745,2024-07-14,1700,023140,,7,2,9,4000,0,1,3,,1,041,SR-1,"S 13TH ST",0.00,,Y,A,-,Y,SLO,,1," "," ",12.395,H,,R,Y,2,0,1,2,A,-,03,22350,,N,C,C,A,A,H,-,A,D,0,,,Y,,Y,,C,02,1,0,0,0,0,0,0,0,1,"- ","- ",35.101318359375,-120.61598205566406,"SAN LUIS OBISPO",UNINCORPORATED,-120.61595153808594,35.101345062255859
9272449,2021,2021-06-09,4001,2021-04-09,2127,P0148,46-3,5,5,3,4001,0,0,0,,0,OPERAT,"SOUTH ELM ST","S ELM ST 400",0.00,,Y,A,-,N,,,,,,,,,,Y,2,0,1,3,A,-,01,23152,A,N,E,I,A,A,H,-,C,A,0,,,,,Y,Y,A,01,1,0,0,0,0,0,0,0,0,"- ","- ",,,"SAN LUIS OBISPO","ARROYO GRANDE",-120.60044860839844,35.120529174804688
9275812,2021,2021-07-01,4004,2021-05-20,0721,1306,,4,5,3,4004,0,0,0,,0,,"RT 46 E","GOLDEN HILL RD",0.00,,Y,A,-,Y,SLO,5,46,-,-,31.310,I,5,E,Y,2,0,6,3,A,-,12,21453,A,N,D,C,A,A,H,-,A,A,0,,,,,Y,,A,01,1,3,2,0,0,0,0,0,0,"- ","- ",35.644428253173828,-120.657958984375,"SAN LUIS OBISPO","PASO ROBLES",-120.65808868408203,35.644428253173828
9276229,2021,2021-08-30,4003,2021-07-04,2135,T4434,7,7,5,2,4003,0,0,0,,0,002,"RT 1","ATASCADERO RD",30.00,N,N,A,-,Y,SLO,5,1,-,-,30.270,R,1,S,N,2,0,1,2,A,-,03,22350,,F,C,C,A,A,H,-,C,D,0,,,,,Y,Y,A,01,1,0,0,0,0,0,0,0,0,SF,"- ",,,"SAN LUIS OBISPO","MORRO BAY",-120.85619354248047,35.381862640380859
92854344,2024,2024-08-14,9745,2024-07-19,"930 ",018009,,5,1,9,4000,0,2,4,,1,058,"ORCHARD RD","CHERRY BLOSSOM LANE",430.00,N,N,A,-,N,,,,,,,,,,Y,2,0,1,3,A,-,03,22350,,N,C,C,A,A,H,-,A,D,0,,,Y,,Y,,C,02,1,0,0,0,0,0,0,0,1,"- ","- ",35.009899139404297,-120.46978759765625,"SAN LUIS OBISPO",UNINCORPORATED,-120.46494293212891,35.006931304931641
92898166,2024,2024-07-30,9745,2024-07-20,1310,020619,,6,1,9,4000,0,3,5,,2,004,"ALOMA WAY","VALLEY OAKS LANE",500.00,N,N,A,-,N,,,,,,,,,,Y,2,0,1,2,A,-,09,21804,A,N,D,C,A,A,H,-,A,D,0,,,Y,,Y,,O,05,1,0,0,0,0,0,0,0,1,"- ","- ",35.075080871582031,-120.56839752197266,"SAN LUIS OBISPO",UNINCORPORATED,-120.56842041015625,35.074977874755859
92898265,2024,2024-07-30,9745,2024-06-03,2122,023140,,1,2,9,4000,0,2,4,,1,046,"PRICE CANYON RD","THOUSAND HILLS RD",117.00,E,N,A,-,N,,,,,,,,,,Y,1,1,0,1,A,-,01,23152,A,N,E,8,A,A,H,-,D,D,0,,,Y,,Y,Y,C,02,0,0,0,0,0,0,0,1,0,"- ","- ",35.164581298828125,-120.63437652587891,"SAN LUIS OBISPO",UNINCORPORATED,-120.63437652587891,35.164485931396484
92898351,2024,2024-07-30,9740,2024-07-20,1914,023285,,6,2,9,4000,0,1,3,,2,008,SR-41,"SR-46 (EAST) W/B",0.00,,Y,A,-,Y,SLO,,41," ",R,42.172,H,,R,Y,2,0,1,2,A,-,09,21802,A,N,D,C,A,A,H,-,A,A,0,,,,,Y,,A,07,1,0,0,0,0,0,0,0,0,"- ","- ",35.661689758300781,-120.41407775878906,"SAN LUIS OBISPO",UNINCORPORATED,-120.41412353515625,35.661552429199219
92898387,2024,2024-07-30,9740,2024-07-21,"915 ",023820,,7,1,9,4000,0,1,3,,2,011,"SR-46 (WEST)","S. GREEN VALLEY RD.",8765.00,E,N,A,-,Y,SLO,,46," ",R,5.122,H,,R,N,2,0,1,1,A,-,03,22350,,N,F,A,A,A,H,-,A,D,0,,Y,,,Y,,M,91,1,0,0,0,0,0,1,0,0,"- ","- ",35.543529510498047,-120.96321868896484,"SAN LUIS OBISPO",UNINCORPORATED,-120.96321105957031,35.543487548828125
9294035,2021,2021-09-10,4004,2021-07-13,1020,1349,,2,5,3,4004,0,0,0,,0,,"24TH ST","PARK ST",0.00,,Y,A,-,N,,,,,,,,,,N,2,0,1,2,A,-,11,21950,B,N,G,B,D,A,H,-,A,D,0,Y,,,,Y,,N,60,1,0,0,0,1,0,0,0,0,"- ","- ",35.639308929443359,-120.69120025634766,"SAN LUIS OBISPO","PASO ROBLES",-120.69116973876953,35.639244079589844
9301713,2021,2023-06-20,4002,2021-07-13,1436,093,101,2,5,3,4002,0,0,0,,0,,"N 4TH ST","NEWPORT AV",73.00,S,N,A,-,N,,,,,,,,,,Y,1,1,0,2,A,-,01,23152,F,N,D,C,A,A,H,-,A,A,0,,,Y,,Y,Y,C,02,0,0,0,0,0,0,0,1,0,"- ","- ",,,"SAN LUIS OBISPO","GROVER BEACH",-120.62615203857422,35.125408172607422
9303604,2021,2021-09-02,4003,2021-06-30,1230,M96870,6,3,5,2,4003,0,0,0,,0,001,"SOUTH BAY BL","PARK VIEW DR",0.00,,-,A,-,N,,,,,,,,,,Y,2,0,1,1,A,-,08,22107,,N,F,A,A,A,H,-,A,D,0,,,Y,,Y,,C,02,1,0,0,0,0,0,0,0,1,"- ","- ",,,"SAN LUIS OBISPO","MORRO BAY",,
9316706,2021,2021-09-16,4001,2021-07-12,1728,P0139,463,1,5,3,4001,0,0,0,,0,OPERAT,"EAST GRAND AV","S HALCYON RD",0.00,,-,A,-,N,,,,,,,,,,N,2,0,1,2,A,-,11,21456,C,N,G,B,B,A,H,-,A,A,0,Y,,,,Y,,N,60,1,0,0,0,1,0,0,0,0,"- ","- ",,,"SAN LUIS OBISPO","ARROYO GRANDE",-120.59158325195312,35.118701934814453
9323588,2021,2021-10-15,4006,2021-09-06,1415,1739,554,1,5,4,4006,0,0,0,,0,264OHV,"OCEANO DUNES STATE VEHICULAR RECREATION AREA","WIND TOWER",300.00,W,N,A,-,N,,,,,,,,,,Y,2,0,1,2,A,-,03,38305,,N,-,J,A,A,H,-,A,-,0,,,Y,,Y,,-,,1,0,0,0,0,0,0,0,0,"- ","- ",,,"SAN LUIS OBISPO","SAN LUIS OBISPO",,
9326677,2021,2021-10-22,4006,2021-09-18,1352,77891,,6,5,4,4006,0,0,0,,0,,"HIGUERA ST",FONTANA,233.00,S,N,A,-,N,,,,,,,,,,Y,2,0,1,2,A,-,03,22350,,N,D,C,A,A,H,-,A,D,0,,,Y,,Y,,C,02,1,0,0,0,0,0,0,0,1,"- ","- ",35.260528564453125,-120.66908264160156,"SAN LUIS OBISPO","SAN LUIS OBISPO",-120.66910552978516,35.260704040527344
9351655,2021,2021-11-15,4006,2021-10-09,2206,68045,SLO,6,5,4,4006,0,0,0,,0,,"SANTA ROSA",PALM,0.00,,Y,A,-,N,,,,,,,,,,Y,2,0,1,2,A,-,09,21801,A,N,A,C,A,A,H,-,C,D,0,,,,,Y,,A,07,1,0,0,0,0,0,0,0,0,"- ","- ",35.283451080322266,-120.66081237792969,"SAN LUIS OBISPO","SAN LUIS OBISPO",-120.66075897216797,35.283538818359375
9355053,2021,2021-11-15,4006,2021-10-08,2252,19810,,5,5,4,4006,0,0,0,,0,,"SANTA ROSA",MURRAY,0.00,,Y,A,-,N,,,,,,,,,,N,2,0,2,3,A,-,11,21453,D,N,G,B,B,A,H,-,C,A,0,Y,,,,Y,Y,-,"- ",2,0,0,0,1,0,0,0,0,"- ","- ",35.290908813476562,-120.66703033447266,"SAN LUIS OBISPO","SAN LUIS OBISPO",-120.66703033447266,35.290943145751953
9384772,2021,2021-12-30,4006,2021-11-05,1735,68099,,5,5,4,4006,0,0,0,,0,,MONTEREY,JOHNSON,0.00,,Y,A,-,N,,,,,,,,,,N,2,0,1,2,A,-,10,21950,A,N,G,B,B,A,H,-,A,A,0,Y,,,,Y,,D,22,1,0,0,0,1,0,0,0,0,"- ","- ",35.284358978271484,-120.65712738037109,"SAN LUIS OBISPO","SAN LUIS OBISPO",-120.65727233886719,35.284294128417969
9400662,2022,2022-02-16,4006,2022-01-12,1828,68370,,3,5,4,4006,0,0,0,,0,,CHORRO,PEACH,5.00,N,N,A,-,N,,,,,,,,,,N,2,0,1,2,A,-,09,21801,A,N,D,C,A,A,H,-,D,D,0,,,Y,,Y,Y,A,01,1,0,0,0,0,0,0,0,1,"- ","- ",35.283039093017578,-120.66558837890625,"SAN LUIS OBISPO","SAN LUIS OBISPO",-120.66570281982422,35.283069610595703
94039612,2024,2024-08-20,9745,2024-08-01,"733 ",017857,,4,1,9,4000,0,1,2,,2,505,"US-101 NORTHBOUND","LOS BERROS ROAD",1584.00,S,N,B,-,Y,SLO,,101," "," ",7.452,H,,R,Y,2,0,1,2,A,-,03,22350,,N,B,C,A,A,H,-,A,D,0,,,Y,,Y,,C,02,1,0,0,0,0,0,0,0,1,"- ","- ",35.067218780517578,-120.51188659667969,"SAN LUIS OBISPO",UNINCORPORATED,-120.51191711425781,35.067203521728516
9422690,2022,2022-11-10,4008,2022-02-07,1955,1145,,1,5,4,4008,0,0,0,,0,,"MORRO RD","SANTA ROSA RD",162.00,S,N,A,-,Y,SLO,5,41,-,-,14.480,H,-,N,Y,2,0,1,2,A,-,11,21954,A,F,G,B,E,A,H,-,D,D,0,Y,,,,Y,,D,22,1,0,0,0,1,0,0,0,0,"- ","- ",35.46588134765625,-120.67160797119141,"SAN LUIS OBISPO",ATASCADERO,-120.67194366455078,35.46551513671875
94365603,2024,2024-08-22,9740,2024-08-11,"108 ",019700,,7,3,9,4000,0,3,5,,2,019,"N. RIVER RD.","WELLSONA RD.",528.00,S,N,A,-,N,,,,,,,,,,Y,2,0,2,1,A,-,03,22350,,F,E,I,A,A,H,-,D,D,0,,,,,Y,,A,01,1,1,0,0,0,0,0,0,0,"- ","- ",35.695919036865234,-120.68270111083984,"SAN LUIS OBISPO",UNINCORPORATED,-120.68097686767578,35.695808410644531