CASE_ID,ACCIDENT_YEAR,PROC_DATE,JURIS,COLLISION_DATE,COLLISION_TIME,OFFICER_ID,REPORTING_DISTRICT,DAY_OF_WEEK,CHP_SHIFT,POPULATION,CNTY_CITY_LOC,SPECIAL_COND,BEAT_TYPE,CHP_BEAT_TYPE,CITY_DIVISION_LAPD,CHP_BEAT_CLASS,BEAT_NUMBER,PRIMARY_RD,SECONDARY_RD,DISTANCE,DIRECTION,INTERSECTION,WEATHER_1,WEATHER_2,STATE_HWY_IND,CALTRANS_COUNTY,CALTRANS_DISTRICT,STATE_ROUTE,ROUTE_SUFFIX,POSTMILE_PREFIX,POSTMILE,LOCATION_TYPE,RAMP_INTERSECTION,SIDE_OF_HWY,TOW_AWAY,COLLISION_SEVERITY,NUMBER_KILLED,NUMBER_INJURED,PARTY_COUNT,PRIMARY_COLL_FACTOR,PCF_CODE_OF_VIOL,PCF_VIOL_CATEGORY,PCF_VIOLATION,PCF_VIOL_SUBSECTION,HIT_AND_RUN,TYPE_OF_COLLISION,MVIW,PED_ACTION,ROAD_SURFACE,ROAD_COND_1,ROAD_COND_2,LIGHTING,CONTROL_DEVICE,CHP_ROAD_TYPE,PEDESTRIAN_ACCIDENT,BICYCLE_ACCIDENT,MOTORCYCLE_ACCIDENT,TRUCK_ACCIDENT,NOT_PRIVATE_PROPERTY,ALCOHOL_INVOLVED,STWD_VEHTYPE_AT_FAULT,CHP_VEHTYPE_AT_FAULT,COUNT_SEVERE_INJ,COUNT_VISIBLE_INJ,COUNT_COMPLAINT_PAIN,COUNT_PED_KILLED,COUNT_PED_INJURED,COUNT_BICYCLIST_KILLED,COUNT_BICYCLIST_INJURED,COUNT_MC_KILLED,COUNT_MC_INJURED,PRIMARY_RAMP,SECONDARY_RAMP,LATITUDE,LONGITUDE,COUNTY,CITY,POINT_X,POINT_Y
94369152,2024,2024-08-26,9740,2024-08-16,2240,022621,,5,3,9,4000,0,3,5,,2,017,"O'DONOVAN RD.",SR-229,13200.00,S,N,A,-,N,,,,,,,,,,Y,2,0,1,1,A,-,01,23152,A,N,F,A,A,A,H,-,D,D,0,,,,,Y,Y,D,22,1,0,0,0,0,0,0,0,0,"- ","- ",35.484138488769531,-120.5072021484375,"SAN LUIS OBISPO",UNINCORPORATED,-120.50787353515625,35.486293792724609
94400159,2024,2024-09-19,9745,2024-09-01,1816,023013,,7,2,9,4000,0,3,5,,2,002,"SAN LUIS BAY DR","AVILA VALLEY DR",528.00,E,N,A,-,N,,,,,,,,,,N,2,0,1,2,A,-,08,22107,,F,H,G,A,A,H,-,A,D,0,,Y,,,Y,,-,99,1,0,0,0,0,0,1,0,0,"- ","- ",35.195781707763672,-120.70571136474609,"SAN LUIS OBISPO",UNINCORPORATED,-120.71131134033203,35.194751739501953
94411551,2024,2024-09-30,9745,2024-09-13,1905,017709,,5,2,9,4000,0,2,4,,1,042,"TIFFANY RANCH ROAD","ORCUTT ROAD",8.00,W,N,B,-,N,,,,,,,,,,N,2,0,2,1,A,-,08,22107,,N,F,A,A,A,H,-,B,D,0,,,,,Y,,M,96,1,1,0,0,0,0,0,0,0,"- ","- ",35.191909790039062,-120.5609130859375,"SAN LUIS OBISPO",UNINCORPORATED,-120.56095886230469,35.191921234130859
94417191,2024,2025-04-02,9745,2024-06-23,"105 ",023476,,7,3,9,4000,0,3,5,,2,002,"SAN LUIS BAY DR","SPARROW ST",0.00,,Y,A,-,N,,,,,,,,,,Y,1,1,1,1,A,-,01,23152,A,N,E,8,A,A,H,-,D,C,0,,,,,Y,Y,A,01,1,0,0,0,0,0,0,0,0,"- ","- ",35.193630218505859,-120.71800231933594,"SAN LUIS OBISPO",UNINCORPORATED,-120.71785736083984,35.193599700927734
94417652,2024,2024-10-03,9745,2024-09-21,1217,017968,,6,1,9,4000,0,1,3,,1,040,"SR-227 S/B","MONTECITO RIDGE WAY",1200.00,N,N,A,-,Y,SLO,,227," "," ",3.589,H,,L,N,2,0,1,1,A,-,08,22107,,N,F,A,A,A,H,-,A,D,0,,,Y,,Y,,C,02,1,0,0,0,0,0,0,0,1,"- ","- ",35.161380767822266,-120.57763671875,"SAN LUIS OBISPO",UNINCORPORATED,-120.57769775390625,35.161399841308594
94441133,2024,2024-10-22,9745,2024-09-08,1531,023013,,7,2,2,4005,0,1,2,,2,404,"US-101 SOUTHBOUND","4TH STREET",2640.00,S,N,A,-,Y,SLO,,101," "," ",15.091,H,,L,N,1,1,0,1,A,-,08,22107,,N,F,0,A,A,H,-,A,D,0,,,Y,,Y,Y,C,02,0,0,0,0,0,0,0,1,0,"- ","- ",35.132598876953125,-120.61444854736328,"SAN LUIS OBISPO","PISMO BEACH",-120.61447906494141,35.132564544677734
94443037,2024,2024-10-23,9740,2024-10-19,2140,023285,,6,2,9,4000,0,3,5,,2,018,"GENESEO RD.","SR-46 (EAST)",26.00,S,N,A,-,N,,,,,,,,,,Y,2,0,1,2,A,-,01,23152,A,N,C,C,A,A,H,-,D,D,0,,,Y,,Y,Y,C,02,1,0,0,0,0,0,0,0,1,"- ","- ",35.659088134765625,-120.56089019775391,"SAN LUIS OBISPO",UNINCORPORATED,-120.56082916259766,35.659439086914062
94447287,2024,2025-02-10,9740,2024-07-28,2228,022634,,7,3,9,4000,0,1,3,,2,008,"SR-46 EASTBOUND","W. CENTRE ST.",4382.00,W,N,A,-,Y,SLO,,46," "," ",44.623,H,,R,Y,1,4,3,3,A,-,01,23152,A,N,A,C,A,A,H,-,D,D,0,,,,,Y,Y,A,01,1,1,1,0,0,0,0,0,0,"- ","- ",35.661411285400391,-120.42916107177734,"SAN LUIS OBISPO",UNINCORPORATED,-120.42916107177734,35.661380767822266
94447815,2024,2024-10-28,9745,2024-10-13,1225,017709,,7,1,9,4000,0,2,4,,1,055,"TEFFT STREET","US-101 NORTHBOUND",175.00,E,N,A,-,N,,,,,,,,,,N,2,0,1,1,A,-,08,22107,,N,F,A,A,A,H,-,A,D,0,,Y,,,Y,,M,91,1,0,0,0,0,0,1,0,0,"- ","- ",35.037151336669922,-120.48391723632812,"SAN LUIS OBISPO",UNINCORPORATED,-120.48422241210938,35.037071228027344
94462657,2024,2024-11-07,9740,2024-09-14,2100,017498,,6,2,9,4000,0,1,3,,1,014,SR-1,"CAMBRIA DR.",3170.00,S,N,A,-,Y,SLO,,1," "," ",49.648,H,,R,Y,1,1,0,1,A,-,08,22107,,N,E,8,A,A,H,-,D,D,0,,,,,Y,,E,22,0,0,0,0,0,0,0,0,0,"- ","- ",35.557540893554688,-121.09274291992188,"SAN LUIS OBISPO",UNINCORPORATED,-121.09287261962891,35.557472229003906
94476919,2024,2024-11-20,9740,2024-11-13,1615,020302,,3,2,9,4000,0,3,5,,2,017,"CRESTON RD.","CRESTON RIDGE LN.",649.00,W,N,A,-,N,,,,,,,,,,Y,2,0,1,1,A,-,08,22107,,N,E,8,A,A,H,-,A,D,0,,,,,Y,,A,07,1,0,0,0,0,0,0,0,0,"- ","- ",35.572158813476562,-120.60379791259766,"SAN LUIS OBISPO",UNINCORPORATED,-120.60375213623047,35.572223663330078
94477337,2024,2024-11-20,9745,2024-11-02,"608 ",017144,,6,1,9,4000,0,1,3,,1,032,"SR-227 (EDNA ROAD)","BIDDLE RANCH RD.",2112.00,S,N,C,-,Y,SLO,,227," ",R,7.840,H,,R,N,2,0,1,2,A,-,08,22107,,N,G,1,E,B,H,-,D,D,0,Y,,,,Y,,A,01,1,0,0,0,1,0,0,0,0,"- ","- ",35.209049224853516,-120.61550903320312,"SAN LUIS OBISPO",UNINCORPORATED,-120.61559295654297,35.209026336669922
94484414,2024,2024-11-26,9745,2024-09-24,1615,018009,,2,2,9,4000,0,2,4,,1,058,"HUTTON ROAD","VISTA DEL RIO",1170.00,N,N,A,-,N,,,,,,,,,,Y,1,1,2,2,A,-,09,21801,A,F,D,C,A,A,H,-,A,D,0,,,Y,,Y,,D,22,0,0,2,0,0,0,0,1,0,"- ","- ",35.006519317626953,-120.4451904296875,"SAN LUIS OBISPO",UNINCORPORATED,,
94506651,2024,2024-12-17,9745,2024-12-08,1823,023140,,7,2,9,4000,0,2,4,,1,058,"ORCHARD RD","SOUTHLAND ST",65.00,N,N,A,-,N,,,,,,,,,,Y,2,0,4,2,A,-,01,23152,A,F,C,2,A,A,H,-,D,D,0,,,,,Y,Y,A,01,1,3,0,0,0,0,0,0,0,"- ","- ",35.016681671142578,-120.48053741455078,"SAN LUIS OBISPO",UNINCORPORATED,-120.48056030273438,35.016708374023438
94510554,2024,2024-12-19,9740,2024-12-15,1344,020335,,7,1,9,4000,0,1,3,,1,015,SR-1,"ELEPHANT SEAL VISTA POINT",0.00,,Y,A,-,Y,SLO,,1," "," ",62.439,H,,R,Y,2,0,1,2,A,-,09,21804,A,N,D,C,A,A,H,-,A,A,0,,,Y,,Y,,A,08,1,0,0,0,0,0,0,0,1,"- ","- ",35.663120269775391,-121.25673675537109,"SAN LUIS OBISPO",UNINCORPORATED,-121.2567138671875,35.663150787353516
94542104,2024,2025-01-17,9745,2024-08-06,1804,023476,,2,2,9,4000,0,2,4,,1,048,"AVILA BEACH DRIVE","FIRST STREET",0.00,,Y,A,-,N,,,,,,,,,,Y,1,1,1,2,D,-,00,,,N,A,C,A,A,H,-,A,A,0,,,Y,,Y,Y,-,"- ",0,0,1,0,0,0,0,1,0,"- ","- ",35.180530548095703,-120.73583984375,"SAN LUIS OBISPO",UNINCORPORATED,-120.73604583740234,35.180488586425781
94562860,2025,2025-02-03,9745,2025-01-04,2225,023476,,6,3,9,4000,0,1,2,,2,303,"US-101 NORTHBOUND","AVILA BEACH DRIVE",275.00,S,N,A,-,Y,SLO,,101," ",R,21.073,H,,R,Y,2,0,1,1,A,-,01,23152,A,N,E,8,A,A,H,-,D,D,0,,,,,Y,Y,A,01,1,0,0,0,0,0,0,0,0,"- ","- ",35.179168701171875,-120.69886016845703,"SAN LUIS OBISPO",UNINCORPORATED,-120.69878387451172,35.179214477539062
94562974,2025,2025-02-03,9745,2025-01-21,1457,017817,,2,2,9,4000,0,2,4,,1,038,"ORCUTT RD.","CROSS CREEK WAY",690.00,N,N,A,-,N,,,,,,,,,,Y,2,0,1,2,A,-,03,22350,,N,C,C,A,A,H,-,A,D,0,,,Y,,Y,,C,02,1,0,0,0,0,0,0,0,1,"- ","- ",35.216831207275391,-120.59500885009766,"SAN LUIS OBISPO",UNINCORPORATED,-120.59499359130859,35.216827392578125
94572106,2025,2025-02-10,9740,2025-01-28,1555,020391,,2,2,9,4000,0,1,2,,2,002,"US-101 NORTHBOUND","SR-46 (WEST)",1584.00,S,N,A,-,Y,SLO,,101," "," ",53.764,H,,R,Y,2,0,2,2,A,-,03,22350,,N,C,C,A,A,H,-,A,D,0,,,,,Y,,D,22,1,1,0,0,0,0,0,0,0,"- ","- ",35.584259033203125,-120.69619750976562,"SAN LUIS OBISPO",UNINCORPORATED,-120.69617462158203,35.584259033203125
9457335,2022,2022-08-09,4001,2022-05-04,0830,PO144,463,3,5,3,4001,0,0,0,,0,OPERAT,"SOUTH ELM ST","SUNSET DR",2.00,S,N,A,-,N,,,,,,,,,,N,2,0,1,2,A,-,09,21804,A,N,D,G,A,A,H,-,A,A,0,,Y,,,Y,,L,04,1,0,0,0,0,0,1,0,0,"- ","- ",,,"SAN LUIS OBISPO","ARROYO GRANDE",-120.60047149658203,35.119575500488281
94573927,2025,2025-02-11,9740,2025-01-31,1040,024160,,5,1,9,4000,0,1,3,,2,007,SR-41,"CRESTON RD.",0.00,,Y,B,-,Y,SLO,,41," "," ",28.107,H,,R,Y,2,0,2,2,A,-,12,22450,A,N,D,2,A,A,H,-,A,A,0,,,,,Y,,A,08,2,0,0,0,0,0,0,0,0,"- ","- ",35.534370422363281,-120.52384948730469,"SAN LUIS OBISPO",UNINCORPORATED,-120.52384948730469,35.534339904785156
94575490,2025,2025-02-12,9745,2025-01-28,"942 ",017968,,2,1,9,4000,0,1,2,,2,505,"US-101 NB TO WILLOW ROAD","WILLOW ROAD",0.00,,Y,A,-,Y,SLO,,101," "," ",6.432,H,,R,Y,2,0,1,2,A,-,09,21802,A,N,D,C,A,A,H,-,A,A,0,,,,,Y,,A,01,1,0,0,0,0,0,0,0,0,"- ","- ",35.055519104003906,-120.50090026855469,"SAN LUIS OBISPO",UNINCORPORATED,-120.5010986328125,35.055397033691406
94600562,2025,2025-08-04,9745,2025-01-09,"42  ",023805,,4,3,3,4001,0,1,2,,2,402,"US-101 SOUTHBOUND","OAK PARK BLVD",2000.00,S,N,A,-,Y,SLO,,101," "," ",14.193,H,,L,Y,2,0,2,2,A,-,01,23152,A,N,A,C,A,A,H,-,D,D,0,,,,,Y,Y,D,22,2,0,0,0,0,0,0,0,0,"- ","- ",35.127490997314453,-120.59999847412109,"SAN LUIS OBISPO","ARROYO GRANDE",-120.60000610351562,35.127475738525391
94607923,2025,2025-03-18,9745,2025-02-26,1612,020391,,3,2,9,4000,0,1,3,,2,023,"SR-1 NORTHBOUND","SAN LUISITO CREEK ROAD",1584.00,N,N,A,-,Y,SLO,,1," "," ",25.879,H,,R,N,2,0,1,1,A,-,08,22107,,N,E,I,A,A,H,-,A,D,0,,,,,Y,,A,01,1,0,0,0,0,0,0,0,0,"- ","- ",35.356048583984375,-120.78942108154297,"SAN LUIS OBISPO",UNINCORPORATED,-120.78943634033203,35.356002807617188
94630376,2025,2025-03-28,9740,2025-02-03,1620,021488,,1,2,9,4000,0,3,5,,2,017,"CRESTON RD.","CAMP 8 RD.",4224.00,S,N,A,-,N,,,,,,,,,,Y,1,1,0,1,A,-,01,23152,A,N,E,I,A,A,H,-,A,D,0,,,,,Y,Y,A,07,0,0,0,0,0,0,0,0,0,"- ","- ",35.549449920654297,-120.53215789794922,"SAN LUIS OBISPO",UNINCORPORATED,-120.53207397460938,35.5491943359375
94646079,2025,2025-04-11,9740,2025-04-04,2052,024160,,5,2,9,4000,0,1,3,,2,008,"SR-46 WESTBOUND","JARDINE RD.",0.00,,Y,A,-,Y,SLO,,46," "," ",34.652,H,,L,Y,2,0,3,2,A,-,09,21801,A,N,D,C,A,A,H,-,C,D,0,,,,,Y,,A,01,1,1,1,0,0,0,0,0,0,"- ","- ",35.659320831298828,-120.60247802734375,"SAN LUIS OBISPO",UNINCORPORATED,-120.60247802734375,35.659324645996094
94647269,2025,2025-04-14,9745,2025-03-23,1031,017968,,7,1,9,4000,0,1,3,,1,011,"SR-41 (ATASCADERO ROAD)","TWO TUNNEL ROAD",200.00,S,N,A,-,Y,SLO,,41," "," ",5.828,H,,R,Y,2,0,1,1,A,-,08,22107,,N,F,A,A,A,H,-,A,D,0,,,,,Y,,A,07,1,0,0,0,0,0,0,0,0,"- ","- ",35.428230285644531,-120.77445983886719,"SAN LUIS OBISPO",UNINCORPORATED,-120.77446746826172,35.428256988525391
94655406,2025,2025-04-18,9745,2025-04-05,1823,023140,,6,2,9,4000,0,3,5,,2,004,"BRANCH MILL RD","HUASNA RD",2640.00,S,N,A,-,N,,,,,,,,,,Y,2,0,5,2,A,-,05,21460,A,N,A,C,A,A,H,-,A,D,0,,,,,Y,,A,01,4,1,0,0,0,0,0,0,0,"- ","- ",35.130481719970703,-120.54927825927734,"SAN LUIS OBISPO",UNINCORPORATED,-120.54671478271484,35.131038665771484
94663027,2025,2025-04-24,9745,2025-04-13,1251,017968,,7,1,9,4000,0,1,3,,1,011,SR-41,"CERRO ALTO ROAD",2000.00,S,N,A,-,Y,SLO,,41," "," ",6.851,H,,R,Y,2,0,1,1,A,-,08,22107,,N,E,I,A,A,H,-,A,D,0,,,Y,,Y,,C,02,1,0,0,0,0,0,0,0,1,"- ","- ",35.428539276123047,-120.75756072998047,"SAN LUIS OBISPO",UNINCORPORATED,-120.75756072998047,35.428497314453125
94666409,2025,2025-04-28,9740,2025-04-25,2125,024263,,5,2,9,4000,0,3,5,,2,022,"KILER CANYON RD.","ARBOR RD.",1950.00,E,N,A,-,N,,,,,,,,,,Y,2,0,3,2,A,-,01,23152,A,N,A,C,A,A,H,-,D,D,0,,,,,Y,Y,A,01,2,0,1,0,0,0,0,0,0,"- ","- ",35.610118865966797,-120.71663665771484,"SAN LUIS OBISPO",UNINCORPORATED,-120.71694183349609,35.608787536621094
94672122,2025,2025-05-01,9740,2025-04-28,"820 ",024395,,1,1,9,4000,0,1,2,,2,004,"US-101 NORTHBOUND","MONTEREY RD.",0.00,,Y,A,-,Y,SLO,,101," "," ",59.912,H,,R,Y,2,0,2,2,A,-,09,21802,A,N,D,C,A,A,H,-,A,A,0,,,,,Y,,A,01,1,1,0,0,0,0,0,0,0,"- ","- ",35.667190551757812,-120.69603729248047,"SAN LUIS OBISPO",UNINCORPORATED,-120.69602203369141,35.667190551757812
94717964,2025,2025-06-09,9745,2025-05-28,1200,016816,,3,1,4,4006,0,1,2,,2,202,"US-101 SOUTHBOUND","LOS OSOS VALLEY ROAD",3168.00,S,N,B,-,Y,SLO,,101," ",R,25.281,H,,L,Y,2,0,1,2,A,-,08,22107,,N,B,C,A,A,H,-,A,D,0,,,,,Y,,A,01,1,0,0,0,0,0,0,0,0,"- ","- ",35.236080169677734,-120.68479156494141,"SAN LUIS OBISPO","SAN LUIS OBISPO",-120.68476867675781,35.236068725585938
94720343,2025,2025-06-10,9740,2025-06-04,1005,021275,,3,1,9,4000,0,1,3,,2,011,SR-46W,"MPM 7.00",200.00,E,N,A,-,Y,SLO,,46," ",R,7.006,H,,R,N,2,0,1,1,A,-,08,22107,,N,F,A,A,A,H,-,A,D,0,,Y,,,Y,,L,04,1,0,0,0,0,0,1,0,0,"- ","- ",35.548259735107422,-120.93321228027344,"SAN LUIS OBISPO",UNINCORPORATED,-120.93321228027344,35.548229217529297
94725079,2025,2025-06-13,9745,2025-06-13,"330 ",020773,,5,3,4,4006,0,1,2,,2,202,"US-101 NORTHBOUND","MADONNA RD",2640.00,S,N,A,-,Y,SLO,,101," "," ",26.992,H,,R,Y,2,0,1,1,A,-,08,22107,,N,E,I,A,A,H,-,C,D,0,,,,,Y,,A,01,1,0,0,0,0,0,0,0,0,"- ","- ",35.258739471435547,-120.67366790771484,"SAN LUIS OBISPO","SAN LUIS OBISPO",-120.67372131347656,35.258750915527344
94725208,2025,2025-06-13,9740,2025-06-04,1930,024398,,3,2,9,4000,0,3,5,,2,017,"EL POMAR DR.","VAQUERO RD.",2640.00,E,N,A,-,N,,,,,,,,,,Y,2,0,1,1,A,-,03,22350,,N,E,I,A,A,H,-,A,D,0,,,Y,,Y,,C,02,1,0,0,0,0,0,0,0,1,"- ","- ",35.556709289550781,-120.68058776855469,"SAN LUIS OBISPO",UNINCORPORATED,-120.680419921875,35.556739807128906
94727193,2025,2025-06-16,9745,2025-05-20,2210,023805,,2,3,9,4000,0,1,2,,2,505,"US-101 SOUTHBOUND","TEFFT ST",1800.00,S,N,A,-,Y,SLO,,101," "," ",4.497,H,,L,Y,2,0,1,3,A,-,08,22107,,N,B,2,A,A,H,-,D,D,0,,,,,Y,,D,22,1,0,0,0,0,0,0,0,0,"- ","- ",35.032981872558594,-120.48059844970703,"SAN LUIS OBISPO",UNINCORPORATED,-120.48059844970703,35.032981872558594
94737595,2025,2025-06-24,9745,2025-06-01,"110 ",022786,,7,3,2,4005,0,1,2,,2,404,"US-101 SOUTHBOUND","4TH STREET",1584.00,S,N,A,-,Y,SLO,,101," "," ",15.310,H,,L,Y,2,0,2,2,A,-,01,23152,A,F,C,2,A,A,H,-,C,D,0,,,,,Y,Y,A,01,1,1,0,0,0,0,0,0,0,"- ","- ",35.134159088134766,-120.61784362792969,"SAN LUIS OBISPO","PISMO BEACH",-120.61782836914062,35.134174346923828
94758076,2025,2025-07-11,9745,2025-06-28,1535,022565,,6,2,9,4000,0,3,5,,2,002,"H STREET","FRESNO AVE",130.00,S,N,A,-,N,,,,,,,,,,N,2,0,1,1,A,-,03,22350,,N,F,A,A,A,H,-,A,D,0,,,Y,,Y,,C,02,1,0,0,0,0,0,0,0,1,"- ","- ",35.448249816894531,-120.90007019042969,"SAN LUIS OBISPO",UNINCORPORATED,-120.89994812011719,35.448413848876953
9520711,2022,2023-07-10,4006,2022-04-17,1137,16380,,7,5,4,4006,0,0,0,,0,,"BROAD ST","INDUSTRIAL WY",26.00,S,N,A,-,N,,,,,,,,,,Y,1,1,1,2,A,-,01,23152,F,N,C,C,A,A,H,-,A,A,0,,,,,Y,,A,01,0,0,1,0,0,0,0,0,0,"- ","- ",,,"SAN LUIS OBISPO","SAN LUIS OBISPO",-120.64455413818359,35.251033782958984
9656004,2023,2024-01-04,4005,2023-11-13,1531,2624,PB6C,1,5,2,4005,0,0,0,,0,,"S DOLLIVER ST","FRADY LN",36.00,S,N,A,-,N,,,,,,,,,,N,2,0,1,1,A,-,03,22350,,N,E,I,A,A,H,-,A,D,0,,Y,,,Y,Y,L,04,1,0,0,0,0,0,1,0,0,"- ","- ",35.134101867675781,-120.63581085205078,"SAN LUIS OBISPO","PISMO BEACH",,
9722301,2024,2024-09-17,4003,2024-01-14,1840,L82040,4003,7,5,2,4003,0,0,0,,0,001,"MAIN ST","MAIN ST 585",0.00,,N,B,-,N,,,,,,,,,,N,2,0,1,2,A,-,08,22107,,F,E,J,E,A,H,-,C,D,0,Y,,,,Y,,-,99,1,0,0,0,1,0,0,0,0,"- ","- ",35.363639831542969,-120.85003662109375,"SAN LUIS OBISPO","MORRO BAY",-120.95339965820312,40.137760162353516
9784805,2025,2025-03-04,4005,2025-02-19,1252,2626,PBSC,3,5,2,4005,0,0,0,,0,,"DOLLIVER ST","SAN LUIS AV",0.00,,Y,A,-,N,,,,,,,,,,N,2,0,1,2,A,-,09,21801,A,N,H,G,A,A,H,-,A,D,0,,Y,,,Y,,D,22,1,0,0,0,0,0,1,0,0,"- ","- ",35.143650054931641,-120.64417266845703,"SAN LUIS OBISPO","PISMO BEACH",,
9786261,2024,2025-05-28,4003,2024-11-07,1807,B5698,2,4,5,2,4003,0,0,0,,0,001,"BEACH ST","MARKET AV",0.00,,Y,A,-,N,,,,,,,,,,Y,1,1,0,2,A,-,10,21950,A,N,G,B,B,A,H,-,A,D,0,Y,,,,Y,,A,07,0,0,0,1,0,0,0,0,0,"- ","- ",35.368740081787109,-120.86234283447266,"SAN LUIS OBISPO","MORRO BAY",-120.85234832763672,35.368759155273438
9818645,2025,2025-07-28,4005,2025-05-25,"550 ",2743,PB7D,7,5,2,4005,0,0,0,,0,,"FIVE CITIES DR","A ST",92.00,N,N,A,-,N,,,,,,,,,,Y,2,0,1,1,A,-,03,22350,,N,E,I,A,A,H,-,A,D,0,,,,,Y,,A,07,1,0,0,0,0,0,0,0,0,"- ","- ",35.130348205566406,-120.62564086914062,"SAN LUIS OBISPO","PISMO BEACH",,
6290016,2014,2014-02-20,4008,2014-02-04,1235,2030,,2,5,4,4008,0,0,0,,0,,"MORRO RD","CHOLARE RD",361.00,E,N,B,C,Y,SLO,5,41,-,-,10.950,H,-,S,Y,1,1,0,1,A,-,03,22350,,N,F,I,A,B,H,-,A,D,0,,,,,Y,,A,01,0,0,0,0,0,0,0,0,0,"- ","- ",35.458970000000001,-120.72457,"SAN LUIS OBISPO",ATASCADERO,-120.72229494,35.459420160000001
6290121,2014,2015-12-21,9740,2014-02-02,1433,11615,,7,2,9,4000,0,1,3,,1,015,"RT 1","SAN CARPOFORO CREEK",4224.00,N,N,B,C,Y,SLO,5,1,-,-,72.180,H,-,S,Y,1,1,0,1,A,-,08,22107,,N,F,A,A,B,H,-,A,D,0,,,,,Y,Y,M,47,0,0,0,0,0,0,0,0,0,"- ","- ",35.773119999999999,-121.32519000000001,"SAN LUIS OBISPO",UNINCORPORATED,-121.32516308,35.772826760000001
6290214,2014,2014-03-27,9745,2014-02-14,1220,12601,,5,1,9,4000,0,3,5,,2,003,"HIGUERA ST","CLOVER RIDGE LN",2112.00,N,N,A,-,N,,,,,,,,,,Y,1,1,0,1,A,-,08,22107,,N,E,I,A,A,H,-,A,D,0,,,,,Y,,A,01,0,0,0,0,0,0,0,0,0,"- ","- ",35.229410000000001,-120.69067,"SAN LUIS OBISPO",UNINCORPORATED,-120.69061351000001,35.230040959999997
6290363,2014,2014-05-14,4005,2014-03-18,1120,P086,5,2,5,2,4005,0,0,0,,0,,"FIVE CITIES DR",4TH,1300.00,N,-,A,-,N,,,,,,,,,,N,1,1,0,1,D,-,00,,,N,E,J,A,A,B,-,A,D,0,,Y,,,Y,,-,"- ",0,0,0,0,0,1,0,0,0,"- ","- ",,,"SAN LUIS OBISPO","PISMO BEACH",-120.62626545000001,35.136357539999999
6291561,2014,2015-12-30,9745,2014-10-01,1114,013206,9745,3,1,9,4000,0,2,4,,1,051,"LOS BERROS RD","AVIS ST",143.00,E,N,A,-,N,,,,,,,,,,N,1,1,0,2,A,-,"- ",,,F,C,G,A,A,H,-,A,D,0,,Y,,,Y,Y,A,01,0,0,0,0,0,1,0,0,0,"- ","- ",35.078069999999997,-120.53973000000001,"SAN LUIS OBISPO",UNINCORPORATED,-120.53966133999999,35.078083479999997
6291651,2014,2014-11-21,9740,2014-10-08,1035,011452,,3,1,9,4000,0,3,5,,2,016,"HUER HUERO RD","KATA RD",2640.00,S,N,A,-,N,,,,,,,,,,N,1,1,0,1,A,-,08,22107,,N,F,A,A,A,E,-,A,D,0,,,Y,,Y,Y,C,02,0,0,0,0,0,0,0,1,0,"- ","- ",35.41019,-120.46120000000001,"SAN LUIS OBISPO",UNINCORPORATED,-120.46117365000001,35.41020949
6291745,2014,2014-12-16,9745,2014-10-29,1840,15144,,3,2,9,4000,0,2,4,,1,025,"LOS OSOS VALLEY RD","TURRI RD",2640.00,E,N,A,-,N,,,,,,,,,,Y,1,1,0,2,A,-,09,21804,A,N,H,G,A,A,H,-,D,D,0,,Y,,,Y,,L,04,0,0,0,0,0,1,0,0,0,"- ","- ",35.297220000000003,-120.76730000000001,"SAN LUIS OBISPO",UNINCORPORATED,-120.76836306,35.297548429999999
6291749,2014,2014-12-18,9745,2014-10-31,1750,17146,,5,2,9,4000,0,1,2,,1,101,"RT 101","TASSAJARA CREEK RD",697.00,S,N,C,-,Y,SLO,5,101,-,-,36.670,H,-,N,Y,1,1,0,1,A,-,03,22350,,N,E,I,A,B,H,-,A,D,5,,,,,Y,,I,11,0,0,0,0,0,0,0,0,0,"- ","- ",35.368639999999999,-120.64100999999999,"SAN LUIS OBISPO",UNINCORPORATED,-120.64104580999999,35.36867067
6292602,2015,2015-09-11,9745,2015-07-26,1807,15734,,7,2,9,4000,0,1,2,,2,303,"RT 101","HIGUERA ST",2640.00,N,N,A,-,Y,SLO,5,101,-,R,24.840,H,-,N,Y,1,1,0,1,A,-,03,22350,,N,E,I,A,A,H,-,A,D,1,,,Y,,Y,,C,02,0,0,0,0,0,0,0,1,0,"- ","- ",35.231699999999996,-120.69009,"SAN LUIS OBISPO",UNINCORPORATED,-120.68998883,35.231822049999998
6316186,2014,2016-03-05,9740,2014-01-04,2345,015167,,6,3,9,4000,0,1,2,,2,001,"RT 101","SANTA ROSA RD",1320.00,N,N,A,-,Y,SLO,5,101,-,-,44.260,H,-,S,Y,2,0,2,1,A,-,01,23152,A,N,E,I,A,A,H,-,C,D,1,,,,,Y,Y,D,22,1,0,1,0,0,0,0,0,0,"- ","- ",35.469670000000001,-120.65428,"SAN LUIS OBISPO",UNINCORPORATED,-120.65384987,35.468952659999999