CASE_ID,ACCIDENT_YEAR,PROC_DATE,JURIS,COLLISION_DATE,COLLISION_TIME,OFFICER_ID,REPORTING_DISTRICT,DAY_OF_WEEK,CHP_SHIFT,POPULATION,CNTY_CITY_LOC,SPECIAL_COND,BEAT_TYPE,CHP_BEAT_TYPE,CITY_DIVISION_LAPD,CHP_BEAT_CLASS,BEAT_NUMBER,PRIMARY_RD,SECONDARY_RD,DISTANCE,DIRECTION,INTERSECTION,WEATHER_1,WEATHER_2,STATE_HWY_IND,CALTRANS_COUNTY,CALTRANS_DISTRICT,STATE_ROUTE,ROUTE_SUFFIX,POSTMILE_PREFIX,POSTMILE,LOCATION_TYPE,RAMP_INTERSECTION,SIDE_OF_HWY,TOW_AWAY,COLLISION_SEVERITY,NUMBER_KILLED,NUMBER_INJURED,PARTY_COUNT,PRIMARY_COLL_FACTOR,PCF_CODE_OF_VIOL,PCF_VIOL_CATEGORY,PCF_VIOLATION,PCF_VIOL_SUBSECTION,HIT_AND_RUN,TYPE_OF_COLLISION,MVIW,PED_ACTION,ROAD_SURFACE,ROAD_COND_1,ROAD_COND_2,LIGHTING,CONTROL_DEVICE,CHP_ROAD_TYPE,PEDESTRIAN_ACCIDENT,BICYCLE_ACCIDENT,MOTORCYCLE_ACCIDENT,TRUCK_ACCIDENT,NOT_PRIVATE_PROPERTY,ALCOHOL_INVOLVED,STWD_VEHTYPE_AT_FAULT,CHP_VEHTYPE_AT_FAULT,COUNT_SEVERE_INJ,COUNT_VISIBLE_INJ,COUNT_COMPLAINT_PAIN,COUNT_PED_KILLED,COUNT_PED_INJURED,COUNT_BICYCLIST_KILLED,COUNT_BICYCLIST_INJURED,COUNT_MC_KILLED,COUNT_MC_INJURED,PRIMARY_RAMP,SECONDARY_RAMP,LATITUDE,LONGITUDE,COUNTY,CITY,POINT_X,POINT_Y
6327837,2014,2015-08-10,9745,2014-01-10,2135,17144,,5,2,9,4000,0,3,5,,2,005,"ALAMO CREEK RD","RT 166",6864.00,N,N,A,-,N,,,,,,,,,,Y,2,0,2,1,A,-,01,23152,A,N,E,I,A,A,H,-,D,D,0,,,,,Y,Y,D,22,1,1,0,0,0,0,0,0,0,"- ","- ",35.030000000000001,-120.30459,"SAN LUIS OBISPO",UNINCORPORATED,-120.3046463,35.038434780000003
6390501,2014,2014-06-25,9745,2014-02-23,0135,17968,,7,3,9,4000,0,2,4,,1,048,"AVILA BEACH DR","SAN LUIS ST",730.00,E,N,A,-,N,,,,,,,,,,Y,2,0,1,1,A,-,01,23152,A,N,F,A,A,A,H,-,D,D,0,,,,,Y,Y,D,22,1,0,0,0,0,0,0,0,0,"- ","- ",35.179789999999997,-120.72429,"SAN LUIS OBISPO",UNINCORPORATED,-120.72509683,35.179832279999999
6432223,2014,2014-06-27,9745,2014-03-24,0320,017541,,1,3,9,4000,0,2,4,,1,051,"LOS BERROS RD","EL CAMPO RD",1000.00,W,N,A,-,N,,,,,,,,,,Y,2,0,1,1,A,-,01,23152,A,N,F,A,A,A,H,-,D,D,0,,,Y,,Y,Y,C,02,1,0,0,0,0,0,0,0,1,"- ","- ",35.085140000000003,-120.56449000000001,"SAN LUIS OBISPO",UNINCORPORATED,-120.56496357,35.095368610000001
6435918,2014,2016-04-09,9745,2014-04-03,1530,132123,,4,2,9,4000,0,1,3,,1,045,"DIVISION ST","RT 1",0.00,,Y,B,-,Y,SLO,5,1,-,-,0.940,I,5,N,Y,2,0,2,2,A,-,09,21802,A,N,D,C,A,A,H,-,A,A,0,,,,Y,Y,,G,25,1,1,0,0,0,0,0,0,0,"- ","- ",34.991019999999999,-120.57080000000001,"SAN LUIS OBISPO",UNINCORPORATED,-120.57055,34.99107068
6440328,2014,2014-06-23,9745,2014-03-25,1950,016089,,2,2,9,4000,0,3,5,,2,002,"11TH ST","PASO ROBLES ST",1.00,N,N,B,C,N,,,,,,,,,,Y,2,0,1,2,A,-,11,21954,A,N,G,B,D,B,H,-,D,A,0,Y,,,,Y,,N,60,1,0,0,0,1,0,0,0,0,"- ","- ",35.324489999999997,-120.83107,"SAN LUIS OBISPO",UNINCORPORATED,-120.68552664000001,35.625970180000003
6464663,2014,2016-04-07,9740,2014-04-14,1400,015644,,1,2,9,4000,0,1,2,,2,003,"RT 101","SPRING ST",1056.00,S,N,A,-,Y,SLO,5,101,-,-,54.630,H,-,N,Y,2,0,1,1,A,-,08,22107,,N,F,A,A,A,H,-,A,D,1,,,,,Y,,D,22,1,0,0,0,0,0,0,0,0,"- ","- ",35.604460000000003,-120.69204000000001,"SAN LUIS OBISPO",UNINCORPORATED,-120.69490125,35.596768009999998
6471792,2014,2014-07-22,4004,2014-04-13,2331,1208,3,7,5,3,4004,0,0,0,,0,035,AIRPORT,"ROLLIE GATES DR",1200.00,S,N,A,-,N,,,,,,,,,,Y,2,0,2,2,A,-,03,22350,,N,C,C,A,A,H,-,D,D,0,,,,,Y,Y,A,01,1,1,0,0,0,0,0,0,0,"- ","- ",,,"SAN LUIS OBISPO","PASO ROBLES",-120.64088552,35.6685941
6479900,2014,2016-04-09,9745,2014-04-25,1953,014508,,5,2,9,4000,0,1,3,,1,021,"RT 1","VIA CREEK RD",2640.00,N,N,C,-,Y,SLO,5,1,-,-,40.870,H,-,S,Y,2,0,1,1,A,-,03,22350,,N,F,A,A,B,H,-,D,D,0,,,Y,,Y,,C,02,1,0,0,0,0,0,0,0,1,"- ","- ",35.471330000000002,-120.98078,"SAN LUIS OBISPO",UNINCORPORATED,-120.9849597,35.473117760000001
6508899,2014,2016-04-09,9745,2014-05-21,1420,014996,,3,2,9,4000,0,1,3,,1,045,"RT 1","OSO FLACO LAKE RD",0.00,,Y,B,-,Y,SLO,5,1,-,-,2.330,I,5,N,Y,2,0,2,2,A,-,09,21802,A,N,D,C,A,A,H,-,A,A,0,,,,,Y,,A,07,1,0,1,0,0,0,0,0,0,"- ","- ",35.011049999999997,-120.56735999999999,"SAN LUIS OBISPO",UNINCORPORATED,-120.56758944000001,35.010786099999997
6517437,2014,2015-03-18,9740,2014-06-12,1413,15644,,4,2,9,4000,0,1,2,,2,004,"RT 101","MONTEREY RD",12.00,N,N,A,-,Y,SLO,5,101,-,-,59.920,H,-,N,Y,2,0,3,2,A,-,09,21802,A,N,D,C,A,A,H,-,A,A,5,,,,,Y,,D,22,2,1,0,0,0,0,0,0,0,"- ","- ",35.66733,-120.69609,"SAN LUIS OBISPO",UNINCORPORATED,-120.69600469,35.667305089999999
6518448,2014,2014-08-07,9745,2014-06-03,0850,012876,,2,1,9,4000,0,2,4,,1,024,"SOUTH BAY BL","YAMA LN",527.00,S,N,B,-,N,,,,,,,,,,Y,2,0,3,3,A,-,05,21460,A,N,B,C,A,A,H,-,A,D,0,,Y,,,Y,,A,01,1,1,1,0,0,0,1,0,0,"- ","- ",35.318980000000003,-120.82334,"SAN LUIS OBISPO",UNINCORPORATED,-120.82344205,35.319092769999997
6518751,2014,2016-04-09,9745,2014-05-30,1455,014996,,5,2,9,4000,0,1,3,,1,043,"RT 1","VALLEY RD",0.00,,Y,A,-,Y,SLO,5,1,-,-,10.380,I,5,N,Y,2,0,2,2,A,-,09,21802,A,F,F,A,A,A,H,-,A,A,0,,,Y,,Y,,A,01,1,1,0,0,0,0,0,0,2,"- ","- ",35.098889999999997,-120.58237,"SAN LUIS OBISPO",UNINCORPORATED,-120.58183820000001,35.098056069999998
6529928,2014,2014-08-08,9740,2014-06-19,1840,14947,,4,2,9,4000,0,3,5,,2,018,"CRESTON RD","NEAL SPRINGS RD",40.00,W,N,A,-,N,,,,,,,,,,Y,2,0,1,1,A,-,01,23152,E,N,E,I,A,A,H,-,A,D,0,,,,,Y,,D,22,1,0,0,0,0,0,0,0,0,"- ","- ",35.575499999999998,-120.61669999999999,"SAN LUIS OBISPO",UNINCORPORATED,-120.61663586,35.575555780000002
6538245,2014,2016-04-06,4004,2014-06-22,1145,1200,03,7,5,3,4004,0,0,0,,0,034,"RT 46",UNION,0.00,,Y,A,-,Y,SLO,5,46,-,-,38.610,I,5,E,Y,2,0,2,2,A,-,09,21800,A,N,D,C,A,A,H,-,A,D,0,,,Y,,Y,,A,01,1,1,0,0,0,0,0,0,2,"- ","- ",,,"SAN LUIS OBISPO","PASO ROBLES",-120.53399666,35.65538866
6538333,2014,2016-04-05,9750,2014-06-28,1232,014820,,6,1,9,4000,0,1,3,,1,063,"RT 166","SIERRA MADRE RD",36432.00,E,N,A,-,Y,SLO,5,166,-,-,41.410,H,-,W,Y,2,0,1,1,A,-,03,22350,,N,F,A,A,A,H,-,A,D,0,,,Y,,Y,,C,02,1,0,0,0,0,0,0,0,1,"- ","- ",35.066409999999998,-119.98305999999999,"SAN LUIS OBISPO",UNINCORPORATED,-120.03895103000001,35.091383299999997
6547155,2014,2014-08-13,9740,2014-06-28,1205,014460,,6,1,9,4000,0,2,4,,2,012,"NACIMIENTO LAKE DR","HERITAGE LOOP RD",1056.00,S,N,A,-,N,,,,,,,,,,N,2,0,1,1,A,-,03,22350,,N,F,A,A,A,H,-,A,D,0,,,Y,,Y,,C,02,1,0,0,0,0,0,0,0,1,"- ","- ",35.741950000000003,-120.87397,"SAN LUIS OBISPO",UNINCORPORATED,-120.87335634,35.741436329999999
6547670,2014,2016-05-09,9740,2014-07-08,0905,012113,,2,1,9,4000,0,1,3,,1,009,"RT 46","ANTELOPE RD",1629.00,E,N,A,-,Y,SLO,5,46,-,-,58.610,H,-,E,Y,2,0,4,3,A,-,06,21751,,N,A,C,A,A,H,-,A,D,0,,,,Y,Y,,A,01,4,0,0,0,0,0,0,0,0,"- ","- ",35.744399999999999,-120.22342,"SAN LUIS OBISPO",UNINCORPORATED,-120.22383188000001,35.744018269999998
6551772,2014,2016-07-11,4006,2014-04-10,1845,33665,,4,5,4,4006,0,0,0,,0,,FOOTHILL,"RT 1",15.00,E,N,A,-,Y,,,,,,,,,,N,2,0,1,2,A,-,08,22100,A,F,H,G,A,A,H,-,A,A,0,,Y,,,Y,,A,01,1,0,0,0,0,0,1,0,0,"- ","- ",,,"SAN LUIS OBISPO","SAN LUIS OBISPO",-120.66800974,35.294069999999998
6560254,2014,2016-05-09,9750,2014-07-05,1330,017379,,6,1,9,4000,0,1,3,,1,067,"RT 33","RT 166",50.00,S,N,A,-,Y,SLO,5,33,-,-,2.770,H,-,S,Y,2,0,2,1,A,-,08,22107,,N,E,I,A,A,H,-,A,D,0,,,,,Y,,A,01,1,0,1,0,0,0,0,0,0,"- ","- ",34.935940000000002,-119.51284,"SAN LUIS OBISPO",UNINCORPORATED,-119.50813476,34.936638440000003
6568934,2014,2016-05-03,9750,2014-07-12,0130,18009,,6,3,9,4000,0,1,3,,2,061,"RT 166","TEPUSQUET RD",10560.00,W,N,A,-,Y,SLO,5,166,-,-,22.100,H,-,W,Y,2,0,1,1,A,-,08,22107,,N,E,J,A,A,H,-,D,D,0,,,,,Y,,A,08,1,0,0,0,0,0,0,0,0,"- ","- ",35.029409999999999,-120.24714,"SAN LUIS OBISPO",UNINCORPORATED,-120.24041726,35.025822839999996
6571209,2014,2016-05-04,9745,2014-07-12,2134,015716,,6,2,3,4001,0,1,2,,2,402,"RT 101","GRAND AV",528.00,S,N,A,-,Y,SLO,5,101,-,-,13.070,H,-,N,Y,2,0,7,3,A,-,01,23152,A,N,A,C,A,A,H,-,C,D,1,,,,,Y,Y,A,01,1,4,2,0,0,0,0,0,0,"- ","- ",35.120750000000001,-120.58131,"SAN LUIS OBISPO","ARROYO GRANDE",-120.58194425000001,35.120962499999997
6572482,2014,2016-05-04,9740,2014-07-15,2130,013952,,2,2,9,4000,0,1,3,,2,010,"RT 41","RT 46",12672.00,N,N,A,-,Y,SLO,5,41,-,-,46.400,H,-,S,Y,2,0,1,1,A,-,08,22107,,N,F,A,A,A,H,-,D,D,0,,,,,Y,,A,01,1,0,0,0,0,0,0,0,0,"- ","- ",35.761380000000003,-120.25494,"SAN LUIS OBISPO",UNINCORPORATED,-120.2541698,35.762241750000001
6587913,2014,2014-09-03,9745,2014-07-28,1540,013212,,1,2,9,4000,0,1,A,,2,711,"CAMP SLO 88 MIKE TRUCK DRIVING COURSE","AMADOR AV",75.00,S,N,A,-,N,,,,,,,,,,N,2,0,1,2,B,-,22,,,N,G,B,F,A,H,-,A,D,0,Y,,,Y,Y,,F,27,1,0,0,0,1,0,0,0,0,"- ","- ",35.328229999999998,-120.73114,"SAN LUIS OBISPO",UNINCORPORATED,,
6605171,2014,2016-05-04,9745,2014-08-18,1754,016089,,1,2,9,4000,0,1,3,,1,011,"RT 41","IRONWOOD AV",2112.00,E,N,A,-,Y,SLO,5,41,-,-,0.780,H,-,S,Y,2,0,1,1,A,-,03,22350,,N,F,A,A,A,H,-,A,D,0,,,,,Y,,A,07,1,0,0,0,0,0,0,0,0,"- ","- ",35.386969999999998,-120.84323000000001,"SAN LUIS OBISPO",UNINCORPORATED,-120.84464798,35.386563700000004
6606161,2014,2015-12-29,4004,2014-05-16,0115,1208,02,5,5,3,4004,0,0,0,,0,026,"SPRING ST","3RD ST",95.00,N,N,A,-,N,,,,,,,,,,Y,1,1,0,3,A,-,01,23152,A,N,B,E,A,A,H,-,C,D,0,,,,,Y,Y,A,01,0,0,0,0,0,0,0,0,0,"- ","- ",,,"SAN LUIS OBISPO","PASO ROBLES",-120.69063414,35.617690199999998
6616035,2014,2014-09-25,9740,2014-08-20,2145,013246,,3,2,9,4000,0,3,5,,2,016,"GAVIOTA TRL","DEVORE RD",225.00,E,N,A,-,N,,,,,,,,,,Y,2,0,1,2,A,-,03,22350,,N,C,E,A,A,H,-,D,D,0,,,Y,,Y,,C,06,1,0,0,0,0,0,0,0,1,"- ","- ",35.29327,-119.97983000000001,"SAN LUIS OBISPO",UNINCORPORATED,-119.97966646,35.293223490000003
6629791,2014,2016-05-02,9745,2014-09-13,1515,013212,,6,2,9,4000,0,1,3,,1,041,"RT 1","FOWLER LN",190.00,N,N,A,-,Y,SLO,5,1,-,-,8.030,H,-,S,Y,2,0,2,1,A,-,03,22350,,N,F,A,A,A,H,-,A,D,0,,,Y,,Y,,C,02,2,0,0,0,0,0,0,0,2,"- ","- ",35.06823,-120.59397,"SAN LUIS OBISPO",UNINCORPORATED,-120.59387217,35.068304920000003
6629807,2014,2016-05-04,9745,2014-09-06,1257,015716,,6,1,9,4000,0,1,2,,2,505,"RT 101","EL CAMPO RD",0.00,,Y,A,-,Y,SLO,5,101,-,-,11.830,I,5,S,Y,2,0,5,2,A,-,01,23152,A,N,D,C,A,A,H,-,A,D,0,,,,,Y,Y,A,01,2,0,3,0,0,0,0,0,0,"- ","- ",35.111150000000002,-120.56356,"SAN LUIS OBISPO",UNINCORPORATED,-120.56365651,35.111178010000003
6657054,2014,2015-01-12,9745,2014-09-29,1815,017968,,1,2,9,4000,0,3,5,,2,005,"UPPER LOS BERROS RD","DANA FOOTHILL",8448.00,W,N,A,-,N,,,,,,,,,,Y,2,0,1,1,A,-,03,22350,,N,F,A,A,A,H,-,A,D,0,,,,,Y,,D,22,1,0,0,0,0,0,0,0,0,"- ","- ",35.100160000000002,-120.48822,"SAN LUIS OBISPO",UNINCORPORATED,-120.48908849,35.09966884
6660238,2014,2016-05-04,9740,2014-09-27,1625,015644,,6,2,9,4000,0,1,2,,2,004,"RT 101","EXLINE RD",1584.00,N,N,A,-,Y,SLO,5,101,-,-,61.280,H,-,N,Y,2,0,1,1,A,-,03,22350,,N,F,A,A,A,H,-,A,D,5,,,Y,,Y,,C,02,1,0,0,0,0,0,0,0,1,"- ","- ",,,"SAN LUIS OBISPO",UNINCORPORATED,-120.69669648,35.687087060000003
6678250,2014,2014-10-29,9740,2014-08-10,1255,13952,,7,1,9,4000,0,3,5,,2,017,"NEAL SPRINGS RD","CRESTON RD",48.00,S,N,A,-,N,,,,,,,,,,Y,1,1,0,1,A,-,08,22107,,N,E,I,A,A,H,-,A,D,0,,,Y,,Y,,C,02,0,0,0,0,0,0,0,1,0,"- ","- ",35.575429999999997,-120.61653,"SAN LUIS OBISPO",UNINCORPORATED,-120.61662252000001,35.575398239999998
6681509,2014,2014-12-26,9745,2014-10-08,0630,13531,,3,1,9,4000,0,2,4,,1,046,"PRICE CANYON RD","W ORMONDE RD",3696.00,E,N,B,-,N,,,,,,,,,,N,2,0,1,2,A,-,11,21954,A,N,G,B,D,A,H,-,D,D,0,Y,,,,Y,,N,60,1,0,0,0,1,0,0,0,0,"- ","- ",35.187660000000001,-120.61794,"SAN LUIS OBISPO",UNINCORPORATED,-120.61777837,35.187886990000003
6702170,2014,2014-12-10,9745,2014-10-30,0630,013206,9745,4,1,9,4000,0,2,4,,1,055,"TEFFT ST","MARY AV",0.00,,Y,A,-,N,,,,,,,,,,N,2,0,1,2,A,-,12,21453,A,N,F,A,A,A,H,-,C,A,0,,,Y,,Y,,A,07,1,0,0,0,0,0,0,0,1,"- ","- ",35.035739999999997,-120.48665,"SAN LUIS OBISPO",UNINCORPORATED,-120.48662993000001,35.035740070000003
6705035,2014,2014-11-25,9740,2014-10-27,0045,017283,,1,3,9,4000,0,1,3,,1,009,"RT 46","RT 41",10560.00,E,N,A,-,Y,,,46,,,,,,,Y,2,0,2,2,A,-,06,21751,,N,A,C,A,A,H,-,D,D,0,,,,Y,Y,,A,07,2,0,0,0,0,0,0,0,0,"- ","- ",35.741639999999997,-120.25044,"SAN LUIS OBISPO",UNINCORPORATED,-120.2504363,35.741614869999999
6705495,2014,2015-01-08,9740,2014-11-04,1531,014622,,2,2,9,4000,0,1,2,,2,002,"RT 101","DEL RIO RD",580.00,N,N,A,-,Y,,,,,,,,,,N,2,0,1,2,A,-,11,21954,A,N,G,B,D,A,H,-,A,D,0,Y,,,,Y,,N,60,1,0,0,0,1,0,0,0,0,"- ","- ",35.514600000000002,-120.70057,"SAN LUIS OBISPO",UNINCORPORATED,-120.70047669,35.514578520000001
6716419,2014,2015-01-06,4002,2014-10-12,1327,100,110,7,5,3,4002,0,0,0,,0,001,"N 4TH ST","ATLANTIC CITY AV",25.00,S,N,A,-,N,,,,,,,,,,Y,2,0,1,2,A,-,08,21460,5,N,D,C,A,A,H,-,A,D,0,,,Y,,Y,,C,02,1,0,0,0,0,0,0,0,1,"- ","- ",,,"SAN LUIS OBISPO","GROVER BEACH",-120.62600553999999,35.12759148
6737449,2014,2015-01-20,9745,2014-11-17,1620,13212,,1,2,2,4005,0,1,2,,2,404,"RT 101","SPYGLASS DR",3168.00,S,N,A,-,Y,,,101,,,,,,,N,2,0,1,2,A,-,03,22350,,N,F,A,A,A,H,-,A,D,0,,,Y,,Y,,C,02,1,0,0,0,0,0,0,0,1,"- ","- ",35.15981,-120.67686999999999,"SAN LUIS OBISPO","PISMO BEACH",-120.67689417,35.159747950000003
6738188,2014,2015-01-30,9740,2014-12-07,0104,14662,,7,3,9,4000,0,3,5,,2,017,"SOUTH EL POMAR RD","HOMESTEAD RD",3432.00,N,N,E,-,N,,,,,,,,,,Y,2,0,1,1,A,-,08,22107,,N,E,I,A,B,H,-,D,D,0,,,,,Y,,A,01,1,0,0,0,0,0,0,0,0,"- ","- ",35.528599999999997,-120.6315,"SAN LUIS OBISPO",UNINCORPORATED,-120.63214504,35.52821496
6738346,2014,2015-01-20,9745,2014-11-25,0950,014910,,2,1,9,4000,0,3,5,,2,002,"OCONNER WY","LAUREATE LN",2640.00,W,N,A,-,N,,,,,,,,,,Y,2,0,1,1,A,-,03,22350,,N,E,I,A,A,H,-,A,D,0,,,Y,,Y,,C,02,1,0,0,0,0,0,0,0,1,"- ","- ",35.285429999999998,-120.71111000000001,"SAN LUIS OBISPO",UNINCORPORATED,-120.71573158,35.291637620000003
6749262,2014,2016-06-18,4006,2014-11-13,1005,16380,,4,5,4,4006,0,0,0,,0,,FOOTHILL,"RT 1",115.00,W,N,C,-,Y,SLO,5,1,-,-,17.341,I,5,S,Y,2,0,1,2,A,-,09,21804,A,N,D,C,A,B,H,-,A,D,0,,,,,Y,,A,01,1,0,0,0,0,0,0,0,0,"- ","- ",,,"SAN LUIS OBISPO","SAN LUIS OBISPO",-120.66805949,35.29404572
6752091,2014,2015-01-27,4004,2014-11-22,1804,0430,01,6,5,3,4004,0,0,0,,0,011,SPRING,"32ND ST",12.00,N,N,B,-,N,,,,,,,,,,N,2,0,1,2,A,-,10,21950,A,N,G,B,B,A,H,-,C,D,0,Y,,,,Y,,D,22,1,0,0,0,1,0,0,0,0,"- ","- ",,,"SAN LUIS OBISPO","PASO ROBLES",-120.69314301999999,35.647562870000002
6783589,2015,2015-03-18,4006,2015-02-06,1936,27940,,5,5,4,4006,0,0,0,,0,,"HUASNA DR",MADONNA,250.00,S,N,A,-,N,,,,,,,,,,N,2,0,1,1,A,-,17,23116,A,N,H,A,A,A,H,-,C,D,0,,,,,Y,,D,22,1,0,0,0,0,0,0,0,0,"- ","- ",,,"SAN LUIS OBISPO","SAN LUIS OBISPO",-120.68750403999999,35.257062859999998
6806112,2015,2016-10-19,9740,2015-01-19,0105,13133,,1,3,3,4004,0,1,2,,2,002,"RT 101","MAIN ST",4224.00,N,N,A,-,Y,SLO,5,101,-,-,53.240,H,-,N,Y,2,0,1,1,A,-,08,22107,,N,E,I,A,A,H,-,D,D,1,,,,,Y,,A,07,1,0,0,0,0,0,0,0,0,"- ","- ",35.577109999999998,-120.69701999999999,"SAN LUIS OBISPO","PASO ROBLES",-120.6972609,35.57652478
6806747,2015,2015-03-10,4006,2015-01-10,2347,30105,,6,5,4,4006,0,0,0,,0,,CALIFORNIA,"SAN LUIS",66.00,N,N,C,-,N,,,,,,,,,,Y,2,0,1,1,A,-,01,23152,A,N,E,I,A,B,-,-,C,D,0,,,,,Y,Y,D,22,1,0,0,0,0,0,0,0,0,"- ","- ",,,"SAN LUIS OBISPO","SAN LUIS OBISPO",-120.65282553999999,35.284640410000002
6819254,2015,2016-09-08,9740,2015-02-07,1630,015644,,6,2,9,4000,0,1,3,,1,015,"RT 1","RAGGED POINT INN",5280.00,S,N,B,-,Y,SLO,5,1,-,-,71.690,H,-,S,Y,2,0,1,1,A,-,08,22107,,N,F,A,A,B,H,-,A,D,0,,,,,Y,,D,22,1,0,0,0,0,0,0,0,0,"- ","- ",35.769590000000001,-121.32170000000001,"SAN LUIS OBISPO",UNINCORPORATED,-121.32219811,35.768155180000001
6828963,2015,2015-03-16,4006,2015-02-04,0711,16380,,3,5,4,4006,0,0,0,,0,,"TANK FARM","SANTA FE AV",250.00,W,N,E,-,N,,,,,,,,,,Y,2,0,4,2,A,-,03,22350,,N,B,C,A,A,H,-,A,D,0,,,,,Y,,A,01,1,1,2,0,0,0,0,0,0,"- ","- ",,,"SAN LUIS OBISPO","SAN LUIS OBISPO",-120.64818656999999,35.246834610000001
6854243,2015,2017-04-25,9745,2015-02-16,2001,17541,,1,2,9,4000,0,1,2,,1,101,"RT 101","RESERVOIR CANYON RD",0.00,,Y,B,-,Y,SLO,5,101,-,-,31.150,I,5,N,Y,1,1,0,2,A,-,09,21802,A,N,D,C,A,A,H,-,D,A,5,,,Y,,Y,Y,D,22,0,0,0,0,0,0,0,1,0,"- ","- ",35.296289999999999,-120.63021000000001,"SAN LUIS OBISPO",UNINCORPORATED,-120.6302914,35.296375920000003
6854546,2015,2015-07-10,4008,2015-04-26,0448,3152,,7,5,4,4008,0,0,0,,0,,"SYCAMORE RD","RT 41",779.00,S,N,A,-,N,,,,,,,,,,Y,1,1,0,1,A,-,01,23152,A,N,E,I,A,A,H,-,D,D,0,,,Y,,Y,Y,C,02,0,0,0,0,0,0,0,1,0,"- ","- ",,,"SAN LUIS OBISPO",ATASCADERO,-120.65661833999999,35.498675849999998
6854659,2015,2017-04-04,9740,2015-05-04,2020,019259,,1,2,9,4000,0,3,5,,2,022,"WILLOW CREEK RD","PEACHY CANYON RD",3168.00,S,N,A,-,N,,,,,,,,,,Y,1,1,0,1,A,-,01,23152,A,N,E,I,A,A,H,-,D,D,0,,,,,Y,Y,A,01,0,0,0,0,0,0,0,0,0,"- ","- ",35.597760000000001,-120.80198,"SAN LUIS OBISPO",UNINCORPORATED,-120.81341,35.597540000000002
6854660,2015,2017-05-09,9745,2015-05-14,1803,017968,,4,2,2,4005,0,1,2,,2,404,"RT 101","SPYGLASS DR",5280.00,S,N,B,-,Y,SLO,5,101,-,-,18.340,H,-,S,Y,1,1,0,1,A,-,08,22107,,N,F,A,A,A,H,-,A,D,1,,,,,Y,,-,"- ",0,0,0,0,0,0,0,0,0,"- ","- ",35.157209999999999,-120.67045,"SAN LUIS OBISPO","PISMO BEACH",-120.66387623999999,35.154650340000003
6866778,2015,2015-05-20,9740,2015-03-21,2109,15644,,6,2,9,4000,0,1,3,,1,014,"RT 1","CAMBRIA DR",528.00,N,N,A,-,Y,SLO,5,1,-,-,50.230,H,-,S,Y,1,1,0,1,A,-,08,22107,,N,E,I,A,A,H,-,D,D,0,,,,,Y,,A,01,0,0,0,0,0,0,0,0,0,"- ","- ",35.565019999999997,-121.09811000000001,"SAN LUIS OBISPO",UNINCORPORATED,-121.09795911000001,35.564814259999999
6873911,2015,2016-10-03,9740,2015-03-30,1050,015167,,1,1,9,4000,0,1,3,,2,005,"RT 58","NAVAJO CREEK RD",11616.00,E,N,A,-,Y,SLO,5,58,-,R,32.130,H,-,W,Y,2,0,1,1,A,-,08,22107,,N,F,A,A,A,H,-,A,D,0,,,Y,,Y,,C,02,1,0,0,0,0,0,0,0,1,"- ","- ",35.402389999999997,-120.20125,"SAN LUIS OBISPO",UNINCORPORATED,-120.20418442,35.40160934
6894141,2015,2015-05-08,9740,2015-03-28,0645,013952,,6,1,9,4000,0,3,5,,2,022,"PEACHY CANYON RD","VINEYARD DR",1056.00,E,N,B,E,N,,,,,,,,,,Y,2,0,1,1,A,-,08,22107,,N,E,I,A,A,H,-,B,D,0,,,,,Y,,D,23,1,0,0,0,0,0,0,0,0,"- ","- ",35.595399999999998,-120.8181,"SAN LUIS OBISPO",UNINCORPORATED,-120.81850812,35.594667450000003
6905722,2015,2015-05-20,9745,2015-04-01,1230,13206,9745,3,1,2,4005,0,1,2,,2,404,"RT 101","SPYGLASS DR",1112.00,N,N,A,-,Y,SLO,5,101,-,R,20.010,H,-,N,Y,1,1,0,2,A,-,03,22350,,N,C,C,A,A,H,-,A,D,1,,,Y,,Y,,C,02,0,0,0,0,0,0,0,1,0,"- ","- ",35.166710000000002,-120.68957,"SAN LUIS OBISPO","PISMO BEACH",-120.68925445000001,35.166252419999999
6930740,2015,2015-06-27,9740,2015-05-06,1835,019259,,3,2,9,4000,0,3,5,,2,018,"UNION RD","KIT FOX LN",1056.00,W,N,A,-,N,,,,,,,,,,Y,2,0,1,2,A,-,00,21780,,N,B,C,A,A,H,-,A,D,0,,,Y,,Y,,C,02,1,0,0,0,0,0,0,0,1,"- ","- ",35.637500000000003,-120.63633,"SAN LUIS OBISPO",UNINCORPORATED,-120.63589772,35.637445630000002
6955768,2015,2015-07-10,4004,2015-06-07,0807,1260,04,7,5,3,4004,0,0,0,,0,043,CRESTON,"GOLDEN HILL",0.00,,Y,A,-,N,,,,,,,,,,N,2,0,1,2,A,-,10,21950,A,N,-,B,B,-,H,-,A,A,0,Y,,,,Y,,A,01,1,0,0,0,1,0,0,0,0,"- ","- ",,,"SAN LUIS OBISPO","PASO ROBLES",-120.65968995,35.622280029999999
6959347,2015,2015-06-30,4008,2015-05-21,0736,1085,,4,5,4,4008,0,0,0,,0,,"ARDILLA RD","SANTA LUCIA RD",0.00,,Y,A,-,N,,,,,,,,,,N,2,0,1,2,D,-,00,,,N,B,G,A,A,H,-,A,D,0,,Y,,,Y,,-,"- ",1,0,0,0,0,0,1,0,0,"- ","- ",,,"SAN LUIS OBISPO",ATASCADERO,-120.67061989,35.487850109999997
6966770,2015,2017-01-07,9740,2015-06-07,1647,016849,,7,2,9,4000,0,1,3,,1,009,"RT 46","RT 41",0.00,,Y,A,-,Y,SLO,5,41,-,-,43.888,R,4,S,Y,2,0,3,2,A,-,09,21801,A,N,D,C,A,A,H,-,A,A,0,,,,Y,Y,,A,01,1,0,2,0,0,0,0,0,0,"- ","- ",35.734499999999997,-120.28444,"SAN LUIS OBISPO",UNINCORPORATED,-120.28554438,35.73435637