CASE_ID,ACCIDENT_YEAR,PROC_DATE,JURIS,COLLISION_DATE,COLLISION_TIME,OFFICER_ID,REPORTING_DISTRICT,DAY_OF_WEEK,CHP_SHIFT,POPULATION,CNTY_CITY_LOC,SPECIAL_COND,BEAT_TYPE,CHP_BEAT_TYPE,CITY_DIVISION_LAPD,CHP_BEAT_CLASS,BEAT_NUMBER,PRIMARY_RD,SECONDARY_RD,DISTANCE,DIRECTION,INTERSECTION,WEATHER_1,WEATHER_2,STATE_HWY_IND,CALTRANS_COUNTY,CALTRANS_DISTRICT,STATE_ROUTE,ROUTE_SUFFIX,POSTMILE_PREFIX,POSTMILE,LOCATION_TYPE,RAMP_INTERSECTION,SIDE_OF_HWY,TOW_AWAY,COLLISION_SEVERITY,NUMBER_KILLED,NUMBER_INJURED,PARTY_COUNT,PRIMARY_COLL_FACTOR,PCF_CODE_OF_VIOL,PCF_VIOL_CATEGORY,PCF_VIOLATION,PCF_VIOL_SUBSECTION,HIT_AND_RUN,TYPE_OF_COLLISION,MVIW,PED_ACTION,ROAD_SURFACE,ROAD_COND_1,ROAD_COND_2,LIGHTING,CONTROL_DEVICE,CHP_ROAD_TYPE,PEDESTRIAN_ACCIDENT,BICYCLE_ACCIDENT,MOTORCYCLE_ACCIDENT,TRUCK_ACCIDENT,NOT_PRIVATE_PROPERTY,ALCOHOL_INVOLVED,STWD_VEHTYPE_AT_FAULT,CHP_VEHTYPE_AT_FAULT,COUNT_SEVERE_INJ,COUNT_VISIBLE_INJ,COUNT_COMPLAINT_PAIN,COUNT_PED_KILLED,COUNT_PED_INJURED,COUNT_BICYCLIST_KILLED,COUNT_BICYCLIST_INJURED,COUNT_MC_KILLED,COUNT_MC_INJURED,PRIMARY_RAMP,SECONDARY_RAMP,LATITUDE,LONGITUDE,COUNTY,CITY,POINT_X,POINT_Y
6969038,2015,2015-07-02,9740,2015-06-12,0112,16089,,5,3,9,4000,0,3,5,,2,017,"ROCKY CANYON RD","ADOBE CYN RD",2112.00,S,N,A,-,N,,,,,,,,,,Y,2,0,1,1,A,-,01,23152,E,N,E,I,A,A,H,-,D,A,0,,,Y,,Y,,C,02,1,0,0,0,0,0,0,0,1,"- ","- ",35.480840000000001,-120.62994999999999,"SAN LUIS OBISPO",UNINCORPORATED,-120.63028418,35.481250199999998
6974463,2015,2015-07-08,4006,2015-06-19,1804,80908,,5,5,4,4006,0,0,0,,0,,HIGUERA,BROAD,40.00,W,N,A,-,N,,,,,,,,,,Y,2,0,1,2,A,-,01,23152,A,N,A,B,D,A,H,-,A,A,0,Y,,,,Y,Y,A,01,1,0,0,0,1,0,0,0,0,"- ","- ",,,"SAN LUIS OBISPO","SAN LUIS OBISPO",-120.66460585,35.278842640000001
6981151,2015,2016-09-29,9745,2015-06-24,2140,18728,,3,2,2,4003,0,1,3,,2,022,"RT 1","MAIN ST",188.00,S,N,A,-,Y,SLO,5,1,-,-,29.580,H,-,N,Y,2,0,1,1,A,-,01,23152,F,N,E,I,A,A,H,-,D,D,1,,,,,Y,Y,D,22,1,0,0,0,0,0,0,0,0,"- ","- ",35.373220000000003,-120.85082,"SAN LUIS OBISPO","MORRO BAY",-120.85079197,35.373264159999998
6984298,2015,2017-01-14,9750,2015-07-03,2120,17616,,5,2,9,4000,0,1,3,,1,064,"RT 166","COTTONWOOD CYN RD",5280.00,W,N,A,-,Y,SLO,5,166,-,-,50.430,H,-,W,Y,2,0,1,1,A,-,08,22107,,N,E,I,A,A,H,-,D,D,0,,,,,Y,,A,01,1,0,0,0,0,0,0,0,0,"- ","- ",35.057139999999997,-119.91982,"SAN LUIS OBISPO",UNINCORPORATED,-119.89724158999999,35.045073449999997
7006106,2015,2015-08-31,9740,2015-07-14,1555,11615,,2,2,9,4000,0,1,3,,2,011,"RT 46","OLD CREEK RD",17582.00,W,N,A,-,Y,SLO,5,46,-,R,17.520,H,-,W,Y,1,2,1,1,A,-,08,22107,,N,F,A,A,A,H,-,A,D,0,,,,,Y,,D,22,1,0,0,0,0,0,0,0,0,"- ","- ",35.546239999999997,-120.91445,"SAN LUIS OBISPO",UNINCORPORATED,-120.75992872,35.554213679999997
7020462,2015,2015-08-21,9745,2015-07-20,1740,016514,,1,2,9,4000,0,3,5,,2,005,"CAMINO CABALLO","RED GUM LN",147.00,W,N,A,-,N,,,,,,,,,,N,2,0,1,1,A,-,08,22107,,N,F,A,A,A,H,-,A,D,0,,Y,,,Y,,L,04,1,0,0,0,0,0,1,0,0,"- ","- ",35.034970000000001,-120.51821,"SAN LUIS OBISPO",UNINCORPORATED,-120.5107009,35.035031869999997
7024154,2015,2015-09-10,4008,2015-07-15,0020,4044,,3,5,4,4008,0,0,0,,0,,"ARDILLA RD","PORTAL RD",0.00,,Y,A,-,N,,,,,,,,,,Y,2,0,2,1,A,-,01,23152,A,N,E,I,A,A,H,-,D,D,0,,,,,Y,Y,A,01,1,1,0,0,0,0,0,0,0,"- ","- ",,,"SAN LUIS OBISPO",ATASCADERO,-120.68784994000001,35.490590079999997
7035596,2015,2015-08-26,9740,2015-07-24,1905,018323,,5,2,9,4000,0,3,5,,2,019,"NORTH RIVER RD","WELLSONA RD",6336.00,S,N,A,-,N,,,,,,,,,,Y,2,0,2,2,A,-,01,23152,A,F,B,C,A,A,H,-,A,D,0,,,Y,,Y,Y,A,01,2,0,0,0,0,0,0,0,2,"- ","- ",35.679960000000001,-120.68626999999999,"SAN LUIS OBISPO",UNINCORPORATED,-120.68095,35.69585
7066664,2015,2017-01-14,4008,2015-08-27,1810,3013,,4,5,4,4008,0,0,0,,0,,"MORRO RD","OLD MORRO RD E",360.00,E,N,A,-,Y,SLO,5,41,-,-,12.660,H,-,N,Y,2,0,1,1,A,-,03,22350,,N,F,-,A,A,H,-,A,D,0,,,Y,,Y,,C,02,1,0,0,0,0,0,0,0,1,"- ","- ",,,"SAN LUIS OBISPO",ATASCADERO,-120.69645532,35.4510328
7071902,2015,2017-01-12,4004,2015-08-22,0610,1197,03,6,5,3,4004,0,0,0,,0,034,"RT 46","GOLDEN HILL",0.00,,Y,B,-,Y,SLO,5,46,-,-,31.310,I,5,W,Y,2,0,2,2,A,-,03,22350,,N,C,C,A,A,H,-,B,A,0,,,,Y,Y,,D,22,2,0,0,0,0,0,0,0,0,"- ","- ",,,"SAN LUIS OBISPO","PASO ROBLES",-120.65808991999999,35.644628570000002
7102963,2015,2015-10-29,4006,2015-10-01,0609,64920,,4,5,4,4006,0,0,0,,0,,MONTEREY,GRAND,0.00,,Y,A,-,N,,,,,,,,,,N,2,0,1,2,A,-,17,21208,A,N,A,G,A,A,H,-,C,A,0,,Y,,,Y,,L,04,1,0,0,0,0,0,1,0,0,"- ","- ",,,"SAN LUIS OBISPO","SAN LUIS OBISPO",-120.65169987,35.288580090000004
7144090,2015,2016-01-04,4001,2015-11-02,1428,P0106,461,1,5,3,4001,0,0,0,,0,OPERAT,"E BRANCH ST","GARDEN ST",11.00,E,N,C,-,N,,,,,,,,,,N,2,0,1,2,A,-,17,21209,,N,D,G,A,B,H,-,A,D,0,,Y,,,Y,,A,01,1,0,0,0,0,0,1,0,0,"- ","- ",,,"SAN LUIS OBISPO","ARROYO GRANDE",-120.57212402,35.12545626
7188135,2015,2016-02-19,4008,2015-12-31,0315,3125,,4,5,4,4008,0,0,0,,0,,"ATASCADERO MALL","ARDILLA RD",0.00,,Y,C,-,N,,,,,,,,,,N,2,0,1,1,A,-,00,23103,A,F,E,I,A,B,H,-,C,D,0,,,,,Y,Y,A,07,1,0,0,0,0,0,0,0,0,"- ","- ",35.48706,-120.66905,"SAN LUIS OBISPO",ATASCADERO,-120.66918995,35.487090090000002
7190563,2016,2018-09-26,4002,2016-08-27,2156,368,102,6,5,3,4002,0,0,0,,0,002,"S 7TH ST","W GRAND AV",0.00,,Y,A,-,N,,,,,,,,,,N,1,1,1,3,A,-,10,21950,A,F,G,B,B,A,H,-,C,A,0,Y,,,,Y,Y,A,01,1,0,0,1,1,0,0,0,0,"- ","- ",,,"SAN LUIS OBISPO","GROVER BEACH",-120.62271996,35.121610089999997
7200089,2017,2019-04-08,4004,2017-04-02,0833,0928,03,7,5,3,4004,0,0,0,,0,033,"RT 46","BUENA VISTA",0.00,,Y,A,-,Y,SLO,5,46,-,-,30.513,I,5,W,Y,1,2,3,2,A,-,12,21453,A,N,D,C,A,A,H,-,A,A,0,,,,,Y,,A,07,0,2,1,0,0,0,0,0,0,"- ","- ",,,"SAN LUIS OBISPO","PASO ROBLES",-120.67176738000001,35.64462923
8053724,2016,2017-02-14,4006,2016-05-20,1318,80908,,5,5,4,4006,0,0,0,,0,,"SANTA ROSA",FOOTHILL,0.00,,Y,A,-,Y,SLO,5,1,-,-,17.360,H,-,S,N,2,0,1,2,A,-,03,22350,,N,C,C,A,A,H,-,A,A,0,,,Y,,Y,,C,03,1,0,0,0,0,0,0,0,1,"- ","- ",,,"SAN LUIS OBISPO","SAN LUIS OBISPO",-120.6681966,35.294274090000002
8074217,2016,2016-08-10,4006,2016-07-20,1316,69585,,3,5,4,4006,0,0,0,,0,,BROOKPINE,IRONBARK,4.00,N,N,A,-,N,,,,,,,,,,N,2,0,1,2,A,-,10,21950,A,N,G,B,B,A,H,-,A,A,0,Y,,,,Y,,A,01,1,0,0,0,1,0,0,0,0,"- ","- ",,,"SAN LUIS OBISPO","SAN LUIS OBISPO",-120.63081849,35.248920920000003
8116291,2017,2017-04-12,4005,2017-02-22,1809,P103,2,3,5,2,4005,0,0,0,,0,,"N SILVER SHOALS DR","SHELL BEACH RD",0.00,,Y,A,-,N,,,,,,,,,,N,2,0,1,2,A,-,06,21755,,N,D,C,A,A,H,-,B,A,0,,,Y,,Y,,C,03,1,0,0,0,0,0,0,0,1,"- ","- ",,,"SAN LUIS OBISPO","PISMO BEACH",-120.69244987,35.168780050000002
8118144,2016,2016-09-12,4006,2016-08-23,1534,69585,,2,5,4,4006,0,0,0,,0,,HIGUERA,HIGH,14.00,S,N,A,-,N,,,,,,,,,,Y,2,0,1,2,A,-,03,22350,,N,C,C,A,A,H,-,A,A,0,,,Y,,Y,,A,08,1,0,0,0,0,0,0,0,1,"- ","- ",35.161949999999997,-120.40112000000001,"SAN LUIS OBISPO","SAN LUIS OBISPO",-120.66980744999999,35.272162029999997
8129037,2016,2016-09-26,4006,2016-09-01,1256,69585,,4,5,4,4006,0,0,0,,0,160901,"TORO CREEK RD",WALNUT,110.00,S,N,A,-,N,,,,,,,,,,N,2,0,1,2,A,-,03,22350,,N,C,E,A,A,H,-,A,D,0,,Y,,,Y,,L,04,1,0,0,0,0,0,1,0,0,"- ","- ",35.171120000000002,-120.39403,"SAN LUIS OBISPO","SAN LUIS OBISPO",-120.66128612,35.286471519999999
8145413,2016,2016-12-01,4006,2016-09-16,2102,59980,,5,5,4,4006,0,0,0,,0,,HIGUERA,HIGH,0.00,,Y,A,-,N,,,,,,,,,,Y,2,0,1,2,A,-,09,21801,A,N,A,C,A,A,H,-,C,A,0,,,,,Y,,A,01,1,0,0,0,0,0,0,0,0,"- ","- ",35.163290000000003,-120.40188999999999,"SAN LUIS OBISPO","SAN LUIS OBISPO",-120.66979994,35.272200069999997
81600905,2021,2021-10-20,4004,2021-07-03,0142,1349,,6,5,3,4004,0,0,0,,0,,"MEADOWLARK RD","DEER SPRINGS DR",253.00,W,N,A,-,N,,,,,,,,,,N,1,1,0,2,A,-,11,21956,A,F,G,B,E,A,H,-,D,D,0,Y,,,,Y,Y,N,60,0,0,0,1,0,0,0,0,0,"- ","- ",35.601081848144531,-120.64689636230469,"SAN LUIS OBISPO","PASO ROBLES",-120.64774322509766,35.601108551025391
8165394,2016,2016-11-10,4006,2016-10-27,1625,69585,,4,5,4,4006,0,0,0,,0,,ROCKVIEW,SWEENEY,0.00,,Y,C,-,N,,,,,,,,,,N,2,0,1,2,A,-,12,22450,A,N,D,G,A,B,H,-,A,A,0,,Y,,,Y,,L,04,1,0,0,0,0,0,1,0,0,"- ","- ",35.154209999999999,-120.39089,"SAN LUIS OBISPO","SAN LUIS OBISPO",-120.65247989,35.261640010000001
81659425,2021,2021-12-23,4004,2021-10-23,0640,1305,,6,5,3,4004,0,0,0,,0,"PASO R","RT 101 NB ONRAMP","RT 46W",0.00,,Y,E,-,Y,,,101,,,,,,N,N,2,0,1,2,A,-,11,21954,A,N,G,B,D,A,H,-,C,A,0,Y,,,,Y,,N,60,1,0,0,0,1,0,0,0,0,"- ","- ",35.589260101318359,-120.6949462890625,"SAN LUIS OBISPO","PASO ROBLES",-120.69544982910156,35.589351654052734
8171178,2016,2017-01-09,4006,2016-10-19,1023,14848,,3,5,4,4006,0,0,0,,0,,MARSH,CHORRO,16.00,E,N,A,-,N,,,,,,,,,,N,2,0,1,2,A,-,10,21950,A,N,G,B,B,A,H,-,A,A,0,Y,,,,Y,,A,01,1,0,0,0,1,0,0,0,0,"- ","- ",35.2791,-120.6621,"SAN LUIS OBISPO","SAN LUIS OBISPO",-120.66214692,35.279126140000002
8177707,2016,2016-12-05,4006,2016-11-04,2327,33665,,5,5,4,4006,0,0,0,,0,,CHAPLIN,"S LONGVIEW",194.00,S,N,A,-,N,,,,,,,,,,N,2,0,1,2,A,-,01,21200,5,N,C,E,A,A,H,-,D,D,0,,Y,,,Y,,L,04,1,0,0,0,0,0,1,0,0,"- ","- ",35.176720000000003,-120.39444,"SAN LUIS OBISPO","SAN LUIS OBISPO",-120.6574859,35.294562939999999
81850299,2022,2022-08-26,4006,2022-08-07,1005,99297,,7,5,4,4006,0,0,0,,0,,"LOS OSOS VALLEY RD","DESCANSO ST",0.00,,Y,A,-,N,,,,,,,,,,Y,2,0,1,2,A,-,09,21801,A,N,D,C,A,A,H,-,A,A,0,,,Y,,Y,,A,07,1,0,0,0,0,0,0,0,1,"- ","- ",35.264858245849609,-120.69999694824219,"SAN LUIS OBISPO","SAN LUIS OBISPO",-120.70000457763672,35.264896392822266
81856857,2022,2022-09-05,4006,2022-08-23,0206,98169,,2,5,4,4006,0,0,0,,0,,"MONTEREY ST","CHORRO ST",0.00,,Y,A,-,N,,,,,,,,,,Y,2,0,1,1,A,-,03,22350,,N,E,I,A,A,H,-,C,A,0,,,,,Y,Y,A,01,1,0,0,0,0,0,0,0,0,"- ","- ",35.280590057373047,-120.66358184814453,"SAN LUIS OBISPO","SAN LUIS OBISPO",-120.66350555419922,35.280548095703125
81859449,2022,2022-09-08,4004,2022-07-24,1233,1401,-----,7,5,3,4004,0,0,0,,0,------,"SHERWOOD RD","CRESTON RD",211.00,E,N,A,-,N,,,,,,,,,,Y,1,1,0,2,A,-,07,21658,A,N,B,G,A,A,H,-,A,A,0,,Y,,,Y,,L,04,0,0,0,0,0,1,0,0,0,"- ","- ",35.615760803222656,-120.65910339355469,"SAN LUIS OBISPO","PASO ROBLES",-120.65840911865234,35.615749359130859
81903594,2022,2022-10-28,4006,2022-10-11,1500,89870,,2,5,4,4006,0,0,0,,0,,"ORCUTT RD","MCMILLAN AVE",0.00,,Y,A,-,N,,,,,,,,,,N,2,0,1,2,A,-,05,21650,1,N,D,G,A,A,H,-,A,A,0,,Y,,,Y,,L,04,1,0,0,0,0,0,1,0,0,"- ","- ",35.261520385742188,-120.64810180664062,"SAN LUIS OBISPO","SAN LUIS OBISPO",-120.64813995361328,35.261333465576172
81926956,2022,2022-11-28,4008,2022-10-08,1136,2054,C,6,5,4,4008,0,0,0,,0,,"MORRO RD","OLD MORRO RD EAST (W)",135.00,W,N,A,-,Y,SLO,,41,,,13.720,H,,R,Y,1,1,2,3,D,-,00,,,N,A,C,A,A,H,-,A,D,0,,,,,Y,,-,"- ",1,1,0,0,0,0,0,0,0,"- ","- ",35.459300994873047,-120.68189239501953,"SAN LUIS OBISPO",ATASCADERO,-120.68190765380859,35.459274291992188
81947680,2022,2022-12-21,4006,2022-12-06,1805,89870,,2,5,4,4006,0,0,0,,0,,"LOS OSOS VALLEY RD","MADONNA RD",20.00,W,N,B,C,N,,,,,,,,,,N,2,0,1,2,A,-,05,21650,1,F,D,G,A,B,H,-,C,A,0,,Y,,,Y,,L,04,1,0,0,0,0,0,1,0,0,"- ","- ",35.256698608398438,-120.69069671630859,"SAN LUIS OBISPO","SAN LUIS OBISPO",-120.69081115722656,35.256675720214844
8197991,2016,2017-03-04,4005,2016-12-22,0740,P097,3,4,5,2,4005,0,0,0,,0,,DOLLIVER,STIMSON,0.00,,Y,A,-,Y,SLO,5,1,-,-,15.450,I,5,S,Y,2,0,1,2,A,-,01,23152,,N,G,B,E,A,H,-,A,A,0,Y,,,,Y,Y,A,01,1,0,0,0,1,0,0,0,0,"- ","- ",,,"SAN LUIS OBISPO","PISMO BEACH",-120.63982038,35.139224929999997
81998056,2023,2023-02-20,4008,2023-02-05,1612,2113,,7,5,4,4008,0,0,0,,0,,"SANTA ROSA RD","SANTA ROSA SB ONRAMP",0.00,,Y,A,-,N,,,,,,,,,,Y,2,0,1,2,A,-,09,21801,B,N,D,C,A,A,H,-,A,A,0,,,Y,,Y,,A,07,1,0,0,0,0,0,0,0,1,"- ","- ",35.465641021728516,-120.65194702148438,"SAN LUIS OBISPO",ATASCADERO,-120.66656494140625,35.290153503417969
82048164,2023,2023-04-19,4006,2023-03-18,"200 ",89870,,6,5,4,4006,0,0,0,,0,,"ISLAY ST","GARDEN ST",8.00,W,N,F,-,N,,,,,,,,,,N,2,0,1,2,A,-,11,21950,B,F,G,B,B,A,H,-,C,D,0,Y,,,,Y,Y,N,60,1,0,0,0,1,0,0,0,0,"- ","- ",35.275478363037109,-120.66024780273438,"SAN LUIS OBISPO","SAN LUIS OBISPO",-120.66017150878906,35.275627136230469
82096097,2023,2023-06-19,4008,2023-05-21,1650,2133,,7,5,4,4008,0,0,0,,0,,"SAN MARCOS RD","ESCONDIDO RD",531.00,E,N,A,-,N,,,,,,,,,,N,2,0,1,1,C,-,18,,,N,F,A,A,A,H,-,A,D,0,,Y,,,Y,,-,"- ",1,0,0,0,0,0,1,0,0,"- ","- ",35.468318939208984,-120.69873809814453,"SAN LUIS OBISPO",ATASCADERO,-120.69698333740234,35.468841552734375
82096561,2023,2023-06-19,4001,2023-06-06,1952,P0131,,2,5,3,4001,0,0,0,,0,,"CHERRY AVE","TRAFFIC WAY",647.00,E,N,B,-,N,,,,,,,,,,N,2,0,1,1,A,-,08,22107,,N,E,I,A,B,H,-,A,A,0,,Y,,,Y,Y,L,04,1,0,0,0,0,0,1,0,0,"- ","- ",35.1185302734375,-120.57530212402344,"SAN LUIS OBISPO","ARROYO GRANDE",-120.57543182373047,35.118511199951172
82132618,2023,2023-08-01,4006,2023-07-20,"810 ",100043,,4,5,4,4006,0,0,0,,0,,"LOS OSOS VALLEY RD","LAGUNA LN",497.00,E,N,A,-,N,,,,,,,,,,N,2,0,1,1,A,-,03,22350,,N,E,J,A,A,C,-,A,D,0,,,Y,,Y,,C,03,1,0,0,0,0,0,0,0,1,"- ","- ",35.261878967285156,-120.69664764404297,"SAN LUIS OBISPO","SAN LUIS OBISPO",-120.69539642333984,35.260993957519531
82166155,2023,2023-09-11,4008,2023-08-19,1149,2133,C,6,5,4,4008,0,0,0,,0,,"ATASCADERO AVE","MARCHANT AVE",0.00,,Y,A,-,N,,,,,,,,,,Y,2,0,1,2,A,-,09,21802,A,N,D,C,A,A,H,-,A,A,0,,,Y,,Y,,A,01,1,0,0,0,0,0,0,0,0,"- ","- ",35.470508575439453,-120.66365814208984,"SAN LUIS OBISPO",ATASCADERO,-120.66377258300781,35.471950531005859
82246015,2023,2023-11-29,4004,2023-09-09,"713 ",1381,-----,6,5,3,4004,0,0,0,,0,------,"1ST ST","OAK ST",0.00,,Y,A,-,N,,,,,,,,,,Y,2,0,1,2,A,-,03,22350,,N,G,B,B,A,H,-,A,A,0,Y,,,,Y,,D,22,1,0,0,0,1,0,0,0,0,"- ","- ",35.615070343017578,-120.69199371337891,"SAN LUIS OBISPO","PASO ROBLES",-120.69172668457031,35.615322113037109
82262704,2023,2023-12-15,4004,2023-11-24,1455,1427,,5,5,3,4004,0,0,0,,0,,"RT 46W","THEATRE DR",0.00,,Y,A,-,Y,SLO,,46," ",R,21.747,H,,R,N,2,0,1,1,C,-,18,,,N,E,I,A,B,H,-,A,A,0,,,,,Y,,-,"- ",1,0,0,0,0,0,0,0,0,"- ","- ",35.588970184326172,-120.69963073730469,"SAN LUIS OBISPO","PASO ROBLES",-120.69964599609375,35.588996887207031
82310696,2024,2024-02-12,4006,2024-01-25,2113,101154,,4,5,4,4006,0,0,0,,0,,"SANTA BARBARA ST","HIGH ST",0.00,,Y,A,-,N,,,,,,,,,,N,2,0,2,3,A,-,01,23153,A,N,D,C,A,A,H,-,C,D,0,,,,,Y,Y,A,01,1,1,0,0,0,0,0,0,0,"- ","- ",35.272270202636719,-120.65606689453125,"SAN LUIS OBISPO","SAN LUIS OBISPO",-120.65618896484375,35.272232055664062
82342434,2024,2024-03-20,4004,2024-01-25,1823,1587,,4,5,3,4004,0,0,0,,0,,"32ND ST","OAK ST",0.00,N,Y,B,-,N,,,,,,,,,,N,2,0,1,2,A,-,08,22107,,F,D,G,A,A,H,-,B,D,0,,Y,,,Y,,D,22,1,0,0,0,0,0,1,0,0,"- ","- ",35.647480010986328,-120.69447326660156,"SAN LUIS OBISPO","PASO ROBLES",-120.69438934326172,35.647441864013672
82347948,2024,2024-03-27,4008,2024-03-09,1722,2113,,6,5,4,4008,0,0,0,,0,,"EL CAMINO REAL","PUEBLO AVE",743.00,N,N,A,-,N,,,,,,,,,,N,2,0,1,2,A,-,09,21801,A,N,D,G,A,A,H,-,A,D,0,,Y,,,Y,,A,07,1,0,0,0,0,0,1,0,0,"- ","- ",35.4805908203125,-120.65827941894531,"SAN LUIS OBISPO",ATASCADERO,-120.65946960449219,35.482212066650391
82376829,2024,2024-05-01,4008,2024-03-01,2025,2115,,5,5,4,4008,0,0,0,,0,,"EL CAMINO REAL","SAN GABRIEL ST",132.00,N,N,-,-,N,,,,,,,,,,Y,1,1,0,2,A,-,10,21954,B,N,G,B,D,B,H,-,C,D,0,Y,,,,Y,,-,"- ",0,0,0,1,0,0,0,0,0,"- ","- ",35.461711883544922,-120.64672088623047,"SAN LUIS OBISPO",ATASCADERO,-120.64675140380859,35.463829040527344
82417942,2024,2024-06-19,4004,2024-05-26,1623,1381,,7,5,3,4004,0,0,0,,0,,"CHAROLAIS RD","ST ANDREWS CIR",379.00,W,N,A,-,N,,,,,,,,,,Y,1,1,0,1,A,-,03,22350,,N,E,I,A,A,H,-,A,D,0,,,Y,,Y,,C,03,0,0,0,0,0,0,0,1,0,"- ","- ",35.60205078125,-120.66993713378906,"SAN LUIS OBISPO","PASO ROBLES",-120.67050170898438,35.60296630859375
82438281,2024,2024-07-15,4006,2024-06-24,"622 ",108239,,1,5,4,4006,0,0,0,,0,,"ORCUTT RD","SACRAMENTO DR",0.00,,Y,A,-,N,,,,,,,,,,Y,2,0,2,2,A,-,00,23123,A,N,C,C,A,A,H,-,A,A,0,,,,,Y,,A,01,1,1,0,0,0,0,0,0,0,"- ","- ",35.261558532714844,-120.64617156982422,"SAN LUIS OBISPO","SAN LUIS OBISPO",-120.64612579345703,35.261280059814453
8281956,2016,2017-01-24,4006,2016-12-15,1703,80908,,4,5,4,4006,0,0,0,,0,,CALIFORNIA,HATHWAY,120.00,N,N,C,-,N,,,,,,,,,,Y,2,0,1,2,A,-,08,22107,,N,D,C,A,B,H,-,C,A,0,,,,,Y,,A,07,1,0,0,0,0,0,0,0,0,"- ","- ",35.173749999999998,-120.37430999999999,"SAN LUIS OBISPO","SAN LUIS OBISPO",-120.66175418,35.292597929999999
8294699,2016,2017-02-15,4006,2016-12-31,1534,15913,,6,5,4,4006,0,0,0,,0,,BROAD,LAWRENCE,0.00,,Y,A,-,N,,,,,,,,,,Y,2,0,1,2,A,-,09,21801,A,N,D,C,A,A,H,-,A,-,0,,,Y,,Y,,A,01,1,0,0,0,0,0,0,0,1,"- ","- ",35.26426,-120.65225,"SAN LUIS OBISPO","SAN LUIS OBISPO",-120.65222992,35.264300009999999
8298339,2017,2017-02-16,4006,2017-01-16,1803,80908,,1,5,4,4006,0,0,0,,0,,MADONNA,PEREIRA,0.00,,Y,A,-,N,,,,,,,,,,N,2,0,1,2,A,-,02,21654,A,N,G,B,D,A,H,-,D,A,0,Y,,,,Y,,N,60,1,0,0,0,1,0,0,0,0,"- ","- ",,,"SAN LUIS OBISPO","SAN LUIS OBISPO",-120.68950986,35.257160059999997
8300956,2016,2017-02-07,4003,2016-12-31,1900,G4261,6,6,5,2,4003,0,0,0,,0,002,"MAIN ST","RT 41",516.00,N,N,A,-,N,,,,,,,,,,N,2,0,1,2,A,-,11,21950,B,N,G,B,E,A,H,-,D,D,0,Y,,,,Y,,N,60,1,0,0,0,1,0,0,0,0,"- ","- ",,,"SAN LUIS OBISPO","MORRO BAY",-120.85559431999999,35.3814609
8324053,2017,2017-03-27,4006,2017-01-29,2115,22467,,7,5,4,4006,0,0,0,,0,,FOOTHILL,MUSTANG,0.00,,Y,A,-,N,,,,,,,,,,N,2,0,1,2,A,-,09,21801,A,N,D,G,A,A,H,-,D,D,0,,Y,,,Y,,A,07,1,0,0,0,0,0,1,0,0,"- ","- ",35.174100000000003,-120.39536,"SAN LUIS OBISPO","SAN LUIS OBISPO",-120.66480988000001,35.294690090000003
8338643,2017,2017-04-07,4006,2017-03-17,0807,16380,,5,5,4,4006,0,0,0,,0,,FOOTHILL,MUSTANG,45.00,E,N,A,-,N,,,,,,,,,,N,2,0,1,2,A,-,00,21850,,N,G,B,D,A,H,-,A,D,0,Y,,,,Y,,A,01,1,0,0,0,1,0,0,0,0,"- ","- ",35.17409,-120.39530000000001,"SAN LUIS OBISPO","SAN LUIS OBISPO",-120.66467326999999,35.29474209
83490951,2024,2024-08-05,4008,2024-07-22,1210,4012,,1,5,4,4008,0,0,0,,0,,"EL CAMINO REAL","PLATA LN",130.00,N,N,A,-,N,,,,,,,,,,Y,2,0,1,2,A,-,09,21804,A,N,D,C,A,A,H,-,A,D,0,,,Y,,Y,,A,01,1,0,0,0,0,0,0,0,1,"- ","- ",35.472499847412109,-120.65357971191406,"SAN LUIS OBISPO",ATASCADERO,-120.65381622314453,35.472846984863281
8352136,2017,2017-06-13,4001,2017-03-14,2003,P082,461,2,5,3,4001,0,0,0,,0,OPERAT,"E BRANCH ST","E BRANCH ST 100",0.00,,N,A,-,N,,,,,,,,,,N,2,0,1,2,A,-,11,21954,A,N,G,B,D,A,H,-,C,D,0,Y,,,,Y,Y,N,60,1,0,0,0,1,0,0,0,0,"- ","- ",,,"SAN LUIS OBISPO","ARROYO GRANDE",-120.57901200000001,35.123300999999998
8381514,2017,2017-06-09,4008,2017-05-27,1858,5011,,6,5,4,4008,0,0,0,,0,,"FLORES RD","SANTA LUCIA DR",50.00,S,N,A,-,N,,,,,,,,,,N,2,0,1,1,A,-,03,22350,,N,E,I,A,A,H,-,A,D,0,,Y,,,Y,,L,04,1,0,0,0,0,0,1,0,0,"- ","- ",,,"SAN LUIS OBISPO",ATASCADERO,-120.68707922,35.480999089999997
84020089,2024,2024-08-12,4008,2024-05-02,1641,3153,,4,5,4,4008,0,0,0,,0,,"CURBARIL AVE","EL CAMINO REAL",30.00,W,N,A,-,N,,,,,,,,,,N,2,0,1,1,A,-,08,22107,,N,H,I,A,A,H,-,A,D,0,,Y,,,Y,,L,04,1,0,0,0,0,0,1,0,0,"- ","- ",35.477569580078125,-120.65640258789062,"SAN LUIS OBISPO",ATASCADERO,-120.65635681152344,35.47747802734375
8408283,2017,2017-07-25,4004,2017-06-23,2137,1062,01,5,5,3,4004,0,0,0,,0,013,24TH,SPRING,195.00,E,N,A,-,N,,,,,,,,,,Y,2,0,1,1,A,-,01,23152,A,N,A,I,A,A,H,-,C,D,0,,,,,Y,Y,A,01,1,0,0,0,0,0,0,0,0,"- ","- ",,,"SAN LUIS OBISPO","PASO ROBLES",-120.69178753,35.639186520000003