CASE_ID,ACCIDENT_YEAR,PROC_DATE,JURIS,COLLISION_DATE,COLLISION_TIME,OFFICER_ID,REPORTING_DISTRICT,DAY_OF_WEEK,CHP_SHIFT,POPULATION,CNTY_CITY_LOC,SPECIAL_COND,BEAT_TYPE,CHP_BEAT_TYPE,CITY_DIVISION_LAPD,CHP_BEAT_CLASS,BEAT_NUMBER,PRIMARY_RD,SECONDARY_RD,DISTANCE,DIRECTION,INTERSECTION,WEATHER_1,WEATHER_2,STATE_HWY_IND,CALTRANS_COUNTY,CALTRANS_DISTRICT,STATE_ROUTE,ROUTE_SUFFIX,POSTMILE_PREFIX,POSTMILE,LOCATION_TYPE,RAMP_INTERSECTION,SIDE_OF_HWY,TOW_AWAY,COLLISION_SEVERITY,NUMBER_KILLED,NUMBER_INJURED,PARTY_COUNT,PRIMARY_COLL_FACTOR,PCF_CODE_OF_VIOL,PCF_VIOL_CATEGORY,PCF_VIOLATION,PCF_VIOL_SUBSECTION,HIT_AND_RUN,TYPE_OF_COLLISION,MVIW,PED_ACTION,ROAD_SURFACE,ROAD_COND_1,ROAD_COND_2,LIGHTING,CONTROL_DEVICE,CHP_ROAD_TYPE,PEDESTRIAN_ACCIDENT,BICYCLE_ACCIDENT,MOTORCYCLE_ACCIDENT,TRUCK_ACCIDENT,NOT_PRIVATE_PROPERTY,ALCOHOL_INVOLVED,STWD_VEHTYPE_AT_FAULT,CHP_VEHTYPE_AT_FAULT,COUNT_SEVERE_INJ,COUNT_VISIBLE_INJ,COUNT_COMPLAINT_PAIN,COUNT_PED_KILLED,COUNT_PED_INJURED,COUNT_BICYCLIST_KILLED,COUNT_BICYCLIST_INJURED,COUNT_MC_KILLED,COUNT_MC_INJURED,PRIMARY_RAMP,SECONDARY_RAMP,LATITUDE,LONGITUDE,COUNTY,CITY,POINT_X,POINT_Y
84358849,2024,2024-08-19,4004,2024-07-14,1851,1492,,7,5,3,4004,0,0,0,,0,,"RIVER RD","CRESTON RD",1338.00,S,N,A,-,N,,,,,,,,,,Y,2,0,2,2,A,-,05,21460,A,N,A,C,A,A,H,-,A,D,0,,,,,Y,,A,01,2,0,0,0,0,0,0,0,0,"- ","- ",35.628658294677734,-120.68289184570312,"SAN LUIS OBISPO","PASO ROBLES",-120.68318176269531,35.629108428955078
8439456,2017,2017-09-12,4006,2017-08-10,1535,80908,,4,5,4,4006,0,0,0,,0,,FLORA,"EL PASEO",0.00,,Y,A,-,N,,,,,,,,,,N,2,0,1,2,A,-,12,22450,A,N,D,G,A,A,H,-,A,A,0,,Y,,,Y,,L,04,1,0,0,0,0,0,1,0,0,"- ","- ",35.270359999999997,-120.63988999999999,"SAN LUIS OBISPO","SAN LUIS OBISPO",-120.63998995999999,35.270400039999998
84446432,2024,2024-10-28,4006,2024-10-01,1330,67850,,2,5,4,4006,0,0,0,,0,,"GRAND AVE","MILL ST",117.00,N,N,A,-,N,,,,,,,,,,N,2,0,1,2,A,-,17,22517,,N,H,E,A,A,H,-,A,D,0,,Y,,,Y,,A,07,1,0,0,0,0,0,1,0,0,"- ","- ",35.289321899414062,-120.65276336669922,"SAN LUIS OBISPO","SAN LUIS OBISPO",-120.65289306640625,35.289817810058594
84464363,2024,2024-11-11,4004,2024-10-31,1720,1384,,4,5,3,4004,0,0,0,,0,------,"SPRING ST","21ST ST",0.00,,Y,A,-,N,,,,,,,,,,Y,2,0,1,2,A,-,01,23152,F,N,D,C,A,A,H,-,A,D,0,,,,,Y,,A,01,1,0,0,0,0,0,0,0,0,"- ","- ",35.636028289794922,-120.69217681884766,"SAN LUIS OBISPO","PASO ROBLES",-120.69217681884766,35.636039733886719
8450966,2017,2017-10-11,4001,2017-08-18,1915,P089,"46 3",5,5,3,4001,0,0,0,,0,OPERAT,"S HALCYON RD","THE PIKE",0.00,,Y,A,-,N,,,,,,,,,,Y,2,0,1,2,A,-,09,21804,,N,D,C,A,A,H,-,A,D,0,,,Y,,Y,,A,07,1,0,0,0,0,0,0,0,1,"- ","- ",,,"SAN LUIS OBISPO","ARROYO GRANDE",-120.59164994,35.106350069999998
8452384,2017,2018-06-01,4006,2017-08-30,0743,16380,,3,5,4,4006,0,0,0,,0,,CALIFORNIA,"RT 101",0.00,,Y,A,-,Y,SLO,5,101,-,-,29.440,R,4,N,Y,2,0,1,2,A,-,09,21802,A,N,D,C,A,A,H,-,A,A,0,,,Y,,Y,,A,07,1,0,0,0,0,0,0,0,1,"- ",NF,35.172139999999999,-120.39292,"SAN LUIS OBISPO","SAN LUIS OBISPO",-120.65828399999999,35.289406999999997
84563434,2025,2025-02-04,4006,2025-01-03,1601,108976,,5,5,4,4006,0,0,0,,0,,"TANK FARM RD","ORCUTT RD",24.00,W,N,A,-,N,,,,,,,,,,Y,2,0,1,1,A,-,03,22350,,N,E,I,A,A,H,-,A,A,0,,,,,Y,,A,01,1,0,0,0,0,0,0,0,0,"- ","- ",35.250320434570312,-120.62821960449219,"SAN LUIS OBISPO","SAN LUIS OBISPO",-120.62516784667969,35.250320434570312
84563573,2025,2025-02-04,4006,2025-01-16,1625,89870,,4,5,4,4006,0,0,0,,0,,"WOODBRIDGE ST","CORRIDA DR",8.00,W,N,A,-,N,,,,,,,,,,N,2,0,1,2,A,-,10,21950,A,N,G,B,B,A,H,-,A,D,0,Y,,,,Y,,A,01,1,0,0,0,1,0,0,0,0,"- ","- ",35.266860961914062,-120.65927124023438,"SAN LUIS OBISPO","SAN LUIS OBISPO",-120.66436767578125,35.266738891601562
84566074,2024,2025-02-05,4002,2024-12-13,1749,992,,5,5,3,4002,0,0,0,,0,GROVER,"S OAK PARK BLVD","24'7 W/ECL OF S. OAK PARK BLVD """,0.00,,Y,A,-,N,,,,,,,,,,Y,2,0,1,2,A,-,11,21950,B,N,G,B,D,A,H,-,C,D,0,Y,,,,Y,,N,60,1,0,0,0,1,0,0,0,0,"- ","- ",35.120941162109375,-120.60910797119141,"SAN LUIS OBISPO","GROVER BEACH",-120.60958099365234,35.115875244140625
84570564,2025,2025-02-10,4004,2025-01-02,1910,1511,,4,5,3,4004,0,0,0,,0,,"SPRING ST","18TH ST",156.00,N,N,A,-,N,,,,,,,,,,N,2,0,1,2,A,-,11,21950,B,N,G,B,D,A,H,-,C,D,0,Y,,,,Y,Y,N,60,1,0,0,0,1,0,0,0,0,"- ","- ",35.632671356201172,-120.69159698486328,"SAN LUIS OBISPO","PASO ROBLES",-120.69196319580078,35.633358001708984
84570567,2025,2025-02-10,4004,2025-01-08,2050,1618,,3,5,3,4004,0,0,0,,0,------,"RT 46E","RT 101 NB ONRAMP",0.00,,Y,A,-,Y,SLO,,46," "," ",29.810,H,,R,N,2,0,1,1,A,-,08,22107,,N,E,I,A,A,H,-,C,A,0,,,,,Y,,D,22,1,0,0,0,0,0,0,0,0,"- ","- ",35.642768859863281,-120.68425750732422,"SAN LUIS OBISPO","PASO ROBLES",-120.68427276611328,35.642799377441406
8461518,2017,2017-12-06,4006,2017-09-19,2220,77891,,2,5,4,4006,0,0,0,,0,,OSOS,PISMO,0.00,,Y,A,-,N,,,,,,,,,,N,2,0,1,2,A,-,11,21456,B,N,G,B,B,A,H,-,C,A,0,Y,,,,Y,,N,60,1,0,0,0,1,0,0,0,0,"- ","- ",35.164369999999998,-120.39313,"SAN LUIS OBISPO","SAN LUIS OBISPO",-120.65876998,35.278860080000001
84635320,2025,2025-04-03,4004,2025-03-24,2048,1636,,1,5,3,4004,0,0,0,,0,,"HWY 46 EB","GOLDEN HILL ROAD",0.00,,Y,A,-,N,,,,,,,,,,Y,2,0,2,2,A,-,01,23152,A,F,C,C,A,A,H,-,C,A,0,,,,,Y,Y,A,07,1,1,0,0,0,0,0,0,0,"- ","- ",,,"SAN LUIS OBISPO","PASO ROBLES",-120.6580810546875,35.644435882568359
84638372,2025,2025-04-07,4006,2025-03-09,1245,108239,,7,5,4,4006,0,0,0,,0,,"LOS OSOS VALLEY RD","PREFUMO CANYON RD",0.00,,Y,A,-,N,,,,,,,,,,Y,2,0,5,2,A,-,09,21802,A,N,D,C,A,A,H,-,A,D,0,,,,,Y,,A,01,1,4,0,0,0,0,0,0,0,"- ","- ",35.26348876953125,-120.69846343994141,"SAN LUIS OBISPO","SAN LUIS OBISPO",-120.69840240478516,35.263530731201172
84646710,2025,2025-04-11,4002,2025-04-08,2354,993,,2,5,3,4002,0,0,0,,0,GROVER,"W GRAND AVE","N 4TH ST",0.00,,Y,A,-,N,,,,,,,,,,Y,2,0,2,1,A,-,01,23152,G,N,E,I,A,A,C,D,C,A,0,,,,,Y,Y,A,01,2,0,0,0,0,0,0,0,0,"- ","- ",35.121669769287109,-120.62393188476562,"SAN LUIS OBISPO","GROVER BEACH",-120.62644195556641,35.121799468994141
8466595,2017,2017-10-16,4001,2017-08-22,1028,P0135,46-1,2,5,3,4001,0,0,0,,0,OPERAT,"E BRANCH ST","SHORT ST",23.00,E,N,A,-,N,,,,,,,,,,N,2,0,1,2,A,-,10,21950,,N,G,B,B,A,H,-,A,A,0,Y,,,,Y,,N,60,1,0,0,0,1,0,0,0,0,"- ","- ",,,"SAN LUIS OBISPO","ARROYO GRANDE",-120.57758421,35.124002310000002
8467802,2017,2017-11-21,4006,2017-09-09,0114,76984,,6,5,4,4006,0,0,0,,0,,BROAD,LEFF,0.00,,Y,A,-,N,,,,,,,,,,N,2,0,1,2,A,-,01,21200,5,N,-,G,A,A,H,-,C,A,0,,Y,,,Y,Y,L,04,1,0,0,0,0,0,1,0,0,"- ","- ",35.274299999999997,-120.66038,"SAN LUIS OBISPO","SAN LUIS OBISPO",-120.66037987,35.274300029999999
84688041,2024,2025-05-15,4008,2024-10-21,1715,4012,,1,5,4,4008,0,0,0,,0,,"CURBARIL AVE","US 101 SOUTHBOUND OFF RAMP",0.00,,Y,A,-,Y,,,,,,,,,,Y,2,0,2,2,A,-,12,22450,A,N,D,C,A,A,H,-,A,A,0,,,,,Y,,A,01,1,0,1,0,0,0,0,0,0,"- ","- ",,,"SAN LUIS OBISPO",ATASCADERO,,
84691602,2025,2025-05-19,4006,2025-05-05,1541,99297,,1,5,4,4006,0,0,0,,0,,"MURRAY AVE","RT 1 (N)",192.00,E,N,A,-,Y,,,,,,,,,,N,2,0,1,2,A,-,10,21952,,N,G,B,F,A,H,-,A,D,0,Y,,,,Y,,A,01,1,0,0,0,1,0,0,0,0,"- ","- ",35.289440155029297,-120.66819000244141,"SAN LUIS OBISPO","SAN LUIS OBISPO",-120.66703033447266,35.290939331054688
84710514,2025,2025-06-03,4004,2025-04-12,1735,1635,,6,5,3,4004,0,0,0,,0,,"SPRING ST","30TH ST",65.00,N,N,A,-,N,,,,,,,,,,Y,2,0,1,3,A,-,07,21658,A,N,G,B,F,A,H,-,A,D,0,Y,,,,Y,,A,01,1,0,0,0,1,0,0,0,0,"- ","- ",35.645389556884766,-120.69290161132812,"SAN LUIS OBISPO","PASO ROBLES",-120.69296264648438,35.645606994628906
8536939,2017,2018-02-07,4001,2017-12-07,1413,P0131,463,4,5,3,4001,0,0,0,,0,OPERAT,"EL CAMINO REAL","EL CAMINO REAL 1105",0.00,,N,A,-,N,,,,,,,,,,Y,2,0,1,3,A,-,08,22107,,N,A,C,A,A,H,-,A,A,0,,,,,Y,,A,01,1,0,0,0,0,0,0,0,0,"- ","- ",,,"SAN LUIS OBISPO","ARROYO GRANDE",-120.59567570999999,35.124925159999997
8567478,2018,2018-03-14,4006,2018-02-17,1400,1648,554,6,5,4,4006,0,0,0,,0,264OHV,ODSVRA,"COMPETITION HILL",50.00,E,N,A,-,N,,,,,,,,,,Y,2,0,2,1,-,-,"- ",,,N,A,A,A,A,H,-,A,D,0,,,,,Y,,-,"- ",1,1,0,0,0,0,0,0,0,"- ","- ",,,"SAN LUIS OBISPO","SAN LUIS OBISPO",,
8567498,2018,2018-03-14,4006,2018-02-10,1450,1648,554,6,5,4,4006,0,0,0,,0,264-OH,"POST 5","100TH AV",250.00,E,N,A,-,N,,,,,,,,,,N,2,0,1,1,A,-,03,38305,,N,H,A,A,A,H,-,A,D,0,,,Y,,Y,,C,06,1,0,0,0,0,0,0,0,1,"- ","- ",,,"SAN LUIS OBISPO","SAN LUIS OBISPO",,
8623007,2018,2018-05-30,4006,2018-04-25,1817,80908,,3,5,4,4006,0,0,0,,0,,"LOS OSOS VALLEY RD","FROOM RANCH",711.00,E,N,A,-,N,,,,,,,,,,N,2,0,1,1,A,-,03,22350,,N,H,J,A,A,H,-,A,A,0,,,Y,,Y,,C,02,1,0,0,0,0,0,0,0,1,"- ","- ",35.251010894775391,-120.68609619140625,"SAN LUIS OBISPO","SAN LUIS OBISPO",-120.68621826171875,35.250965118408203
8625755,2018,2018-06-05,4002,2018-05-10,1920,368,102,4,5,3,4002,0,0,0,,0,,"W GRAND AV","N 9TH ST",220.00,E,N,A,-,N,,,,,,,,,,N,2,0,1,1,D,-,00,,,N,E,I,A,A,H,-,A,A,0,,,,,Y,,-,"- ",1,0,0,0,0,0,0,0,0,"- ","- ",,,"SAN LUIS OBISPO","GROVER BEACH",-120.61949920654297,35.1214599609375
8628484,2018,2018-06-11,4008,2018-03-15,2118,5011,,4,5,4,4008,0,0,0,,0,,"CURBARIL AV","NAVAJOA AV",16.00,N,N,B,-,N,,,,,,,,,,Y,2,0,1,1,A,-,01,23152,A,N,E,I,A,A,H,-,C,D,0,,,Y,,Y,Y,C,02,1,0,0,0,0,0,0,0,1,"- ","- ",35.474418640136719,-120.66976928710938,"SAN LUIS OBISPO",ATASCADERO,-120.66982269287109,35.474418640136719
8632045,2018,2018-07-30,4008,2018-04-30,0116,3113,,1,5,4,4008,0,0,0,,0,,"W FRONT RD","SANTA ROSA",313.00,S,N,A,-,N,,,,,,,,,,Y,2,0,5,1,A,-,03,22350,,N,E,I,A,A,H,-,D,D,0,,,,,Y,,A,01,1,4,0,0,0,0,0,0,0,"- ",SF,35.468738555908203,-120.65411376953125,"SAN LUIS OBISPO",ATASCADERO,-120.65131378173828,35.464920043945312
8637465,2018,2018-06-12,4005,2018-05-18,0705,P090,12,5,5,2,4005,0,0,0,,0,,"OAK PARK BL","JAMES WY",0.00,,Y,B,-,N,,,,,,,,,,N,2,0,1,2,A,-,11,21954,A,N,G,B,E,A,H,-,A,A,0,Y,,,,Y,,N,60,1,0,0,0,1,0,0,0,0,"- ","- ",,,"SAN LUIS OBISPO","PISMO BEACH",-120.60527801513672,35.133979797363281
8648579,2018,2019-01-30,4004,2018-12-28,2239,1373,,5,5,3,4004,0,0,0,,0,,"PARK ST","14TH ST",0.00,,Y,A,-,N,,,,,,,,,,N,1,1,0,2,A,-,01,23152,A,F,H,A,E,A,H,-,C,D,0,Y,,,,Y,Y,A,01,0,0,0,1,0,0,0,0,0,"- ","- ",,,"SAN LUIS OBISPO","PASO ROBLES",-120.69029235839844,35.628829956054688
8679444,2018,2018-08-13,4003,2018-05-24,1708,F2780,6,4,5,2,4003,0,0,0,,0,001,"ERROL ST","MAIN ST",0.00,,Y,B,-,N,,,,,,,,,,N,2,0,1,2,A,-,05,21650,1,N,D,G,A,A,H,-,A,A,0,,Y,,,Y,,L,04,1,0,0,0,0,0,1,0,0,"- ","- ",,,"SAN LUIS OBISPO","MORRO BAY",-120.85472106933594,35.379169464111328
8714062,2018,2019-03-08,4001,2018-09-07,2037,P0136,"46  3",5,5,3,4001,0,0,0,,0,OPERAT,"EAST GRAND AV","BELL ST",0.00,,Y,A,-,N,,,,,,,,,,N,1,1,0,2,A,-,11,21954,A,N,G,B,D,A,H,-,C,A,0,Y,,,,Y,,N,60,0,0,0,1,0,0,0,0,0,"- ","- ",,,"SAN LUIS OBISPO","ARROYO GRANDE",-120.58822631835938,35.119831085205078
8714743,2018,2018-10-29,4004,2018-09-25,2010,1349,01,2,5,3,4004,0,0,0,,0,014,"24TH ST","YSABEL ST",1.00,E,N,A,-,N,,,,,,,,,,Y,2,0,1,2,A,-,01,23153,,N,G,B,D,A,H,-,C,D,0,Y,,,,Y,Y,A,01,1,0,0,0,1,0,0,0,0,"- ","- ",,,"SAN LUIS OBISPO","PASO ROBLES",-120.68643951416016,35.641933441162109
8734568,2018,2018-11-19,4006,2018-10-25,1713,80908,,4,5,4,4006,0,0,0,,0,,CALIFORNIA,MILL,0.00,,Y,A,-,N,,,,,,,,,,N,2,0,1,2,A,-,08,21717,,N,D,G,A,A,H,-,A,A,0,,Y,,,Y,,D,22,1,0,0,0,0,0,1,0,0,"- ","- ",35.287601470947266,-120.65599060058594,"SAN LUIS OBISPO","SAN LUIS OBISPO",-120.65595245361328,35.287609100341797
8735703,2018,2019-01-28,4005,2018-10-18,1843,P095,6,4,5,2,4005,0,0,0,,0,,"RT 1","LE SAGE",1705.00,N,N,A,-,Y,SLO,5,1,-,-,14.570,H,-,S,Y,2,0,1,2,A,-,01,23153,B,F,C,G,A,A,H,-,B,D,0,,Y,,,Y,Y,A,01,1,0,0,0,0,0,1,0,0,"- ","- ",,,"SAN LUIS OBISPO","PISMO BEACH",-120.63194274902344,35.128650665283203
8736451,2018,2018-11-19,4006,2018-11-06,1700,14101,,2,5,4,4006,0,0,0,,0,,JOHNSON,ORCUTT,0.00,,Y,A,-,N,,,,,,,,,,Y,2,0,1,1,A,-,01,23152,A,N,E,I,A,A,H,-,C,D,0,,,,,Y,Y,A,01,1,0,0,0,0,0,0,0,0,"- ","- ",35.26190185546875,-120.63591766357422,"SAN LUIS OBISPO","SAN LUIS OBISPO",-120.63587951660156,35.261470794677734
8760059,2018,2019-01-28,4004,2018-11-17,2016,1307,03,6,5,3,4004,0,0,0,,0,036,"RT 46 E","MILL RD",60.00,N,N,A,-,Y,SLO,5,46,-,-,32.650,I,5,E,Y,2,0,3,2,A,-,09,21801,A,N,D,C,A,A,H,-,D,D,0,,,,,Y,,A,08,2,0,1,0,0,0,0,0,0,"- ","- ",,,"SAN LUIS OBISPO","PASO ROBLES",-120.63473510742188,35.645076751708984
8803463,2019,2019-03-15,4001,2019-01-21,2315,P0106,"46  3",1,5,3,4001,0,0,0,,0,OPERAT,"EAST GRAND AV","N COURTLAND RD",0.00,,Y,A,-,N,,,,,,,,,,N,2,0,1,2,D,-,00,,,F,G,B,E,A,H,-,C,A,0,Y,,,,Y,Y,-,"- ",1,0,0,0,1,0,0,0,0,"- ","- ",,,"SAN LUIS OBISPO","ARROYO GRANDE",-120.60665893554688,35.120838165283203
8860949,2019,2019-05-17,4001,2019-04-01,1618,P0131,46-3,1,5,3,4001,0,0,0,,0,OPERAT,"EAST GRAND AV","ELM ST",0.00,,Y,A,-,N,,,,,,,,,,N,2,0,1,2,A,-,10,21950,A,N,G,B,B,A,H,-,A,A,0,Y,,,,Y,,A,01,1,0,0,0,1,0,0,0,0,"- ","- ",,,"SAN LUIS OBISPO","ARROYO GRANDE",-120.60044860839844,35.120529174804688
8888322,2019,2019-07-22,4004,2019-03-20,2218,1353,2-7,3,5,3,4004,0,0,0,,0,002,"NIBLICK RD","SPRING ST",310.00,E,N,A,-,N,,,,,,,,,,N,2,0,1,2,C,-,18,,,N,G,B,E,A,H,-,C,D,0,Y,,,,Y,Y,-,"- ",1,0,0,0,1,0,0,0,0,"- ","- ",,,"SAN LUIS OBISPO","PASO ROBLES",-120.68941497802734,35.615230560302734
8910876,2019,2021-06-02,4006,2019-12-04,0640,15913,,3,5,4,4006,0,0,0,,0,,"LOS OSOS VALLEY","CALLE JOAQUIN",0.00,,Y,C,-,N,,,,,,,,,,Y,1,1,0,2,A,-,11,21456,C,N,G,B,B,B,H,-,B,A,0,Y,,,,Y,,N,60,0,0,0,1,0,0,0,0,0,"- ","- ",,,"SAN LUIS OBISPO","SAN LUIS OBISPO",-120.68302917480469,35.246730804443359
8911038,2020,2022-06-18,4006,2020-02-11,2242,15913,,2,5,4,4006,0,0,0,,0,,"TANK FARM","OLD WINDMILL",602.00,E,N,A,-,N,,,,,,,,,,Y,1,1,1,2,A,-,11,21954,A,N,G,B,E,-,D,-,D,D,0,Y,,,,Y,Y,N,60,0,1,0,1,0,0,0,0,0,"- ","- ",,,"SAN LUIS OBISPO","SAN LUIS OBISPO",-120.66598510742188,35.246784210205078
8939251,2019,2019-12-24,4004,2019-11-18,0921,1349,,1,5,3,4004,0,0,0,,0,,"RT 46","BUENA VISTA DR",0.00,,Y,A,-,Y,SLO,5,46,-,-,30.513,I,5,W,Y,1,1,1,2,A,-,12,21453,A,N,D,C,A,A,H,-,A,A,0,,,,,Y,,A,07,0,0,1,0,0,0,0,0,0,"- ","- ",35.64447021484375,-120.67240905761719,"SAN LUIS OBISPO","PASO ROBLES",-120.67176818847656,35.644630432128906
8939427,2019,2021-05-24,4006,2019-11-09,1839,68370,,6,5,4,4006,0,0,0,,0,,HIGUERA,SOUTH,228.00,N,N,A,-,N,,,,,,,,,,N,1,1,0,2,A,-,11,21955,,N,G,B,D,A,H,-,C,D,0,Y,,,,Y,Y,N,60,0,0,0,1,0,0,0,0,0,"- ","- ",35.270378112792969,-120.67021942138672,"SAN LUIS OBISPO","SAN LUIS OBISPO",-120.67017364501953,35.270168304443359
8947737,2019,2019-10-16,4004,2019-09-28,1750,1351,,6,5,3,4004,0,0,0,,0,,"JARDINE RD","BEACON RD",716.00,N,N,A,-,N,,,,,,,,,,N,2,0,1,2,A,-,05,21460,A,N,D,C,A,A,H,-,A,D,0,,,,,Y,Y,D,22,1,0,0,0,0,0,0,0,0,"- ","- ",35.674198150634766,-120.60555267333984,"SAN LUIS OBISPO","PASO ROBLES",-120.60555267333984,35.676197052001953
8949284,2019,2019-10-17,4006,2019-08-26,1010,80908,,1,5,4,4006,0,0,0,,0,,HIGUERA,PRADO,50.00,S,N,A,-,N,,,,,,,,,,Y,2,0,1,2,C,-,18,,,N,C,C,A,A,H,-,A,A,0,,,,,Y,,-,"- ",1,0,0,0,0,0,0,0,0,"- ","- ",35.254379272460938,-120.66915893554688,"SAN LUIS OBISPO","SAN LUIS OBISPO",-120.66909027099609,35.254497528076172
8956684,2019,2019-10-21,4006,2019-09-30,1146,15560,SLO,1,5,4,4006,0,0,0,,0,CITY,OLIVE,"SANTA ROSA",125.00,W,N,A,-,N,,,,,,,,,,Y,2,0,2,2,A,-,08,22107,,F,A,C,A,A,H,-,A,D,0,,,,,Y,Y,A,01,1,1,0,0,0,0,0,0,0,"- ","- ",35.172000885009766,-120.39878082275391,"SAN LUIS OBISPO","SAN LUIS OBISPO",-120.66461944580078,35.287311553955078
8959085,2019,2019-10-30,4008,2019-07-30,2138,1145,,2,5,4,4008,0,0,0,,0,,"EL CAMINO REAL","CURBARIL AV",75.00,S,N,A,-,N,,,,,,,,,,N,2,0,1,2,A,-,05,21650,1,N,H,G,A,A,H,-,C,D,0,,Y,,,Y,,L,04,1,0,0,0,0,0,1,0,0,"- ","- ",35.477569580078125,-120.65640258789062,"SAN LUIS OBISPO",ATASCADERO,-120.65615081787109,35.477336883544922
8996967,2019,2020-02-04,4006,2019-10-14,1127,98137,,1,5,4,4006,0,0,0,,0,,BROAD,AEROVISTA,0.00,,N,A,-,N,,,,,,,,,,Y,2,0,3,2,A,-,09,21802,A,N,D,C,A,A,H,-,A,A,0,,,,,Y,,A,01,1,0,2,0,0,0,0,0,0,"- ","- ",35.243091583251953,-120.64002227783203,"SAN LUIS OBISPO","SAN LUIS OBISPO",-120.63992309570312,35.243110656738281
90014209,2015,2015-10-19,9745,2015-08-22,1537,017144,,6,2,9,4000,0,1,3,,1,011,"SR-41 NORTHBOUND","CALLE LA PALTA",40.00,S,N,A,-,Y,,,41,,,,,,N,Y,2,0,2,2,A,-,03,22350,,N,C,C,A,A,H,-,A,D,0,,,,,Y,,A,01,1,1,0,0,0,0,0,0,0,"- ","- ",35.411740000000002,-120.80623,"SAN LUIS OBISPO",UNINCORPORATED,-120.8062553,35.411819309999998
90024623,2015,2015-10-19,9745,2015-09-25,1335,017144,,5,1,9,4000,0,3,5,,2,002,"MONARCH LN","GLENN ST",90.00,W,N,A,-,N,,,,,,,,,,N,2,0,1,2,A,-,21,22106,,N,H,G,A,A,H,-,A,D,0,,Y,,,Y,,A,07,1,0,0,0,0,0,1,0,0,"- ","- ",35.312130000000003,-120.85774000000001,"SAN LUIS OBISPO",UNINCORPORATED,-120.85777133000001,35.312071019999998
90026631,2015,2015-10-19,9745,2015-09-29,2120,015144,,2,2,9,4000,0,1,3,,1,043,SR-1,"GRACIA WAY",905.00,S,N,A,-,Y,,,1,,,,,,,Y,2,0,1,1,A,-,08,22107,,N,F,A,A,A,H,-,D,D,0,,,Y,,Y,,C,02,1,0,0,0,0,0,0,0,1,"- ","- ",35.09207,-120.58232,"SAN LUIS OBISPO",UNINCORPORATED,-120.58233384,35.092065589999997
90037299,2015,2015-10-23,9745,2015-09-30,1315,017061,,3,1,9,4000,0,1,3,,2,023,"SR-1 NORTHBOUND","HOLLISTER RD.",250.00,S,N,A,-,Y,,,1,,,,,,N,N,1,1,0,3,A,-,08,22107,,N,D,G,A,A,H,-,A,A,0,,Y,,,Y,,L,04,0,0,0,0,0,1,0,0,0,"- ","- ",35.331029999999998,-120.73484999999999,"SAN LUIS OBISPO",UNINCORPORATED,-120.73482848,35.331106519999999
90038575,2015,2015-10-27,9740,2015-10-16,2340,013417,,5,3,4,4008,0,1,2,,2,002,"US-101 NORTHBOUND","DEL RIO RD",2112.00,N,N,A,-,Y,,,101,,,,,,N,N,2,0,1,2,A,-,03,22350,,F,G,B,E,A,H,-,D,D,0,Y,,,,Y,,D,22,1,0,0,0,1,0,0,0,0,"- ","- ",35.518300000000004,-120.70269999999999,"SAN LUIS OBISPO",ATASCADERO,-120.70280768000001,35.518227879999998
90044252,2015,2015-11-04,9745,2015-10-28,0115,020144,,3,3,9,4000,0,1,2,,2,505,"US-101 SOUTHBOUND","TEFFT STREET",2112.00,N,N,A,-,Y,,,101,,,,,,S,Y,2,0,3,1,A,-,01,23152,A,N,E,I,A,A,H,-,D,D,0,,,,,Y,Y,A,01,2,0,1,0,0,0,0,0,0,"- ","- ",35.042099999999998,-120.4896,"SAN LUIS OBISPO",UNINCORPORATED,-120.48952986,35.042162840000003
90044880,2015,2015-11-04,9740,2015-10-28,1515,016849,,3,2,9,4000,0,3,5,,2,019,"TOWER ROAD","AIRPORT ROAD",3168.00,E,N,A,-,N,,,,,,,,,,Y,2,0,1,1,A,-,01,23152,A,N,E,J,A,A,H,-,A,D,0,,,,,Y,Y,A,07,1,0,0,0,0,0,0,0,0,"- ","- ",35.688549999999999,-120.62915,"SAN LUIS OBISPO",UNINCORPORATED,-120.6301761,35.68849187
90047986,2015,2015-11-10,9740,2015-11-01,1150,017791,,7,1,9,4000,0,1,3,,2,007,"STATE ROUTE 41","ALMOND DRIVE",2640.00,S,N,A,-,Y,,,,,,,,,,Y,2,0,1,1,A,-,01,23152,A,N,E,I,A,A,H,-,A,D,0,,,,,Y,Y,D,22,1,0,0,0,0,0,0,0,0,"- ","- ",35.575600000000001,-120.57559999999999,"SAN LUIS OBISPO",UNINCORPORATED,,
90052312,2015,2015-11-17,9745,2015-11-13,1250,013206,9745,5,1,9,4000,0,3,5,,2,005,"HUASNA TOWNSITE RD","CIERVO TRAIL WAY",948.00,S,N,A,-,N,,,,,,,,,,Y,2,0,1,1,A,-,08,22107,,N,F,A,A,A,H,-,A,D,0,,,Y,,Y,,C,02,1,0,0,0,0,0,0,0,1,"- ","- ",35.541780000000003,-120.22268,"SAN LUIS OBISPO",UNINCORPORATED,-120.37815035,35.097095400000001
90053249,2015,2015-11-18,9745,2015-11-11,0550,013206,9745,3,3,9,4000,0,1,2,,2,303,"US-101 SOUTHBOUND","AVILA BEACH DRIVE",180.00,N,N,A,-,Y,,,101,,,,,,S,Y,2,0,1,1,A,-,01,23152,E,N,E,I,A,A,H,-,C,D,0,,,,,Y,,A,01,1,0,0,0,0,0,0,0,0,"- ","- ",35.180669999999999,-120.70050999999999,"SAN LUIS OBISPO",UNINCORPORATED,-120.70044821,35.180726559999997
90075660,2015,2015-12-16,9745,2015-12-10,0632,017541,,4,1,9,4000,0,1,2,,2,303,"US-101 SOUTHBOUND","SAN LUIS BAY DR",2640.00,N,N,B,-,Y,,,,,,,,,,Y,2,0,1,2,A,-,03,22350,,N,D,C,A,A,H,-,B,D,0,,,Y,,Y,,C,02,1,0,0,0,0,0,0,0,1,"- ","- ",35.113300000000002,-120.42440000000001,"SAN LUIS OBISPO",UNINCORPORATED,,