CASE_ID,ACCIDENT_YEAR,PROC_DATE,JURIS,COLLISION_DATE,COLLISION_TIME,OFFICER_ID,REPORTING_DISTRICT,DAY_OF_WEEK,CHP_SHIFT,POPULATION,CNTY_CITY_LOC,SPECIAL_COND,BEAT_TYPE,CHP_BEAT_TYPE,CITY_DIVISION_LAPD,CHP_BEAT_CLASS,BEAT_NUMBER,PRIMARY_RD,SECONDARY_RD,DISTANCE,DIRECTION,INTERSECTION,WEATHER_1,WEATHER_2,STATE_HWY_IND,CALTRANS_COUNTY,CALTRANS_DISTRICT,STATE_ROUTE,ROUTE_SUFFIX,POSTMILE_PREFIX,POSTMILE,LOCATION_TYPE,RAMP_INTERSECTION,SIDE_OF_HWY,TOW_AWAY,COLLISION_SEVERITY,NUMBER_KILLED,NUMBER_INJURED,PARTY_COUNT,PRIMARY_COLL_FACTOR,PCF_CODE_OF_VIOL,PCF_VIOL_CATEGORY,PCF_VIOLATION,PCF_VIOL_SUBSECTION,HIT_AND_RUN,TYPE_OF_COLLISION,MVIW,PED_ACTION,ROAD_SURFACE,ROAD_COND_1,ROAD_COND_2,LIGHTING,CONTROL_DEVICE,CHP_ROAD_TYPE,PEDESTRIAN_ACCIDENT,BICYCLE_ACCIDENT,MOTORCYCLE_ACCIDENT,TRUCK_ACCIDENT,NOT_PRIVATE_PROPERTY,ALCOHOL_INVOLVED,STWD_VEHTYPE_AT_FAULT,CHP_VEHTYPE_AT_FAULT,COUNT_SEVERE_INJ,COUNT_VISIBLE_INJ,COUNT_COMPLAINT_PAIN,COUNT_PED_KILLED,COUNT_PED_INJURED,COUNT_BICYCLIST_KILLED,COUNT_BICYCLIST_INJURED,COUNT_MC_KILLED,COUNT_MC_INJURED,PRIMARY_RAMP,SECONDARY_RAMP,LATITUDE,LONGITUDE,COUNTY,CITY,POINT_X,POINT_Y
90078199,2015,2015-12-18,9745,2015-12-14,2105,017930,,1,2,9,4000,0,1,2,,2,303,"US-101 NORTHBOUND","AVILA BEACH DR.",132.00,N,N,A,-,Y,,,101,,,,,,N,Y,2,0,1,1,A,-,01,23152,A,N,E,I,A,A,H,-,D,D,0,,,,,Y,Y,A,01,1,0,0,0,0,0,0,0,0,"- ","- ",35.180050000000001,-120.69956000000001,"SAN LUIS OBISPO",UNINCORPORATED,-120.69954582,35.180063079999996
90092605,2015,2016-01-11,9745,2015-12-24,2140,020144,,4,2,4,4006,0,1,2,,2,202,"US-101 SOUTHBOUND","LOS OSOS VALLEY RD",2640.00,N,N,B,-,Y,,,101,,,,,,S,Y,1,1,0,4,C,-,18,,,F,D,C,A,A,H,-,D,D,0,,,,,Y,Y,-,"- ",0,0,0,0,0,0,0,0,0,"- ","- ",35.251190000000001,-120.6784,"SAN LUIS OBISPO","SAN LUIS OBISPO",-120.67839509,35.251187049999999
90104178,2016,2016-01-27,9745,2016-01-20,0540,017144,,3,3,9,4000,0,3,5,,2,003,"SEE CANYON RD","CIDER LANE",1056.00,S,N,B,-,N,,,,,,,,,,Y,2,0,1,1,A,-,03,22350,,N,E,I,A,B,H,-,D,D,0,,,,,Y,,A,01,1,0,0,0,0,0,0,0,0,"- ","- ",35.223460000000003,-120.7324,"SAN LUIS OBISPO",UNINCORPORATED,-120.7318033,35.222686590000002
90107378,2016,2016-02-02,9745,2016-01-25,2000,020689,,1,2,9,4000,0,3,5,,2,005,"DANA ST","THOMPSON RD",100.00,W,N,A,-,N,,,,,,,,,,N,2,0,1,2,A,-,11,21954,A,N,G,B,D,A,H,-,C,D,0,Y,,,,Y,,N,60,1,0,0,0,1,0,0,0,0,"- ","- ",35.041890000000002,-120.47545,"SAN LUIS OBISPO",UNINCORPORATED,-120.47533197,35.041929719999999
90111035,2016,2016-02-08,9745,2016-02-01,1953,020144,,1,2,9,4000,0,1,3,,1,045,SR-1,"GUADALUPE RD",335.00,S,N,A,-,Y,,,1,,,,,,,Y,2,0,1,1,C,-,18,,,N,E,I,A,A,H,-,D,D,0,,,Y,,Y,,-,"- ",1,0,0,0,0,0,0,0,1,"- ","- ",35.044840000000001,-120.56825000000001,"SAN LUIS OBISPO",UNINCORPORATED,-120.56824084,35.044842729999999
90116943,2016,2016-02-17,9745,2016-02-10,1834,020228,,3,2,9,4000,0,2,4,,1,046,"PRICE CANYON RD","ORMONDE RD",0.00,,Y,A,-,N,,,,,,,,,,Y,2,0,1,1,A,-,01,23152,A,N,E,I,A,A,H,-,D,D,0,,,,,Y,Y,A,01,1,0,0,0,0,0,0,0,0,"- ","- ",35.178190000000001,-120.62090999999999,"SAN LUIS OBISPO",UNINCORPORATED,-120.6209399,35.178200029999999
90147446,2016,2016-03-29,9740,2016-03-22,0750,014662,,2,1,9,4000,0,3,5,,2,017,"CRESTON RD","GENESEO RD",309.00,W,N,A,-,N,,,,,,,,,,Y,2,0,1,2,A,-,06,21750,,N,D,C,A,A,H,-,A,D,0,,,Y,,Y,,C,02,1,0,0,0,0,0,0,0,1,"- ","- ",35.311799999999998,-120.325,"SAN LUIS OBISPO",UNINCORPORATED,-120.54694910000001,35.571640000000002
90158433,2016,2016-04-15,9745,2016-04-14,0800,013206,9745,4,1,9,4000,0,3,5,,2,004,"OLD OAK PARK RD","DENNIS LANE",302.00,S,N,A,-,N,,,,,,,,,,N,2,0,1,1,A,-,08,22107,,N,F,A,A,A,H,-,A,D,0,,,Y,,Y,,C,02,1,0,0,0,0,0,0,0,1,"- ","- ",35.145130000000002,-120.60024,"SAN LUIS OBISPO",UNINCORPORATED,-120.60038367999999,35.14529211
90166959,2016,2016-04-27,9740,2016-04-16,2210,016089,,6,3,9,4000,0,3,5,,2,016,"SODA LAKE RD","PANORAMA DR",528.00,S,N,A,-,N,,,,,,,,,,Y,2,0,1,1,A,-,01,23152,A,N,F,A,A,A,H,-,D,D,0,,,,,Y,Y,D,22,1,0,0,0,0,0,0,0,0,"- ","- ",,,"SAN LUIS OBISPO",UNINCORPORATED,,
90166990,2016,2016-05-04,9745,2016-04-25,0500,020228,,1,3,9,4000,0,2,4,,1,049,"CORBETT CANYON RD","OAK WAY",290.00,N,N,A,-,N,,,,,,,,,,Y,2,0,1,1,A,-,01,23152,A,N,E,I,A,A,H,-,D,D,0,,,,,Y,Y,A,01,1,0,0,0,0,0,0,0,0,"- ","- ",35.156660000000002,-120.559,"SAN LUIS OBISPO",UNINCORPORATED,-120.55889444,35.15708429
90172696,2016,2016-05-04,9740,2016-04-07,0012,013133,,4,3,9,4000,0,1,2,,2,002,"US-101 NORTH BOUND","MAIN ST",0.00,,N,A,-,Y,,,101,,,,,,,Y,1,1,0,1,A,-,08,22107,,N,E,I,A,A,H,-,C,D,0,,,,,Y,Y,A,01,0,0,0,0,0,0,0,0,0,"- ","- ",35.565579999999997,-120.702,"SAN LUIS OBISPO",UNINCORPORATED,-120.70201514999999,35.565589510000002
90175920,2016,2016-05-10,9740,2016-04-28,1050,013417,,4,1,9,4000,0,3,5,,2,022,"PEACHY CANYON RD","OLD SETTLER RD",8976.00,W,N,A,-,N,,,,,,,,,,N,2,0,1,1,D,-,00,,,N,H,G,A,A,B,-,A,D,0,,Y,,,Y,,-,"- ",1,0,0,0,0,0,1,0,0,"- ","- ",35.621720000000003,-120.73931,"SAN LUIS OBISPO",UNINCORPORATED,-120.73924469000001,35.620263860000001
90182023,2016,2016-05-18,9750,2016-05-14,2225,018786,,6,3,9,4000,0,1,3,,1,065,"SR-166 E/B","KIRSCHENMANN RD",2640.00,E,N,A,-,Y,,,166,,,,,,E,Y,2,0,2,2,A,-,01,23152,A,N,A,C,A,A,H,-,D,D,0,,,,,Y,Y,A,01,1,1,0,0,0,0,0,0,0,"- ","- ",34.934440000000002,-119.58597,"SAN LUIS OBISPO",UNINCORPORATED,-119.58596996999999,34.934431510000003
90184808,2015,2016-06-01,9740,2015-12-16,0316,018728,,3,3,3,4004,0,1,2,,2,003,"US-101 SOUTHBOUND","NIBLICK ROAD OVERCROSSING",3758.00,S,N,A,-,Y,,,101,,,,,,S,Y,1,1,3,2,A,-,01,23152,A,N,A,C,A,A,H,-,D,D,0,,,,,Y,Y,A,01,3,0,0,0,0,0,0,0,0,"- ","- ",35.60548,-120.69267000000001,"SAN LUIS OBISPO","PASO ROBLES",-120.69266014,35.60547931
90184988,2016,2016-05-23,9740,2016-05-19,1809,019096,,4,2,9,4000,0,1,3,,1,014,"SR-1 N/B","HEARST CASTLE RD",5808.00,S,N,A,-,Y,,,,,,,,,,Y,2,0,2,2,A,-,09,21801,A,N,D,C,A,A,H,-,A,D,0,,,,,Y,,J,48,1,0,1,0,0,0,0,0,0,"- ","- ",35.637050000000002,-120.1671,"SAN LUIS OBISPO",UNINCORPORATED,-121.16775085,35.637288669999997
90185540,2016,2016-05-23,9740,2016-05-09,1245,014460,,1,1,9,4000,0,1,3,,1,014,SR-1,"MONTE CRISTO PLACE",50.00,S,N,A,-,Y,,,,,,,,,,Y,2,0,2,2,A,-,03,22350,,N,C,C,A,A,H,-,A,D,0,,,,Y,Y,,A,08,1,0,1,0,0,0,0,0,0,"- ","- ",35.321300000000001,-121.0314,"SAN LUIS OBISPO",UNINCORPORATED,-121.05360752999999,35.537297940000002
90186206,2016,2016-05-25,9740,2016-05-02,1432,014622,,1,2,9,4000,0,1,2,,2,001,"US-101 NORTHBOUND","SANTA BARBARA ROAD",8448.00,S,N,A,-,Y,,,101,,,,,,N,Y,2,0,2,2,A,-,01,23152,E,N,C,C,A,A,H,-,A,D,0,,,,,Y,,D,22,1,0,1,0,0,0,0,0,0,"- ","- ",35.421729999999997,-120.63051,"SAN LUIS OBISPO",UNINCORPORATED,-120.63063122,35.421672540000003
90187795,2016,2016-05-26,9745,2016-05-25,1050,013206,9745,3,1,9,4000,0,1,2,,2,505,"US-101 SOUTHBOUND","LAETITIA VINEYARD DR",1584.00,N,N,B,-,Y,,,101,,,,,,S,Y,2,0,1,1,A,-,08,22107,,N,F,A,A,A,H,-,A,D,0,,,,,Y,,D,22,1,0,0,0,0,0,0,0,0,"- ","- ",35.091769999999997,-120.54227,"SAN LUIS OBISPO",UNINCORPORATED,-120.54222824999999,35.091812349999998
90196847,2016,2016-06-08,9740,2016-05-31,1630,015854,,2,2,9,4000,0,3,5,,2,017,"EL POMAR DR","VAQUERO DR",93.00,E,N,A,-,N,,,,,,,,,,Y,2,0,1,1,A,-,03,22350,,N,F,A,A,A,H,-,A,D,0,,,Y,,Y,,C,02,1,0,0,0,0,0,0,0,1,"- ","- ",35.55885,-120.68839,"SAN LUIS OBISPO",UNINCORPORATED,-120.68827533,35.558825300000002
90205689,2016,2016-06-20,9745,2016-06-16,1640,016714,,4,2,9,4000,0,3,5,,2,002,"O'CONNOR WAY (2400 BLOCK)","SUTTER AVE.",1056.00,E,N,A,-,N,,,,,,,,,,Y,2,0,2,1,A,-,01,23152,A,N,E,I,A,A,H,-,A,D,0,,,,,Y,Y,A,07,1,0,1,0,0,0,0,0,0,"- ","- ",35.317900000000002,-120.73972999999999,"SAN LUIS OBISPO",UNINCORPORATED,-120.7397577,35.317898820000003
90215237,2016,2016-07-04,9745,2016-06-30,1620,016514,,4,2,9,4000,0,2,4,,1,025,"LOS OSOS VALLEY RD","BAYVIEW HEIGHTS DR",0.00,,Y,A,-,N,,,,,,,,,,N,2,0,1,2,A,-,11,21453,D,N,D,B,E,A,H,-,A,A,0,Y,,,,Y,,N,60,1,0,0,0,1,0,0,0,0,"- ","- ",35.311320000000002,-120.8331,"SAN LUIS OBISPO",UNINCORPORATED,-120.8331499,35.311239999999998
90215432,2016,2016-07-04,9740,2016-06-28,2100,014465,,2,2,9,4000,0,3,5,,2,016,"GAVIOTA TRAIL","SODA LAKE RD",524.00,W,N,A,-,N,,,,,,,,,,N,2,0,1,1,A,-,03,22350,,N,F,A,A,A,H,-,D,D,0,,,Y,,Y,,C,06,1,0,0,0,0,0,0,0,1,"- ","- ",35.293140000000001,-119.97226000000001,"SAN LUIS OBISPO",UNINCORPORATED,-119.97236033,35.293248310000003
90221788,2016,2016-10-06,9740,2016-04-30,1814,019259,,6,2,9,4000,0,1,3,,2,005,"SR-58 E/B","J STREET",2000.00,E,N,A,-,Y,,,58,,,,,,E,Y,1,1,1,2,A,-,01,23152,A,N,A,C,A,A,H,-,A,D,0,,,,,Y,Y,A,01,1,0,0,0,0,0,0,0,0,"- ","- ",35.391559999999998,-120.59643,"SAN LUIS OBISPO",UNINCORPORATED,-120.59642458,35.391578959999997
90227887,2016,2016-07-21,9740,2016-07-12,0343,015854,,2,3,9,4000,0,1,3,,2,008,"SR-46 EAST","FLOWER LN",667.00,W,N,A,-,Y,,,46,,,,,,,Y,2,0,8,4,A,-,08,22107,,N,A,C,A,A,H,-,D,D,0,,,,Y,Y,,G,25,5,1,2,0,0,0,0,0,0,"- ","- ",35.662480000000002,-120.37138,"SAN LUIS OBISPO",UNINCORPORATED,-120.37138126000001,35.662411910000003
90239580,2016,2016-08-08,9740,2016-07-14,0945,013984,,4,1,9,4000,0,1,3,,1,014,"SR 1","OLD STAGE COACH RD.",4224.00,N,N,B,-,Y,,,,,,,,,,Y,2,0,1,2,A,-,06,21750,,N,D,C,A,A,H,-,A,D,0,,,,,Y,,A,07,1,0,0,0,0,0,0,0,0,"- ","- ",35.628019999999999,-121.59349,"SAN LUIS OBISPO",UNINCORPORATED,,
90242879,2016,2016-08-11,9740,2016-07-29,1600,019259,,5,2,4,4008,0,1,2,,2,002,"US-101 NORTHBOUND",SR-41,528.00,N,N,A,-,Y,,,101,,,,,,N,Y,2,0,1,1,A,-,08,22107,,N,F,D,A,A,H,-,A,D,0,,,Y,,Y,,C,02,1,0,0,0,0,0,0,0,1,"- ","- ",35.486359999999998,-120.66682,"SAN LUIS OBISPO",ATASCADERO,-120.66680516,35.486385689999999
90243274,2016,2016-08-11,9740,2016-06-03,0255,015167,,5,3,9,4000,0,1,2,,2,001,"US 101 (S/B)","SANTA BARBARA RD",1056.00,N,N,A,-,Y,,,,,,,,,,Y,1,1,0,1,A,-,01,23152,A,N,E,I,A,A,H,-,C,D,0,,,,,Y,Y,D,22,0,0,0,0,0,0,0,0,0,"- ","- ",35.450339999999997,-120.63974,"SAN LUIS OBISPO",UNINCORPORATED,-120.63883721000001,35.446368390000004
9024423,2019,2020-03-04,4002,2019-12-18,1852,459,,3,5,3,4002,0,0,0,,0,,"S 13TH ST","MENTONE AV",0.00,,Y,A,-,N,,,,,,,,,,N,2,0,2,3,A,-,10,21950,A,N,G,B,D,A,H,-,D,A,0,Y,,,,Y,,D,22,2,0,0,0,2,0,0,0,0,"- ","- ",,,"SAN LUIS OBISPO","GROVER BEACH",-120.61573028564453,35.115139007568359
90247648,2016,2016-08-18,9745,2016-07-26,2500,017541,,2,4,9,4000,0,2,4,,1,051,"LOS BERROS RD","FALCON CREST DR",830.00,W,N,A,-,N,,,,,,,,,,Y,1,1,0,1,A,-,08,22107,,N,E,I,A,A,H,-,A,D,0,,,,,Y,,D,22,0,0,0,0,0,0,0,0,0,"- ","- ",35.10172,-120.57503,"SAN LUIS OBISPO",UNINCORPORATED,-120.57454147999999,35.101743339999999
90249970,2016,2016-08-22,9745,2016-08-11,1215,014713,,4,1,9,4000,0,1,3,,1,011,SR-41,"CERRO ALTO ROAD",2112.00,N,N,A,-,Y,,,41,,,,,,,Y,2,0,1,1,A,-,08,22107,,N,E,I,A,A,H,-,A,D,0,,,,,Y,,A,01,1,0,0,0,0,0,0,0,0,"- ","- ",35.435690000000001,-120.75227,"SAN LUIS OBISPO",UNINCORPORATED,-120.75222467,35.435716220000003
90250411,2016,2016-08-23,9740,2016-08-07,0240,013246,,7,3,9,4000,0,3,5,,2,018,"LINNE RD","HANSON RD",2112.00,E,N,A,-,N,,,,,,,,,,Y,2,0,1,1,A,-,01,23152,A,N,E,I,A,A,H,-,D,D,0,,,,,Y,Y,A,07,1,0,0,0,0,0,0,0,0,"- ","- ",35.611899999999999,-120.6242,"SAN LUIS OBISPO",UNINCORPORATED,-120.62509636999999,35.611920040000001
90250561,2016,2016-08-23,9745,2016-07-14,1843,016514,,4,2,9,4000,0,1,3,,1,032,SR-227,"BIDDLE RANCH RD",1190.00,S,N,A,-,Y,,,227,,,,,,,N,1,1,0,2,A,-,08,22107,,N,H,G,A,A,H,-,A,D,0,,Y,,,Y,,A,01,0,0,0,0,0,1,0,0,0,"- ","- ",35.208260000000003,-120.61515,"SAN LUIS OBISPO",UNINCORPORATED,-120.61528659,35.208193090000002
90259769,2016,2016-09-02,9745,2016-08-13,1651,017968,,6,2,9,4000,0,1,2,,2,303,"US-101 N/B","AVILA BEACH DRIVE",1056.00,N,N,A,-,Y,,,101,,,,,,N,Y,2,0,2,1,A,-,01,23152,A,N,E,I,A,A,H,-,A,D,0,,,Y,,Y,Y,C,02,1,1,0,0,0,0,0,0,2,"- ","- ",35.184620000000002,-120.70135999999999,"SAN LUIS OBISPO",UNINCORPORATED,-120.70133118,35.184617160000002
90266404,2016,2016-09-13,9740,2016-09-07,0320,017426,,3,3,9,4000,0,3,5,,2,022,"ADELAIDA RD","HIDDEN MOUNTAIN RD",5280.00,S,N,A,-,N,,,,,,,,,,Y,2,0,1,1,A,-,01,23152,A,N,E,I,A,A,H,-,D,D,0,,,,,Y,Y,A,07,1,0,0,0,0,0,0,0,0,"- ","- ",35.389769999999999,-120.48125,"SAN LUIS OBISPO",UNINCORPORATED,-120.78376,35.648829999999997
90267066,2016,2016-09-13,9745,2016-09-07,0716,013531,,3,1,9,4000,0,2,4,,1,052,"THOMPSON ROAD","WILLOW ROAD",650.00,S,N,B,E,N,,,,,,,,,,Y,2,0,3,2,A,-,09,21801,A,N,A,C,A,A,H,-,A,D,0,,,,,Y,,A,01,1,2,0,0,0,0,0,0,0,"- ","- ",35.058109999999999,-120.49257,"SAN LUIS OBISPO",UNINCORPORATED,-120.49263307,35.05814883
9026979,2020,2020-09-25,4008,2020-01-13,1154,3125,,1,5,4,4008,0,0,0,,0,,"EL CAMINO REAL",ROSARIO,0.00,,Y,A,-,Y,SLO,5,101,-,-,46.200,R,4,N,N,2,0,1,2,A,-,09,21801,A,N,H,G,A,A,H,-,A,D,0,,Y,,,Y,,D,22,1,0,0,0,0,0,1,0,0,"- ",NO,35.490978240966797,-120.67347717285156,"SAN LUIS OBISPO",ATASCADERO,-120.67410278320312,35.490913391113281
90283780,2016,2016-10-04,9740,2016-09-04,1855,011615,,7,2,9,4000,0,1,3,,1,014,SR-1,"ARROYO DE LA CRUZ",2640.00,N,N,A,-,Y,,,,,,,,,,Y,2,0,3,2,A,-,08,22107,,N,A,C,A,A,H,-,A,D,0,,,,,Y,,A,01,1,1,1,0,0,0,0,0,0,"- ","- ",37.716340000000002,-121.30653,"SAN LUIS OBISPO",UNINCORPORATED,,
90297576,2016,2016-10-20,9740,2016-09-09,1615,013133,,5,2,9,4000,0,1,3,,2,005,SR-58,"SUN STORM LANE",1520.00,W,N,A,-,Y,,,58,,,,,,,Y,1,1,0,1,A,-,08,22107,,N,E,I,A,A,H,-,A,D,0,,,,,Y,,A,01,0,0,0,0,0,0,0,0,0,"- ","- ",35.437440000000002,-120.50396000000001,"SAN LUIS OBISPO",UNINCORPORATED,-120.50394923,35.43756054
90319488,2016,2016-11-15,9745,2016-10-23,1820,017930,,7,2,9,4000,0,3,5,,2,005,"SUEY CREEK",SR-166,29.00,N,N,B,-,N,,,,,,,,,,Y,1,1,0,1,A,-,03,22350,,N,F,A,A,A,H,-,B,D,0,,,Y,,Y,,C,02,0,0,0,0,0,0,0,1,0,"- ","- ",35.003239999999998,-120.36033999999999,"SAN LUIS OBISPO",UNINCORPORATED,-120.36030406,35.003248810000002
90340219,2016,2016-12-08,9745,2016-12-03,0015,020689,,6,3,9,4000,0,3,5,,2,004,"EL CAMPO RD","HALCYON RD",201.00,S,N,A,-,N,,,,,,,,,,Y,2,0,1,1,A,-,01,23152,A,N,E,I,A,A,H,-,C,D,0,,,,,Y,Y,D,22,1,0,0,0,0,0,0,0,0,"- ","- ",35.073700000000002,-120.5762,"SAN LUIS OBISPO",UNINCORPORATED,-120.57632085,35.073511629999999
90342768,2016,2016-12-12,9745,2016-12-03,1253,017151,,6,1,9,4000,0,3,5,,2,002,"OLD CREEK RD","MONTECITO RD",7920.00,E,N,A,-,N,,,,,,,,,,Y,1,1,0,2,A,-,05,21460,A,N,A,G,A,A,H,-,A,D,0,,Y,,,Y,,A,01,0,0,0,0,0,1,0,0,0,"- ","- ",35.45722,-120.86208000000001,"SAN LUIS OBISPO",UNINCORPORATED,-120.86225963,35.457030369999998
90345690,2016,2016-12-15,9745,2016-09-15,0220,014996,,4,3,9,4000,0,1,2,,2,505,"US-101 SOUTHBOUND","EL CAMPO RD",3696.00,S,N,A,-,Y,,,101,,,,,,S,Y,1,1,1,3,A,-,01,23152,A,F,C,E,A,A,H,-,D,D,0,,,,,Y,Y,D,22,0,1,0,0,0,0,0,0,0,"- ","- ",35.105670000000003,-120.55337,"SAN LUIS OBISPO",UNINCORPORATED,-120.55339753,35.105637690000002
90352864,2016,2016-12-27,9740,2016-11-11,1637,014465,,5,2,9,4000,0,1,2,,2,004,"US 101 S/B","EXLINE RD",2640.00,N,N,A,-,Y,,,,,,,,,,Y,2,0,1,3,A,-,08,22107,,N,B,C,A,A,H,-,A,D,0,,,,Y,Y,,G,25,1,0,0,0,0,0,0,0,0,"- ","- ",35.689540000000001,-120.69692000000001,"SAN LUIS OBISPO",UNINCORPORATED,,
90368486,2017,2017-03-21,9745,2017-01-05,0425,016773,,4,3,9,4000,0,1,3,,1,041,"SR-1, (CIENAGA ST.)","24TH ST.",0.00,,Y,C,-,Y,,,1,,,,,,,Y,2,0,2,5,A,-,03,22350,,N,C,E,A,B,H,-,D,D,0,,,,,Y,,A,08,1,0,1,0,0,0,0,0,0,"- ","- ",35.098190000000002,-120.6041,"SAN LUIS OBISPO",UNINCORPORATED,-120.60409964,35.098116779999998
90384084,2017,2017-02-01,9745,2017-01-31,0839,016068,,2,1,9,4000,0,2,4,,1,025,"LOS OSOS VALLEY RD","JACARANDA LN",636.00,W,N,A,-,N,,,,,,,,,,Y,2,0,3,3,A,-,08,22107,,N,A,C,A,A,H,-,A,D,0,,,,,Y,,D,22,1,0,2,0,0,0,0,0,0,"- ","- ",35.301270000000002,-120.79234,"SAN LUIS OBISPO",UNINCORPORATED,-120.79203852000001,35.301223530000001
90385458,2017,2017-02-03,9745,2017-02-01,1313,015144,,3,1,9,4000,0,3,5,,2,004,"EL CAMPO RD","GREEN PL",655.00,E,N,A,-,N,,,,,,,,,,N,2,0,1,2,A,-,05,21460,A,N,B,C,A,A,H,-,A,A,0,,,Y,,Y,,C,02,1,0,0,0,0,0,0,0,1,"- ","- ",35.082749999999997,-120.56904,"SAN LUIS OBISPO",UNINCORPORATED,-120.56913393000001,35.082734600000002
90397391,2017,2017-02-21,9740,2017-01-21,0131,013417,,6,3,9,4000,0,1,2,,2,002,"US-101 NORTHBOUND","PASO ROBLES CREEK",1350.00,N,N,B,-,Y,,,101,,,,,,N,Y,2,0,2,1,A,-,01,23152,A,N,E,I,A,B,B,C,D,D,0,,,,,Y,Y,A,01,2,0,0,0,0,0,0,0,0,"- ","- ",35.531970000000001,-120.70950000000001,"SAN LUIS OBISPO",UNINCORPORATED,-120.70950980000001,35.531962550000003
90397500,2017,2017-02-21,9745,2017-02-16,0825,020689,,4,1,9,4000,0,1,2,,2,505,"US-101 SOUTHBOUND","EL CAMPO RD",0.00,,Y,C,-,Y,,,101,,,,,,S,Y,2,0,3,2,A,-,09,21802,A,N,D,C,A,B,H,-,A,A,0,,,,,Y,,A,08,1,0,2,0,0,0,0,0,0,"- ","- ",35.111199999999997,-120.56361,"SAN LUIS OBISPO",UNINCORPORATED,-120.56361982999999,35.11116707
90416404,2017,2017-03-21,9740,2017-02-19,1840,018323,,7,2,9,4000,0,3,5,,2,017,"EL POMAR DR","MOSS LANE",343.00,N,N,C,-,N,,,,,,,,,,Y,2,0,9,1,A,-,08,22107,,N,E,I,A,B,H,-,D,D,0,,,,,Y,,A,07,3,4,2,0,0,0,0,0,0,"- ","- ",35.54421,-120.70055000000001,"SAN LUIS OBISPO",UNINCORPORATED,-120.70056039000001,35.544298920000003
90428367,2017,2017-04-05,9745,2017-04-04,0718,014713,,2,1,9,4000,0,3,5,,2,003,"SAN LUIS BAY DR","N. AVILA ROAD O/C BR-49-192",170.00,E,N,A,-,N,,,,,,,,,,Y,2,0,1,2,A,-,09,21801,A,N,H,G,A,A,H,-,A,D,0,,Y,,,Y,,A,01,1,0,0,0,0,0,1,0,0,"- ","- ",35.196150000000003,-120.69847,"SAN LUIS OBISPO",UNINCORPORATED,-120.69848210000001,35.196033900000003
90434604,2017,2017-04-14,9745,2017-04-08,0012,017541,,6,3,4,4006,0,1,2,,2,202,"US-101 SOUTHBOUND TO MONTEREY STREET","BUENA VISTA AVE",300.00,N,N,C,-,Y,,,101,,,,R,,S,Y,2,0,1,2,A,-,11,21954,A,N,G,B,D,B,H,-,D,D,0,Y,,,,Y,Y,N,60,1,0,0,0,1,0,0,0,0,"- ","- ",35.29204,-120.64829,"SAN LUIS OBISPO","SAN LUIS OBISPO",-120.64829,35.29204
90438875,2017,2017-04-20,9745,2017-04-05,1731,016714,,3,2,9,4000,0,3,5,,2,002,"9TH STREET, (1900 BLOCK)","NIPOMO AVENUE",7.00,S,N,A,-,N,,,,,,,,,,Y,1,1,1,2,A,-,03,22350,,N,A,C,A,A,H,-,A,D,0,,,Y,,Y,,C,02,0,0,1,0,0,0,0,1,0,"- ","- ",35.316879999999998,-120.83329999999999,"SAN LUIS OBISPO",UNINCORPORATED,-120.83329999999999,35.31691077
90439018,2017,2017-04-20,9745,2017-04-15,1826,016714,,6,2,9,4000,0,1,2,,1,101,"US-101 N/B","TASSAJARA CREEK ROAD",528.00,S,N,A,-,Y,,,101,,,,,,N,Y,2,0,1,1,A,-,01,23152,A,N,E,I,A,A,H,-,A,D,0,,,Y,,Y,Y,C,02,1,0,0,0,0,0,0,0,1,"- ","- ",35.369410000000002,-120.64107,"SAN LUIS OBISPO",UNINCORPORATED,-120.64109089,35.369410440000003
90439654,2017,2017-04-21,9745,2017-03-21,0353,017151,,2,3,9,4000,0,1,2,,1,101,"US-101 NORTHBOUND",SR-58,2112.00,S,N,C,-,Y,,,101,,,,,,N,Y,1,1,0,1,A,-,08,22107,,N,E,I,A,B,H,-,D,D,0,,,,,Y,,A,07,0,0,0,0,0,0,0,0,0,"- ","- ",35.377749999999999,-120.63514000000001,"SAN LUIS OBISPO",UNINCORPORATED,-120.63518821,35.377792360000001
90447045,2017,2017-05-02,9740,2017-03-27,2500,018323,,1,4,9,4000,0,3,5,,2,021,"SANTA RITA RD","RAYMOND AVENUE",6336.00,W,N,A,-,N,,,,,,,,,,Y,1,1,0,1,A,-,08,22107,,N,F,A,A,A,H,-,A,D,0,,,,,Y,,D,22,0,0,0,0,0,0,0,0,0,"- ","- ",35.525100000000002,-120.762,"SAN LUIS OBISPO",UNINCORPORATED,-120.76205602,35.525399669999999
90447155,2017,2017-05-02,9740,2017-04-20,1450,013733,,4,2,9,4000,0,1,3,,1,009,SR-46E,SR-41,0.00,,Y,B,-,Y,,,46,,,,,,,Y,1,1,6,2,A,-,09,21801,A,N,D,C,A,A,H,-,A,D,0,,,,,Y,,M,47,2,3,1,0,0,0,0,0,0,"- ","- ",35.734520000000003,-120.28447,"SAN LUIS OBISPO",UNINCORPORATED,-120.28446117,35.734468659999997
90448303,2017,2017-07-26,9740,2017-04-23,1036,013984,,7,1,9,4000,0,3,5,,2,019,"CROSS CANYON RD","LOWES CANYON RD",600.00,S,N,A,-,N,,,,,,,,,,N,2,0,1,2,C,-,18,,,N,F,A,A,A,H,-,A,D,0,,Y,,,Y,,-,"- ",1,0,0,0,0,0,1,0,0,"- ","- ",35.751489999999997,-120.64859,"SAN LUIS OBISPO",UNINCORPORATED,-120.64849255,35.751101339999998