CASE_ID,ACCIDENT_YEAR,PROC_DATE,JURIS,COLLISION_DATE,COLLISION_TIME,OFFICER_ID,REPORTING_DISTRICT,DAY_OF_WEEK,CHP_SHIFT,POPULATION,CNTY_CITY_LOC,SPECIAL_COND,BEAT_TYPE,CHP_BEAT_TYPE,CITY_DIVISION_LAPD,CHP_BEAT_CLASS,BEAT_NUMBER,PRIMARY_RD,SECONDARY_RD,DISTANCE,DIRECTION,INTERSECTION,WEATHER_1,WEATHER_2,STATE_HWY_IND,CALTRANS_COUNTY,CALTRANS_DISTRICT,STATE_ROUTE,ROUTE_SUFFIX,POSTMILE_PREFIX,POSTMILE,LOCATION_TYPE,RAMP_INTERSECTION,SIDE_OF_HWY,TOW_AWAY,COLLISION_SEVERITY,NUMBER_KILLED,NUMBER_INJURED,PARTY_COUNT,PRIMARY_COLL_FACTOR,PCF_CODE_OF_VIOL,PCF_VIOL_CATEGORY,PCF_VIOLATION,PCF_VIOL_SUBSECTION,HIT_AND_RUN,TYPE_OF_COLLISION,MVIW,PED_ACTION,ROAD_SURFACE,ROAD_COND_1,ROAD_COND_2,LIGHTING,CONTROL_DEVICE,CHP_ROAD_TYPE,PEDESTRIAN_ACCIDENT,BICYCLE_ACCIDENT,MOTORCYCLE_ACCIDENT,TRUCK_ACCIDENT,NOT_PRIVATE_PROPERTY,ALCOHOL_INVOLVED,STWD_VEHTYPE_AT_FAULT,CHP_VEHTYPE_AT_FAULT,COUNT_SEVERE_INJ,COUNT_VISIBLE_INJ,COUNT_COMPLAINT_PAIN,COUNT_PED_KILLED,COUNT_PED_INJURED,COUNT_BICYCLIST_KILLED,COUNT_BICYCLIST_INJURED,COUNT_MC_KILLED,COUNT_MC_INJURED,PRIMARY_RAMP,SECONDARY_RAMP,LATITUDE,LONGITUDE,COUNTY,CITY,POINT_X,POINT_Y
90450873,2017,2017-05-08,9745,2017-04-25,1820,015144,,2,2,9,4000,0,2,4,,1,048,"AVILA BEACH DRIVE","1ST STREET",0.00,,Y,A,-,N,,,,,,,,,,Y,2,0,4,3,A,-,01,23152,A,N,A,C,A,A,H,-,A,A,0,,,,,Y,Y,A,01,2,0,2,0,0,0,0,0,0,"- ","- ",35.180520000000001,-120.73593,"SAN LUIS OBISPO",UNINCORPORATED,-120.736053,35.180486999999999
90457354,2017,2017-05-16,9740,2017-05-06,1250,016849,,6,1,9,4000,0,3,5,,2,022,"VINEYARD DRIVE","OAKDALE ROAD",248.00,S,N,B,-,N,,,,,,,,,,N,2,0,1,1,A,-,08,22107,,N,F,A,A,A,H,-,A,D,0,,Y,,,Y,,L,04,1,0,0,0,0,0,1,0,0,"- ","- ",35.556600000000003,-120.77030000000001,"SAN LUIS OBISPO",UNINCORPORATED,-120.77032822,35.556597979999999
90458389,2017,2017-05-23,9740,2017-05-13,2354,018995,,6,3,9,4000,0,3,5,,2,017,"CRESTON RD.","NEAL SPRINGS RD",5808.00,W,N,A,-,N,,,,,,,,,,Y,2,0,1,1,A,-,01,23152,A,N,E,I,A,A,H,-,D,D,0,,,,,Y,Y,A,01,1,0,0,0,0,0,0,0,0,"- ","- ",35.585970000000003,-120.63112,"SAN LUIS OBISPO",UNINCORPORATED,-120.63042127999999,35.585903799999997
90459511,2017,2017-05-19,9750,2017-05-05,2346,020510,,5,3,9,4000,0,1,2,,2,001,"US-101 N/B","SR-166 E/B",253.00,S,N,A,-,Y,,,101,,,,,,N,Y,2,0,1,1,A,-,01,23152,A,N,E,I,A,A,H,-,D,D,0,,,,,Y,Y,A,01,1,0,0,0,0,0,0,0,0,"- ","- ",34.995559999999998,-120.43456999999999,"SAN LUIS OBISPO",UNINCORPORATED,-120.43446014,34.995585800000001
90472605,2017,2017-06-07,9745,2017-05-29,1152,017857,,1,1,9,4000,0,1,3,,1,021,"SR-1 NORTHBOUND","VILLA CREEK RD",5808.00,N,N,A,-,Y,,,1,,,,,,N,Y,2,0,5,3,A,-,03,22350,,N,C,C,A,A,H,-,A,D,0,,,,,Y,,A,01,1,4,0,0,0,0,0,0,0,"- ","- ",35.478189999999998,-120.99169000000001,"SAN LUIS OBISPO",UNINCORPORATED,-120.99170168000001,35.478177109999997
90481243,2017,2017-09-18,9740,2017-05-09,2117,018995,,2,2,9,4000,0,1,3,,2,008,"SR-46 E/B","LUCY BROWN RD",1056.00,W,N,A,-,Y,,,46,,,,,,E,Y,1,1,2,3,A,-,08,22107,,N,D,C,A,A,H,-,D,D,0,,,,,Y,,A,01,1,0,1,0,0,0,0,0,0,"- ","- ",35.684159999999999,-120.33866,"SAN LUIS OBISPO",UNINCORPORATED,-120.33867418,35.68416972
90494556,2017,2017-07-05,9745,2017-06-26,1210,017541,,1,1,9,4000,0,1,3,,1,041,SR-1,"OSO FLACO LAKE RD",0.00,,Y,A,-,Y,,,1,,,,,,,Y,2,0,5,3,A,-,09,21802,A,N,D,C,A,A,H,-,A,D,0,,,,,Y,,A,01,1,0,4,0,0,0,0,0,0,"- ","- ",35.011209999999998,-120.5673,"SAN LUIS OBISPO",UNINCORPORATED,-120.56739702,35.011250220000001
90507115,2017,2017-07-24,9745,2017-07-14,0249,017857,,5,3,4,4006,0,1,2,,1,101,"US-101 SOUTHBOUND","MONTEREY STREET",1056.00,N,N,B,-,Y,,,101,,,,,,S,Y,2,0,1,1,A,-,01,23152,A,N,E,I,A,A,H,-,D,D,0,,,,,Y,Y,A,07,1,0,0,0,0,0,0,0,0,"- ","- ",35.292610000000003,-120.64396000000001,"SAN LUIS OBISPO","SAN LUIS OBISPO",-120.64398154,35.292644500000002
90508493,2017,2017-07-26,9745,2017-07-16,2230,017238,,7,3,4,4006,0,3,5,,2,004,"1836 HUASNA  ROAD","LOPEZ DR",1584.00,W,N,A,-,N,,,,,,,,,,Y,2,0,1,1,A,-,01,23152,A,N,E,I,A,A,H,-,D,D,0,,,,,Y,Y,A,01,1,0,0,0,0,0,0,0,0,"- ","- ",35.136710000000001,-120.54899,"SAN LUIS OBISPO","SAN LUIS OBISPO",-120.55027231,35.135874979999997
90508597,2017,2017-07-26,9740,2017-07-15,1605,018995,,6,2,9,4000,0,1,3,,2,011,SR-46,"BETHEL RD",0.00,,Y,A,-,Y,,,46,,,,,,,Y,2,0,3,2,A,-,03,22350,,N,C,C,A,A,H,-,A,D,0,,,,,Y,,A,07,2,1,0,0,0,0,0,0,0,"- ","- ",35.580210000000001,-120.71975,"SAN LUIS OBISPO",UNINCORPORATED,-120.71975886,35.580221000000002
90513574,2017,2017-08-01,9740,2017-07-26,1950,014543,,3,2,9,4000,0,3,5,,2,017,"TEMPLETON RD","BLUE BIRD HILL LN",792.00,S,N,A,-,N,,,,,,,,,,N,2,0,1,1,A,-,01,23152,A,N,F,I,A,A,H,-,A,D,0,,,Y,,Y,Y,C,02,1,0,0,0,0,0,0,0,1,"- ","- ",35.51285,-120.65376999999999,"SAN LUIS OBISPO",UNINCORPORATED,-120.65397949,35.513293969999999
90514559,2017,2017-08-02,9740,2017-07-23,1235,013133,,7,1,9,4000,0,1,3,,2,007,SR-41,"VIA VISTA WAY",0.00,,N,A,-,Y,,,41,,,,,,,N,2,0,1,1,A,-,03,22350,,N,E,I,A,A,H,-,A,A,0,,,Y,,Y,,C,02,1,0,0,0,0,0,0,0,1,"- ","- ",35.510330000000003,-120.62354000000001,"SAN LUIS OBISPO",UNINCORPORATED,-120.62361378,35.51032301
90519189,2017,2017-08-08,9740,2017-07-27,1005,015644,,4,1,9,4000,0,1,3,,1,014,"SR-1 N/B","HARMONY VALLEY RD",1056.00,N,N,A,-,Y,,,,,,,,,,N,2,0,1,1,A,-,03,22350,,N,E,J,A,A,D,-,D,A,0,,Y,,,Y,,L,04,1,0,0,0,0,0,1,0,0,"- ","- ",,,"SAN LUIS OBISPO",UNINCORPORATED,-121.0249206,35.508950130000002
90523662,2017,2017-08-15,9745,2017-08-09,1113,015144,,3,1,9,4000,0,3,5,,2,003,"SQUIRE CANYON RD","SQUIRE OAKS LN",2640.00,E,N,A,-,N,,,,,,,,,,N,2,0,1,1,A,-,03,22350,,N,F,A,A,A,H,-,A,D,0,,Y,,,Y,,L,04,1,0,0,0,0,0,1,0,0,"- ","- ",35.193809999999999,-120.67476000000001,"SAN LUIS OBISPO",UNINCORPORATED,-120.67489999999999,35.193519999999999
90529350,2017,2017-08-23,9745,2017-08-18,1735,017097,,5,2,9,4000,0,1,3,,1,040,SR-227,"CORBETT CANYON RD",1650.00,S,N,A,-,Y,,,227,,,,,,,Y,2,0,1,1,A,-,03,22350,,N,F,A,A,A,H,-,A,D,0,,,Y,,Y,,C,02,1,0,0,0,0,0,0,0,1,"- ","- ",35.191330000000001,-120.60355,"SAN LUIS OBISPO",UNINCORPORATED,-120.6036261,35.191292539999999
90534300,2017,2017-08-25,9745,2017-07-12,2202,016514,,3,3,9,4000,0,3,5,,2,002,"FOOTHILL BLVD","O'CONNOR WAY",366.00,S,N,A,-,N,,,,,,,,,,Y,1,1,0,2,A,-,11,21954,A,N,G,B,E,A,H,-,D,D,0,Y,,,,Y,,N,60,0,0,0,1,0,0,0,0,0,"- ","- ",35.280999999999999,-120.7089,"SAN LUIS OBISPO",UNINCORPORATED,-120.70906089,35.280810459999998
90535092,2017,2017-08-28,9740,2017-08-22,1925,017952,,2,2,9,4000,0,1,3,,2,005,SR-58,"NAVAJO CREEK RD",8448.00,E,N,A,-,Y,,,58,,,,,,,Y,2,0,1,1,A,-,08,22107,,N,E,I,A,A,H,-,B,D,0,,,,,Y,,D,22,1,0,0,0,0,0,0,0,0,"- ","- ",35.403419999999997,-120.20923999999999,"SAN LUIS OBISPO",UNINCORPORATED,-120.20924306000001,35.403403050000001
90539843,2017,2017-09-04,9750,2017-08-23,1542,017496,,3,2,9,4000,0,1,3,,2,061,"SR-166 E/B","ALAMO CREEK RD",15840.00,E,N,A,-,Y,,,166,,,,,,E,Y,2,0,2,1,A,-,08,22107,,N,F,A,A,A,H,-,A,D,0,,,,Y,Y,,F,26,1,0,1,0,0,0,0,0,0,"- ","- ",35.029269999999997,-120.24675000000001,"SAN LUIS OBISPO",UNINCORPORATED,-120.24678206999999,35.02920949
90554678,2017,2017-10-18,9740,2017-09-02,1831,013952,,6,2,9,4000,0,1,2,,2,004,"US 101 S/B","SAN MARCOS ROAD",528.00,S,N,A,-,Y,,,,,,,,,,N,2,0,2,2,A,-,03,22350,,N,B,C,A,A,D,-,A,A,0,,,Y,,Y,,C,02,1,1,0,0,0,0,0,0,2,"- ","- ",,,"SAN LUIS OBISPO",UNINCORPORATED,,
90568776,2017,2017-10-12,9740,2017-10-04,1258,014622,,3,1,9,4000,0,3,5,,2,017,"TEMPLETON ROAD","LUPINE LANE",5280.00,W,N,A,-,N,,,,,,,,,,Y,2,0,1,1,A,-,08,22107,,N,F,A,A,A,H,-,A,D,0,,,Y,,Y,,C,02,1,0,0,0,0,0,0,0,1,"- ","- ",35.527670000000001,-120.68091,"SAN LUIS OBISPO",UNINCORPORATED,-120.67991250999999,35.527612130000001
90580864,2017,2017-10-27,9740,2017-10-22,1743,018995,,7,2,9,4000,0,3,5,,2,022,"VINEYARD DR","JENSEN RD",464.00,S,N,A,-,N,,,,,,,,,,N,2,0,1,1,A,-,08,22107,,N,E,I,A,A,A,-,A,D,0,,,Y,,Y,,C,02,1,0,0,0,0,0,0,0,1,"- ","- ",35.597200000000001,-120.83177000000001,"SAN LUIS OBISPO",UNINCORPORATED,-120.83151478000001,35.597035910000002
90582521,2017,2017-10-30,9740,2017-10-27,0730,016816,,5,1,3,4004,0,1,2,,2,004,"US-101 NORTHBOUND","SPRING ST. U/C",520.00,S,N,A,-,Y,,,101,,,,,,N,Y,2,0,1,1,A,-,03,22350,,N,F,A,A,A,H,-,A,D,0,,,Y,,Y,,C,02,1,0,0,0,0,0,0,0,1,"- ","- ",35.651829999999997,-120.69044,"SAN LUIS OBISPO","PASO ROBLES",-120.69047396000001,35.651795210000003
90583949,2017,2017-10-31,9745,2017-10-21,0635,016390,,6,1,9,4000,0,1,3,,1,045,"OSO FLACO LAKE ROAD",SR-1,0.00,,Y,A,-,Y,,,,,,,,,,Y,2,0,2,2,A,-,09,21802,A,N,D,C,A,A,H,-,B,A,0,,,,,Y,,A,08,1,1,0,0,0,0,0,0,0,"- ","- ",35.010750000000002,-120.5675,"SAN LUIS OBISPO",UNINCORPORATED,-120.56757986,35.010770049999998
90588349,2017,2017-11-06,9740,2017-11-05,0810,013984,,7,1,9,4000,0,1,3,,2,007,"RT 41","SHEDD CANYON RD",1584.00,S,N,A,-,Y,,,41,,,,,,,Y,2,0,1,1,A,-,08,22107,,N,E,I,A,A,H,-,A,A,0,,,,,Y,,D,22,1,0,0,0,0,0,0,0,0,"- ","- ",35.578110000000002,-120.43611,"SAN LUIS OBISPO",UNINCORPORATED,-120.43612048,35.578146590000003
90592709,2017,2017-11-13,9740,2017-09-30,2235,016816,,6,3,9,4000,0,1,2,,2,004,"US-101 SOUTHBOUND","WELLSONA RD.",0.00,,Y,A,-,Y,,,101,,,,,,S,Y,1,1,1,2,A,-,01,23152,A,N,D,C,A,A,H,-,C,D,0,,,,,Y,Y,D,22,1,0,0,0,0,0,0,0,0,"- ","- ",35.695929999999997,-120.69669,"SAN LUIS OBISPO",UNINCORPORATED,-120.69679546,35.695931260000002
90603070,2017,2017-11-27,9740,2017-11-17,0545,019259,,5,3,9,4000,0,1,2,,2,001,"US-101 SOUTHBOUND",SR-58,7920.00,N,N,B,-,Y,,,101,,,,,,S,Y,2,0,1,1,A,-,03,22350,,N,F,A,A,B,H,-,D,D,0,,,Y,,Y,,C,02,1,0,0,0,0,0,0,0,1,"- ","- ",35.40361,-120.62405,"SAN LUIS OBISPO",UNINCORPORATED,-120.62395377999999,35.403650450000001
90608051,2017,2017-12-01,9745,2017-11-29,0205,014996,,3,3,4,4006,0,1,2,,2,202,US-101,"BROAD ST",15.00,N,N,A,-,Y,,,101,,,,,,,Y,2,0,1,2,A,-,11,21956,,N,G,B,E,A,H,-,C,D,0,Y,,,,Y,Y,N,60,1,0,0,0,1,0,0,0,0,"- ","- ",35.283259999999999,-120.66749,"SAN LUIS OBISPO","SAN LUIS OBISPO",-120.66751444000001,35.283281529999996
90608474,2017,2017-12-04,9740,2017-11-19,1740,013952,,7,2,9,4000,0,3,5,,2,016,"WEST POZO ROAD","SANTA MARGARITA LAKE RD",31152.00,E,N,A,-,N,,,,,,,,,,Y,2,0,2,1,A,-,01,23152,A,N,E,I,A,A,H,-,D,D,0,,,,,Y,Y,D,22,1,1,0,0,0,0,0,0,0,"- ","- ",35.289340000000003,-120.42712,"SAN LUIS OBISPO",UNINCORPORATED,-120.42770701000001,35.288989209999997
90609589,2017,2017-12-04,9745,2017-11-21,1000,013212,,2,1,9,4000,0,2,4,,1,025,"LOS OSOS VALLEY RD","CLARK VALLEY RD",1056.00,E,N,A,-,N,,,,,,,,,,N,2,0,1,2,A,-,08,22107,,N,B,G,A,A,H,-,A,D,0,,Y,,,Y,,A,01,1,0,0,0,0,0,1,0,0,"- ","- ",35.30245,-120.79581,"SAN LUIS OBISPO",UNINCORPORATED,-120.79731226,35.302704689999999
90611619,2017,2017-12-06,9740,2017-11-17,2047,014460,,5,2,9,4000,0,1,3,,2,008,SR-46,"GENESEO ROAD",0.00,,Y,A,-,Y,,,46,,,,,,,Y,1,1,1,2,A,-,01,23152,A,N,D,C,A,A,H,-,D,D,0,,,,,Y,Y,A,01,0,1,0,0,0,0,0,0,0,"- ","- ",35.65916,-120.56108,"SAN LUIS OBISPO",UNINCORPORATED,-120.56107804,35.65946495
90612254,2017,2017-12-07,9745,2017-11-24,1210,017968,,5,1,9,4000,0,3,5,,2,001,"OLD STAGECOACH ROAD",US-101,1327.00,W,N,A,-,N,,,,,,,,,,Y,2,0,3,1,A,-,03,22350,,N,E,I,A,A,H,-,A,D,0,,,,,Y,,A,01,1,2,0,0,0,0,0,0,0,"- ","- ",35.321089999999998,-120.62211000000001,"SAN LUIS OBISPO",UNINCORPORATED,-120.62208274,35.320776899999998
90612993,2017,2017-12-08,9745,2017-11-28,1040,013212,,2,1,9,4000,0,3,5,,2,002,"FOOTHILL BLVD","JOHE LN",2640.00,E,N,A,-,N,,,,,,,,,,Y,2,0,1,2,A,-,03,22350,,F,C,C,A,A,H,-,A,D,0,,,Y,,Y,,C,02,1,0,0,0,0,0,0,0,1,"- ","- ",35.288260000000001,-120.6957,"SAN LUIS OBISPO",UNINCORPORATED,-120.69696761,35.28769234
90613086,2017,2017-12-08,9745,2017-11-13,0426,017857,,1,3,9,4000,0,1,2,,2,303,"US-101 NORTHBOUND","HIGUERA STREET",1519.00,S,N,A,-,Y,,,101,,,,,,N,Y,1,1,0,2,A,-,11,21956,A,N,G,B,E,A,H,-,D,D,0,Y,,,,Y,,N,60,0,0,0,1,0,0,0,0,0,"- ","- ",35.220440000000004,-120.69262999999999,"SAN LUIS OBISPO",UNINCORPORATED,-120.69262652,35.220438209999998
90631002,2017,2018-01-02,9740,2017-12-29,1930,018995,,5,2,9,4000,0,1,2,,2,001,"US-101 SOUTHBOUND","SANTA BARBARA RD",2582.00,N,N,A,-,Y,,,,,,,,,,Y,2,0,1,1,A,-,01,23152,A,N,F,A,A,A,H,-,D,D,0,,,,,Y,Y,A,07,1,0,0,0,0,0,0,0,0,"- ","- ",35.450470000000003,-120.63987,"SAN LUIS OBISPO",UNINCORPORATED,,
90636908,2018,2018-02-20,9740,2018-01-08,1112,013984,,1,1,9,4000,0,1,3,,1,015,"SR 1","SAN SIMEON CREEK BRIDGE",1056.00,S,N,C,-,Y,,,,,,,,,,Y,2,0,3,2,A,-,01,23152,A,N,C,C,A,B,H,-,A,D,0,,,,,Y,Y,A,01,2,1,0,0,0,0,0,0,0,"- ","- ",35.589309692382812,-120.12317657470703,"SAN LUIS OBISPO",UNINCORPORATED,-121.12595367431641,35.5963134765625
90639912,2018,2018-01-15,9745,2018-01-02,1209,017968,,2,1,9,4000,0,1,3,,2,023,SR-1,"HIGHLAND DRIVE",0.00,,Y,A,-,Y,,,1,,,,,,,Y,2,0,3,2,A,-,09,21453,C,N,A,C,A,A,H,-,A,A,0,,,,,Y,,A,07,1,1,1,0,0,0,0,0,0,"- ","- ",35.298431396484375,-120.67385864257812,"SAN LUIS OBISPO",UNINCORPORATED,-120.67390441894531,35.298370361328125
90654709,2018,2018-02-05,9740,2018-01-30,0200,013733,,2,3,9,4000,0,1,3,,2,007,SR-41,"CRIPPLE CREEK RD",7920.00,S,N,A,-,Y,,,41,,,,,,,Y,2,0,1,1,A,-,01,23152,A,N,E,I,A,A,H,-,D,D,0,,,,,Y,Y,D,22,1,0,0,0,0,0,0,0,0,"- ","- ",35.519138336181641,-120.57518005371094,"SAN LUIS OBISPO",UNINCORPORATED,-120.57517242431641,35.519134521484375
90658268,2018,2018-02-09,9745,2018-02-06,1702,020144,,2,2,9,4000,0,1,2,,2,505,"US-101 NORTHBOUND","EL CAMPO RD",6864.00,S,N,A,-,Y,,,101,,,,,,N,Y,2,0,1,2,A,-,07,21658,A,N,C,C,A,A,H,-,A,D,0,,,,Y,Y,Y,A,07,1,0,0,0,0,0,0,0,0,"- ","- ",35.102428436279297,-120.54878997802734,"SAN LUIS OBISPO",UNINCORPORATED,-120.54888916015625,35.102344512939453
90662403,2017,2018-02-15,9740,2017-12-03,0757,019259,,7,1,9,4000,0,1,3,,2,007,SR-41,"CRIPPLE CREEK RD",3168.00,S,N,B,-,Y,,,41,,,,,,,Y,1,1,1,1,A,-,01,23152,A,N,E,I,A,A,H,-,A,D,0,,,,,Y,Y,A,01,1,0,0,0,0,0,0,0,0,"- ","- ",35.527140000000003,-120.56310999999999,"SAN LUIS OBISPO",UNINCORPORATED,-120.56306478,35.527072779999997
90668418,2018,2018-03-21,9745,2018-02-21,1455,019809,,3,2,9,4000,0,3,5,,2,004,"HUASNA RD","BIG CANYON COURT",330.00,E,N,A,-,N,,,,,,,,,,N,1,1,0,2,A,-,08,22107,,N,D,G,A,A,H,-,A,D,0,,Y,,,Y,,L,04,0,0,0,0,0,1,0,0,0,"- ","- ",35.133090972900391,-120.55474090576172,"SAN LUIS OBISPO",UNINCORPORATED,-120.55467224121094,35.133064270019531
90669559,2018,2018-02-26,9740,2018-02-17,0145,013984,,6,3,9,4000,0,3,5,,2,017,"HALCON ROAD","ROCKY CANYON RD",500.00,W,N,A,-,N,,,,,,,,,,Y,2,0,1,1,A,-,03,22350,,N,E,I,A,A,H,-,D,D,0,,,,,Y,Y,A,01,1,0,0,0,0,0,0,0,0,"- ","- ",35.461631774902344,-120.624267578125,"SAN LUIS OBISPO",UNINCORPORATED,-120.62407684326172,35.461750030517578
90669583,2018,2018-02-26,9740,2018-02-18,1840,016816,,7,2,9,4000,0,3,5,,2,016,"SODA LAKE ROAD",SR-166,15840.00,N,N,A,-,N,,,,,,,,,,Y,2,0,8,1,A,-,08,22107,,N,F,A,A,A,H,-,D,D,0,,,,,Y,,A,07,1,6,1,0,0,0,0,0,0,"- ","- ",34.996181488037109,-119.49191284179688,"SAN LUIS OBISPO",UNINCORPORATED,-119.49188995361328,34.9962158203125
90677329,2018,2018-03-07,9745,2018-03-07,0950,015144,,3,1,9,4000,0,3,5,,2,004,"OLD OAK PARK RD","PACIFIC PINE DR",374.00,N,N,B,-,N,,,,,,,,,,N,2,0,1,1,A,-,00,22017,,N,E,I,A,A,H,-,A,D,0,,Y,,,Y,,L,04,1,0,0,0,0,0,1,0,0,"- ","- ",35.164619445800781,-120.59461975097656,"SAN LUIS OBISPO",UNINCORPORATED,-120.59477233886719,35.164787292480469
90678404,2018,2018-03-09,9740,2018-03-02,0225,014460,,5,3,3,4004,0,1,2,,2,003,"US-101 NORTHBOUND","SR-46 EAST",3696.00,N,N,B,-,Y,,,,,,,,,,Y,2,0,2,1,A,-,01,23152,A,N,E,I,A,B,H,-,D,D,0,,,,,Y,Y,A,01,1,1,0,0,0,0,0,0,0,"- ","- ",35.396999359130859,-120.41259765625,"SAN LUIS OBISPO","PASO ROBLES",-120.69367980957031,35.599269866943359
90679754,2018,2018-03-12,9740,2018-03-05,0547,014465,,1,3,9,4000,0,1,3,,2,008,SR-46,"LUCY BROWN RD",4220.00,W,N,A,-,Y,,,46,,,,,,,Y,2,0,3,4,A,-,05,21460,A,N,A,C,A,A,H,-,D,D,0,,,,Y,Y,,G,25,2,1,0,0,0,0,0,0,0,"- ","- ",35.677330017089844,-120.34507751464844,"SAN LUIS OBISPO",UNINCORPORATED,-120.34500122070312,35.677196502685547
90683692,2017,2018-03-26,9740,2017-11-24,1545,015644,,5,2,9,4000,0,3,5,,2,019,"RANCHITA CANYON ROAD","CROSS CANYON ROAD",1584.00,E,N,A,-,N,,,,,,,,,,Y,1,1,1,1,A,-,01,23152,A,N,E,J,A,A,H,-,A,D,0,,,,,Y,Y,A,01,0,0,1,0,0,0,0,0,0,"- ","- ",35.750439999999998,-120.61136999999999,"SAN LUIS OBISPO",UNINCORPORATED,-120.61122358,35.750567220000001
90688006,2018,2018-03-22,9740,2018-03-13,1100,013984,,2,1,9,4000,0,1,3,,2,008,"RT 46","JARDINE RD",60.00,E,N,C,-,Y,,,46,,,,,,,Y,2,0,3,2,A,-,07,21658,A,N,C,C,A,B,H,-,A,D,0,,,,Y,Y,,E,22,1,2,0,0,0,0,0,0,0,"- ","- ",35.659088134765625,-120.60240936279297,"SAN LUIS OBISPO",UNINCORPORATED,-120.60240936279297,35.659111022949219
90692631,2018,2018-03-29,9745,2018-03-21,1249,016068,,3,1,9,4000,0,1,3,,1,011,SR-41,"OLD MORRO ROAD WEST",77.00,N,N,B,C,Y,,,41,,,,,,,Y,1,1,0,1,A,-,03,22350,,N,E,I,A,B,H,-,A,D,0,,,,,Y,,A,07,0,0,0,0,0,0,0,0,0,"- ","- ",35.460609436035156,-120.73352813720703,"SAN LUIS OBISPO",UNINCORPORATED,-120.73348999023438,35.460472106933594
90701220,2018,2018-04-09,9740,2018-03-28,1820,018069,,3,2,3,4004,0,1,2,,2,003,"US-101 NB","SR-46 W/B",528.00,N,N,A,-,Y,,,101,,,,,,N,Y,2,0,1,1,A,-,08,22107,,N,F,A,A,A,H,-,A,D,0,,,Y,,Y,,C,02,1,0,0,0,0,0,0,0,1,"- ","- ",35.592208862304688,-120.69539642333984,"SAN LUIS OBISPO","PASO ROBLES",-120.69527435302734,35.592208862304688
90707657,2017,2018-04-18,9740,2017-12-17,2215,014543,,7,3,9,4000,0,1,2,,2,003,"US-101 SOUTHBOUND","ROBLES RD",278.00,S,N,A,-,Y,,,101,,,,,,S,Y,1,1,1,2,A,-,01,23152,A,N,E,J,A,A,D,-,D,A,0,,,,Y,Y,Y,A,01,1,0,0,0,0,0,0,0,0,"- ","- ",35.605919999999998,-120.69267000000001,"SAN LUIS OBISPO",UNINCORPORATED,-120.69261987,35.6059129
90717492,2018,2018-05-01,9745,2018-04-19,0600,015144,,4,1,3,4001,0,1,2,,2,402,"GRAND AVENUE ON TO SB US-101","GRAND AVE",300.00,S,N,B,-,Y,,,,,,,,,,Y,2,0,1,1,A,-,01,23152,A,N,E,I,A,B,H,-,D,D,0,,,,,Y,Y,D,22,1,0,0,0,0,0,0,0,0,"- ","- ",35.120929718017578,-120.58329772949219,"SAN LUIS OBISPO","ARROYO GRANDE",,
90720883,2018,2018-05-07,9740,2018-04-22,1204,014662,,7,1,9,4000,0,1,3,,2,007,SR-41,"CLARK RD",4224.00,S,N,A,-,Y,,,,,,,,,,Y,2,0,1,1,A,-,03,22350,,N,E,I,A,A,H,-,A,D,0,,,Y,,Y,,C,02,1,0,0,0,0,0,0,0,1,"- ","- ",36.619300842285156,-120.40000152587891,"SAN LUIS OBISPO",UNINCORPORATED,-120.40071105957031,35.618793487548828
90721179,2018,2018-05-07,9745,2018-04-21,1425,017541,,6,2,9,4000,0,3,5,,2,002,"PERFUMO CANYON RD.","CASTILLO CT",17952.00,W,N,A,-,N,,,,,,,,,,Y,2,0,1,2,A,-,03,22350,,N,B,C,A,A,H,-,A,D,0,,,Y,,Y,,C,02,1,0,0,0,0,0,0,0,1,"- ","- ",35.262271881103516,-120.75575256347656,"SAN LUIS OBISPO",UNINCORPORATED,-120.75417327880859,35.262161254882812
90727604,2018,2018-05-16,9740,2018-05-06,1050,017426,,7,1,9,4000,0,3,5,,2,019,"RIVER RD","CROSS CANYONS RD",0.00,,Y,A,-,N,,,,,,,,,,N,2,0,2,2,A,-,12,22450,A,N,D,G,A,A,H,-,A,A,0,,Y,,,Y,,L,04,1,0,1,0,0,0,1,0,0,"- ","- ",35.753700256347656,-120.68569946289062,"SAN LUIS OBISPO",UNINCORPORATED,-120.68567657470703,35.753810882568359
90727825,2018,2018-06-19,9745,2018-04-25,1938,016002,,3,2,9,4000,0,2,4,,1,051,"LOS BERROS RD","DALE AVE.",37.00,W,N,A,-,N,,,,,,,,,,Y,1,1,0,1,A,-,01,23152,A,N,E,I,A,A,H,-,B,D,0,,,Y,,Y,Y,C,02,0,0,0,0,0,0,0,1,0,"- ","- ",35.072990417480469,-120.52150726318359,"SAN LUIS OBISPO",UNINCORPORATED,-120.52154541015625,35.073062896728516
90728906,2018,2018-05-17,9745,2018-05-14,1630,017097,,1,2,2,4005,0,1,2,,2,404,"US-101 SB","FRADY LN",210.00,N,N,A,-,Y,,,101,,,,,,S,Y,2,0,1,1,A,-,03,22350,,N,F,A,A,A,H,-,A,D,0,,,Y,,Y,,C,02,1,0,0,0,0,0,0,0,1,"- ","- ",35.138660430908203,-120.63339996337891,"SAN LUIS OBISPO","PISMO BEACH",-120.63340759277344,35.138629913330078