CASE_ID,ACCIDENT_YEAR,PROC_DATE,JURIS,COLLISION_DATE,COLLISION_TIME,OFFICER_ID,REPORTING_DISTRICT,DAY_OF_WEEK,CHP_SHIFT,POPULATION,CNTY_CITY_LOC,SPECIAL_COND,BEAT_TYPE,CHP_BEAT_TYPE,CITY_DIVISION_LAPD,CHP_BEAT_CLASS,BEAT_NUMBER,PRIMARY_RD,SECONDARY_RD,DISTANCE,DIRECTION,INTERSECTION,WEATHER_1,WEATHER_2,STATE_HWY_IND,CALTRANS_COUNTY,CALTRANS_DISTRICT,STATE_ROUTE,ROUTE_SUFFIX,POSTMILE_PREFIX,POSTMILE,LOCATION_TYPE,RAMP_INTERSECTION,SIDE_OF_HWY,TOW_AWAY,COLLISION_SEVERITY,NUMBER_KILLED,NUMBER_INJURED,PARTY_COUNT,PRIMARY_COLL_FACTOR,PCF_CODE_OF_VIOL,PCF_VIOL_CATEGORY,PCF_VIOLATION,PCF_VIOL_SUBSECTION,HIT_AND_RUN,TYPE_OF_COLLISION,MVIW,PED_ACTION,ROAD_SURFACE,ROAD_COND_1,ROAD_COND_2,LIGHTING,CONTROL_DEVICE,CHP_ROAD_TYPE,PEDESTRIAN_ACCIDENT,BICYCLE_ACCIDENT,MOTORCYCLE_ACCIDENT,TRUCK_ACCIDENT,NOT_PRIVATE_PROPERTY,ALCOHOL_INVOLVED,STWD_VEHTYPE_AT_FAULT,CHP_VEHTYPE_AT_FAULT,COUNT_SEVERE_INJ,COUNT_VISIBLE_INJ,COUNT_COMPLAINT_PAIN,COUNT_PED_KILLED,COUNT_PED_INJURED,COUNT_BICYCLIST_KILLED,COUNT_BICYCLIST_INJURED,COUNT_MC_KILLED,COUNT_MC_INJURED,PRIMARY_RAMP,SECONDARY_RAMP,LATITUDE,LONGITUDE,COUNTY,CITY,POINT_X,POINT_Y
90735857,2018,2018-05-29,9740,2018-05-07,0520,013984,,1,3,9,4000,0,1,2,,2,004,"US-101 SOUTHBOUND","WELLSONA ROAD",520.00,S,N,A,-,Y,,,101,,,,,,S,Y,2,0,1,1,A,-,03,22350,,N,E,I,A,A,H,-,C,D,0,,,,,Y,,A,01,1,0,0,0,0,0,0,0,0,"- ","- ",35.693191528320312,-120.69686889648438,"SAN LUIS OBISPO",UNINCORPORATED,-120.69681549072266,35.693187713623047
90746440,2018,2018-06-12,9740,2018-06-06,0900,016816,,3,1,9,4000,0,1,3,,2,011,SR-46,SR-1,21120.00,E,N,B,-,Y,,,46,,,,,,,N,2,0,1,1,A,-,03,22350,,N,F,A,A,A,H,-,A,D,0,,Y,,,Y,,L,04,1,0,0,0,0,0,1,0,0,"- ","- ",35.548229217529297,-120.93351745605469,"SAN LUIS OBISPO",UNINCORPORATED,-120.93351745605469,35.548255920410156
90748872,2018,2018-06-15,9740,2018-06-09,1035,014460,,6,1,9,4000,0,1,3,,2,005,SR-58,"ENCINA AVENUE",0.00,,Y,A,-,Y,,,58,,,,,,,N,2,0,2,2,A,-,09,21802,A,N,D,C,A,A,H,-,A,D,0,,,Y,,Y,,D,22,1,1,0,0,0,0,0,0,2,"- ","- ",35.391979217529297,-120.60726165771484,"SAN LUIS OBISPO",UNINCORPORATED,-120.60722351074219,35.391914367675781
90751959,2018,2018-06-20,9745,2018-05-08,0730,016773,,2,1,9,4000,0,1,3,,1,021,"SR-1 NORTHBOUND","OLD CREEK RD",0.00,,Y,B,-,Y,,,1,,,,,,N,Y,1,1,1,2,A,-,12,21453,A,N,D,C,A,A,H,-,A,D,0,,,,,Y,,A,01,1,0,0,0,0,0,0,0,0,"- ","- ",35.428890228271484,-120.88184356689453,"SAN LUIS OBISPO",UNINCORPORATED,-120.88184356689453,35.428882598876953
90752331,2018,2018-06-20,9745,2018-06-14,0950,017144,,4,1,9,4000,0,3,5,,2,002,"PREFUMO CANYON RD","CASTILLO CT",17952.00,E,N,A,-,N,,,,,,,,,,N,2,0,1,1,A,-,03,22350,,N,E,I,A,A,H,-,A,D,0,,Y,,,Y,,L,04,1,0,0,0,0,0,1,0,0,"- ","- ",35.262489318847656,-120.75502014160156,"SAN LUIS OBISPO",UNINCORPORATED,-120.69840240478516,35.263530731201172
90764959,2018,2018-07-09,9740,2018-06-26,1905,016849,,2,2,9,4000,0,3,5,,2,017,"CRESTON ROAD","LAGUNA DEL CAMPO",4362.00,E,N,A,-,N,,,,,,,,,,Y,2,0,1,1,A,-,08,22107,,N,F,A,A,A,H,-,A,D,0,,,,,Y,Y,D,22,1,0,0,0,0,0,0,0,0,"- ","- ",35.588901519775391,-120.64040374755859,"SAN LUIS OBISPO",UNINCORPORATED,-120.6405029296875,35.588947296142578
90765113,2018,2018-07-09,9740,2018-06-22,2121,018995,,5,2,9,4000,0,1,2,,2,002,"US-101 SOUTHBOUND","MAIN ST",217.00,N,N,A,-,Y,,,101,,,,,,S,Y,2,0,3,2,A,-,01,23152,A,N,C,C,A,A,H,-,D,D,0,,,,,Y,Y,A,01,1,2,0,0,0,0,0,0,0,"- ","- ",35.566478729248047,-120.70172119140625,"SAN LUIS OBISPO",UNINCORPORATED,-120.70176696777344,35.566505432128906
90768172,2018,2018-07-12,9745,2018-07-08,1120,016714,,7,1,9,4000,0,3,5,,2,002,"S. OCEAN AVE. (100 BLOCK)","PACIFIC AVE.",181.00,N,N,A,-,N,,,,,,,,,,N,2,0,1,2,A,-,06,21755,,N,F,A,A,A,H,-,A,D,0,,Y,,,Y,,L,04,1,0,0,0,0,0,1,0,0,"- ","- ",35.447578430175781,-120.90165710449219,"SAN LUIS OBISPO",UNINCORPORATED,-120.90174865722656,35.447536468505859
90774663,2018,2018-07-23,9740,2018-04-30,1450,017426,,1,2,9,4000,0,1,3,,2,010,SR-41,"SAN LUIS OBISPO/KERN COUNTY LINE",3500.00,S,N,A,-,Y,,,41,,,,,,,Y,1,1,0,2,A,-,03,22350,,N,D,C,A,A,H,-,A,D,0,,,,Y,Y,,A,01,0,0,0,0,0,0,0,0,0,"- ","- ",35.780380249023438,-120.20674133300781,"SAN LUIS OBISPO",UNINCORPORATED,-120.20673370361328,35.780353546142578
90778634,2018,2018-07-30,9740,2018-07-15,1542,016849,,7,2,9,4000,0,3,5,,2,016,"WEST POZO ROAD","RIVER ROAD",4194.00,E,N,A,-,N,,,,,,,,,,Y,2,0,4,2,A,-,01,23152,A,N,A,C,A,A,H,-,A,A,0,,,,,Y,Y,A,01,2,0,2,0,0,0,0,0,0,"- ","- ",35.3037109375,-120.39138793945312,"SAN LUIS OBISPO",UNINCORPORATED,-120.3916015625,35.303741455078125
90780465,2018,2018-07-30,9745,2018-07-22,1808,017930,,7,2,9,4000,0,3,5,,2,004,"BRANCH MILL RD.","TANNER LN",3168.00,E,N,A,-,N,,,,,,,,,,Y,2,0,1,2,A,-,01,23152,A,N,B,C,A,A,H,-,A,D,0,,,Y,,Y,Y,C,02,1,0,0,0,0,0,0,0,1,"- ","- ",35.130458831787109,-120.54937744140625,"SAN LUIS OBISPO",UNINCORPORATED,-120.54862976074219,35.130367279052734
90784750,2018,2018-08-06,9745,2018-08-02,1728,020211,,4,2,9,4000,0,2,4,,1,052,"THOMPSON AVE","POAGUE RD",600.00,S,N,A,-,N,,,,,,,,,,Y,2,0,1,1,A,-,01,23152,A,N,E,I,A,A,H,-,A,D,0,,,,,Y,Y,A,01,1,0,0,0,0,0,0,0,0,"- ","- ",35.015750885009766,-120.45050811767578,"SAN LUIS OBISPO",UNINCORPORATED,-120.45030975341797,35.015529632568359
90792548,2018,2018-08-16,9745,2018-08-10,1747,020211,,5,2,9,4000,0,3,5,,2,004,"HUASNA RD","EVERGLADE RD",200.00,W,N,A,-,N,,,,,,,,,,Y,2,0,1,1,A,-,03,22350,,N,F,A,A,A,H,-,A,D,0,,,Y,,Y,,C,02,1,0,0,0,0,0,0,0,1,"- ","- ",35.135288238525391,-120.50356292724609,"SAN LUIS OBISPO",UNINCORPORATED,-120.50474548339844,35.134731292724609
90799256,2018,2018-08-27,9745,2018-08-12,1240,016773,,7,1,9,4000,0,1,3,,1,043,"SR-1 SOUTHBOUND","CALLENDER RD",0.00,,Y,A,-,Y,,,1,,,,,,S,Y,1,1,0,2,A,-,08,22100,B,N,A,C,A,A,H,-,A,D,0,,,,,Y,,A,01,0,0,0,0,0,0,0,0,0,"- ","- ",35.054649353027344,-120.59561920166016,"SAN LUIS OBISPO",UNINCORPORATED,-120.59580230712891,35.054618835449219
90799510,2018,2018-09-28,9740,2018-08-04,1400,018995,,6,2,9,4000,0,3,5,,2,017,"RAMADA DR","COW MEADOW PL",617.00,S,N,A,-,N,,,,,,,,,,Y,2,0,1,2,A,-,03,22350,,N,B,C,A,A,H,-,A,D,0,,,Y,,Y,,C,02,1,0,0,0,0,0,0,0,1,"- ","- ",35.569751739501953,-120.69950866699219,"SAN LUIS OBISPO",UNINCORPORATED,-120.69950866699219,35.569843292236328
90808683,2018,2018-09-10,9740,2018-09-03,1405,014622,,1,2,9,4000,0,3,5,,2,024,"MAIN ST","SANTA ROSA CREEK ROAD",528.00,N,N,A,-,N,,,,,,,,,,Y,2,0,3,2,A,-,09,21804,A,N,D,C,A,A,H,-,A,D,0,,,Y,,Y,,A,01,2,1,0,0,0,0,0,0,2,"- ","- ",35.566459655761719,-121.07750701904297,"SAN LUIS OBISPO",UNINCORPORATED,-121.07709503173828,35.566623687744141
90812069,2018,2018-09-13,9745,2018-09-08,0025,017061,,6,3,9,4000,0,1,3,,1,040,"SR-227 NORTHBOUND","NOYES RD",1056.00,N,N,A,-,N,,,227,,,,,,N,Y,2,0,1,1,A,-,01,23152,A,N,E,I,A,A,H,-,D,D,0,,,,,Y,Y,A,07,1,0,0,0,0,0,0,0,0,"- ","- ",35.171398162841797,-120.58408355712891,"SAN LUIS OBISPO",UNINCORPORATED,-120.58412170410156,35.171390533447266
90818031,2018,2018-09-20,9745,2018-09-19,2104,014713,,3,2,9,4000,0,3,5,,2,002,"SEE CANYON ROAD","SAN LUIS BAY DRIVE",0.00,,Y,A,-,N,,,,,,,,,,Y,2,0,2,2,A,-,12,22450,A,N,D,C,A,A,H,-,C,A,0,,,,,Y,,A,01,1,1,0,0,0,0,0,0,0,"- ","- ",35.194118499755859,-120.71537780761719,"SAN LUIS OBISPO",UNINCORPORATED,-120.71539306640625,35.194118499755859
90825988,2018,2018-10-01,9740,2018-09-13,1417,014622,,4,2,9,4000,0,1,3,,1,015,SR-1,"MONTEREY COUNTY LINE",140.00,S,N,A,-,Y,,,1,,,,,,,Y,1,1,0,1,A,-,08,22107,,N,E,I,A,A,H,-,A,D,0,,,Y,,Y,,C,02,0,0,0,0,0,0,0,1,0,"- ","- ",35.79486083984375,-121.34435272216797,"SAN LUIS OBISPO",UNINCORPORATED,-121.34434509277344,35.794849395751953
90826861,2018,2018-10-02,9740,2018-09-25,2300,013984,,2,3,9,4000,0,2,4,,2,012,"NACIMIENTO LAKE DRIVE","CHIMNEY ROCK RD",2640.00,E,N,A,-,N,,,,,,,,,,Y,2,0,1,1,A,-,08,22107,,N,F,I,A,A,H,-,D,D,0,,,,,Y,,D,22,1,0,0,0,0,0,0,0,0,"- ","- ",35.689868927001953,-120.78987121582031,"SAN LUIS OBISPO",UNINCORPORATED,-120.78912353515625,35.690132141113281
90829922,2018,2018-10-05,9745,2018-09-30,2050,020229,,7,2,9,4000,0,3,5,,2,004,"HALCYON RD","MULLIGAN LN",240.00,E,N,A,-,N,,,,,,,,,,Y,2,0,1,1,A,-,08,22107,,N,E,J,A,A,H,-,D,D,0,,,,,Y,,A,01,1,0,0,0,0,0,0,0,0,"- ","- ",35.071670532226562,-120.56912231445312,"SAN LUIS OBISPO",UNINCORPORATED,-120.56923675537109,35.071727752685547
90833811,2018,2018-10-11,9740,2018-10-07,2135,016154,,7,2,9,4000,0,3,5,,2,017,"NEAL SPRING RD.","CRESTON RD.",110.00,W,N,A,-,N,,,,,,,,,,Y,2,0,1,1,A,-,01,23152,A,N,E,I,A,A,H,-,D,D,0,,,Y,,Y,Y,C,02,1,0,0,0,0,0,0,0,1,"- ","- ",35.575309753417969,-120.61663055419922,"SAN LUIS OBISPO",UNINCORPORATED,-120.61679840087891,35.575309753417969
90844704,2018,2018-10-25,9745,2018-10-20,1720,016719,,6,2,9,4000,0,1,2,,2,303,"US-101 SOUTHBOUND","HIGUERA ST",2112.00,S,N,A,-,Y,,,101,,,,,,S,Y,2,0,5,2,A,-,07,21658,A,F,F,A,A,A,H,-,A,D,0,,,,,Y,,D,22,1,4,0,0,0,0,0,0,0,"- ","- ",35.218479156494141,-120.69429779052734,"SAN LUIS OBISPO",UNINCORPORATED,-120.69439697265625,35.218559265136719
90851749,2018,2018-11-02,9745,2018-10-30,0640,014543,,2,1,9,4000,0,2,4,,1,025,"LOS OSOS VALLEY RD","FOOTHILL BLVD",5280.00,W,N,A,-,N,,,,,,,,,,Y,2,0,1,2,A,-,03,22350,,N,C,C,A,A,H,-,D,D,0,,,,,Y,,A,07,1,0,0,0,0,0,0,0,0,"- ","- ",35.282619476318359,-120.72776794433594,"SAN LUIS OBISPO",UNINCORPORATED,-120.72771453857422,35.282623291015625
90860223,2018,2018-11-14,9745,2018-10-27,2215,017061,,6,3,9,4000,0,1,3,,1,021,"SR-1 SOUTHBOUND","CAYUCOS DR",9.00,N,N,A,-,Y,,,1,,,,,,S,Y,2,0,1,1,C,-,18,,,N,E,I,A,A,H,-,D,D,0,,,,,Y,,-,"- ",1,0,0,0,0,0,0,0,0,"- ","- ",35.453071594238281,-120.9033203125,"SAN LUIS OBISPO",UNINCORPORATED,-120.9033203125,35.453075408935547
90863101,2018,2018-11-19,9740,2018-11-10,0030,016816,,6,3,9,4000,0,1,2,,2,001,"US-101 SOUTHBOUND","SANTA BARBARA ROAD",1584.00,N,N,A,-,Y,,,101,,,,,,S,Y,2,0,1,1,A,-,08,22107,,N,E,I,A,A,H,-,D,D,0,,,,,Y,,A,07,1,0,0,0,0,0,0,0,0,"- ","- ",35.446319580078125,-120.63847351074219,"SAN LUIS OBISPO",UNINCORPORATED,-120.63884735107422,35.446262359619141
90867528,2018,2018-11-26,9745,2018-11-16,1754,015716,,5,2,9,4000,0,1,3,,1,032,"SR-227 SOUTHBOUND","KENDALL ROAD",200.00,S,N,A,-,Y,,,227,,,,,,S,Y,2,0,1,2,A,-,01,23152,A,N,C,C,A,A,H,-,D,D,0,,,,,Y,Y,A,07,1,0,0,0,0,0,0,0,0,"- ","- ",35.23638916015625,-120.63372039794922,"SAN LUIS OBISPO",UNINCORPORATED,-120.63317108154297,35.235706329345703
90869187,2018,2018-11-28,9745,2018-11-20,0622,015144,,2,1,9,4000,0,1,3,,1,045,SR-1,"OSO FLACO RAILROAD UNDERPASS",3168.00,N,N,A,-,Y,,,1,,,,,,,Y,2,0,1,2,A,-,09,21801,A,N,A,C,A,A,H,-,B,A,0,,,,,Y,Y,D,22,1,0,0,0,0,0,0,0,0,"- ","- ",34.999900817871094,-120.57053375244141,"SAN LUIS OBISPO",UNINCORPORATED,-120.57053375244141,34.999900817871094
90880005,2018,2018-12-11,9740,2018-11-17,0138,019259,,6,3,9,4000,0,3,5,,2,019,"JARDINE RD","DRY CREEK ROAD",0.00,,Y,A,-,N,,,,,,,,,,Y,2,0,1,1,A,-,01,23152,A,N,E,I,A,A,H,-,D,A,0,,,,,Y,Y,A,01,1,0,0,0,0,0,0,0,0,"- ","- ",35.659450531005859,-120.60565185546875,"SAN LUIS OBISPO",UNINCORPORATED,-120.60562133789062,35.659530639648438
90882661,2018,2018-12-13,9740,2018-07-25,0742,013246,,3,1,9,4000,0,1,3,,1,009,"STATE ROUTE 46","DAVIS ROAD",53.00,W,N,A,-,Y,,,46,,,,,,,Y,1,1,2,2,A,-,08,22107,,N,A,C,A,A,H,-,A,D,0,,,,Y,Y,,F,26,0,2,0,0,0,0,0,0,0,"- ","- ",35.733348846435547,-120.28978729248047,"SAN LUIS OBISPO",UNINCORPORATED,-120.28977966308594,35.733318328857422
90883547,2018,2019-01-17,9745,2018-11-18,1730,017817,,7,2,9,4000,0,3,5,,2,002,"RAMONA AVE.","PINE AVE.",120.00,E,N,A,-,N,,,,,,,,,,N,1,1,0,2,A,-,01,23152,A,F,G,B,E,A,H,-,D,D,0,Y,,,,Y,Y,D,22,0,0,0,1,0,0,0,0,0,"- ","- ",35.320358276367188,-120.84445190429688,"SAN LUIS OBISPO",UNINCORPORATED,-120.84442901611328,35.32037353515625
90891576,2018,2018-12-27,9745,2018-12-18,1640,016514,,2,2,9,4000,0,2,4,,1,024,"SOUTH BAY BLVD","TURRI RD",3696.00,N,N,A,-,N,,,,,,,,,,Y,2,0,1,2,A,-,05,21460,A,N,A,C,A,A,H,-,A,D,0,,,,,Y,,A,01,1,0,0,0,0,0,0,0,0,"- ","- ",35.346199035644531,-120.82569885253906,"SAN LUIS OBISPO",UNINCORPORATED,-120.82573699951172,35.346408843994141
90903369,2019,2019-01-14,9745,2019-01-03,0720,016714,,4,1,9,4000,0,2,4,,1,025,"LOS OSOS VALLEY ROAD, (10100 BLOCK)","VALLE VISTA PLACE",22.00,E,N,A,-,N,,,,,,,,,,Y,1,1,1,2,A,-,05,21460,A,N,A,C,A,A,H,-,A,D,0,,,,,Y,,A,01,1,0,0,0,0,0,0,0,0,"- ","- ",35.274101257324219,-120.70929718017578,"SAN LUIS OBISPO",UNINCORPORATED,-120.70930480957031,35.274211883544922
90904186,2019,2019-01-14,9745,2019-01-03,1050,015144,,4,1,9,4000,0,1,3,,1,043,SR-1,"FOWLER LN",0.00,,Y,A,-,Y,,,1,,,,,,,Y,2,0,1,2,A,-,01,23152,A,N,B,C,A,A,H,-,A,A,0,,,,,Y,Y,A,01,1,0,0,0,0,0,0,0,0,"- ","- ",35.067848205566406,-120.59414672851562,"SAN LUIS OBISPO",UNINCORPORATED,-120.59417724609375,35.06787109375
90912845,2018,2019-01-25,9740,2018-12-15,0603,014662,,6,1,9,4000,0,3,5,,2,016,"POZO RD","LAS PILITAS RD",8448.00,E,N,E,-,N,,,,,,,,,,Y,1,1,0,2,A,-,11,21956,,N,G,B,E,B,H,-,D,D,0,Y,,,,Y,,N,60,0,0,0,1,0,0,0,0,0,"- ","- ",35.339210510253906,-120.53095245361328,"SAN LUIS OBISPO",UNINCORPORATED,-120.52506256103516,35.332649230957031
90913996,2019,2019-01-28,9750,2019-01-13,0148,020549,,7,3,9,4000,0,1,3,,2,061,"SR-166 W/B","WINEMAN RD",2640.00,E,N,B,-,Y,,,166,,,,,,W,Y,2,0,1,1,C,-,18,,,N,H,H,A,A,H,-,D,D,0,,,,Y,Y,,-,"- ",1,0,0,0,0,0,0,0,0,"- ","- ",34.997398376464844,-120.40818023681641,"SAN LUIS OBISPO",UNINCORPORATED,-120.40818023681641,34.997390747070312
90929834,2019,2019-02-20,9745,2019-02-13,1512,016390,,3,2,9,4000,0,1,3,,1,041,SR-1,"BELRIDGE STREET",212.00,S,N,B,-,Y,,,1,,,,,,,Y,2,0,3,2,A,-,03,22350,,N,C,C,A,A,H,-,A,D,0,,,,,Y,,A,01,1,0,2,0,0,0,0,0,0,"- ","- ",35.102470397949219,-120.61746978759766,"SAN LUIS OBISPO",UNINCORPORATED,-120.61748504638672,35.102451324462891
90930779,2019,2019-02-21,9750,2019-02-19,2100,016874,,2,2,9,4000,0,1,3,,1,063,"SR-166 E/B","GIFFORD CREEK",7920.00,E,N,B,-,Y,,,166,,,,,,E,Y,2,0,2,1,C,-,18,,,N,H,H,A,A,H,-,D,D,0,,,,,Y,,-,"- ",2,0,0,0,0,0,0,0,0,"- ","- ",35.088298797607422,-120.03318023681641,"SAN LUIS OBISPO",UNINCORPORATED,-120.03316497802734,35.088321685791016
90930888,2019,2019-02-21,9745,2019-02-16,1726,020689,,6,2,9,4000,0,1,3,,1,045,SR-1,"VIA ENTRADA",850.00,S,N,A,-,Y,,,1,,,,,,,Y,2,0,1,1,A,-,01,23152,A,N,E,I,A,B,H,-,A,D,0,,,,,Y,Y,A,01,1,0,0,0,0,0,0,0,0,"- ","- ",35.020599365234375,-120.56340026855469,"SAN LUIS OBISPO",UNINCORPORATED,-120.5634765625,35.020626068115234
90934860,2019,2019-02-27,9740,2019-02-23,0138,013984,,6,3,9,4000,0,3,5,,2,017,"SANTA MARGARITA RD","NORTE RD",104.00,W,N,A,-,N,,,,,,,,,,Y,2,0,1,1,A,-,01,23152,A,N,E,I,A,A,H,-,D,D,0,,,,,Y,Y,D,22,1,0,0,0,0,0,0,0,0,"- ","- ",35.424938201904297,-120.61035919189453,"SAN LUIS OBISPO",UNINCORPORATED,-120.61018371582031,35.424949645996094
90936004,2019,2019-02-28,9745,2019-02-24,1110,017144,,7,1,9,4000,0,1,3,,1,021,SR-1,"NIKKI BEACH DR",3550.00,S,N,A,-,Y,,,1,,,,,,,N,2,0,1,1,A,-,03,22350,,N,E,J,A,A,H,-,A,D,0,,Y,,,Y,,L,04,1,0,0,0,0,0,1,0,0,"- ","- ",35.496688842773438,-121.00785064697266,"SAN LUIS OBISPO",UNINCORPORATED,-121.00785064697266,35.496692657470703
90941701,2019,2019-06-17,9745,2019-01-18,1810,017857,,5,2,9,4000,0,3,5,,2,005,"FRONTAGE ROAD","HILL STREET",305.00,S,N,A,-,N,,,,,,,,,,N,1,1,0,2,A,-,11,21956,,N,G,B,E,A,H,-,D,D,0,Y,,,,Y,,N,60,0,0,0,1,0,0,0,0,0,"- ","- ",35.034191131591797,-120.48229217529297,"SAN LUIS OBISPO",UNINCORPORATED,-120.4822998046875,35.03424072265625
9095225,2020,2020-08-03,4006,2020-04-30,1159,62657,,4,5,4,4006,0,0,0,,0,,"S HIGUERA",MARGARITA,0.00,,Y,A,-,N,,,,,,,,,,N,2,0,1,2,D,-,00,,,N,D,G,A,A,H,-,A,A,0,,Y,,,Y,,-,"- ",1,0,0,0,0,0,1,0,0,"- ","- ",35.257148742675781,-120.66854858398438,"SAN LUIS OBISPO","SAN LUIS OBISPO",-120.66866302490234,35.257061004638672
90953102,2019,2019-03-25,9740,2019-03-17,1500,020773,,7,2,9,4000,0,1,3,,1,014,SR-1,"SAN CARPOFORO CREEK BRIDGE",528.00,S,N,A,-,Y,,,1,,,,,,,Y,2,0,1,1,A,-,08,22107,,N,F,A,A,A,H,-,A,D,0,,,Y,,Y,,C,02,1,0,0,0,0,0,0,0,1,"- ","- ",35.762020111083984,-121.31948852539062,"SAN LUIS OBISPO",UNINCORPORATED,-121.31951141357422,35.762062072753906
90960050,2019,2019-04-03,9745,2019-03-30,2045,019809,,6,2,9,4000,0,1,2,,2,505,"US 101 S/B FROM LOS BERROS RD","LOS BERROS RD",320.00,S,N,A,-,Y,,,,,,,,,,Y,2,0,1,1,A,-,08,22107,,N,E,I,A,A,H,-,D,D,0,,,Y,,Y,,C,02,1,0,0,0,0,0,0,0,1,"- ","- ",35.071090698242188,-120.51735687255859,"SAN LUIS OBISPO",UNINCORPORATED,,
90960721,2019,2019-04-04,9745,2019-03-18,1850,017144,,1,2,9,4000,0,1,2,,2,303,"US-101 NORTHBOUND","SAN LUIS BAY DR",6864.00,N,N,A,-,Y,,,101,,,,,,N,Y,2,0,2,1,A,-,08,22107,,N,E,I,A,A,H,-,A,D,0,,,,,Y,,D,22,2,0,0,0,0,0,0,0,0,"- ","- ",35.214618682861328,-120.69642639160156,"SAN LUIS OBISPO",UNINCORPORATED,-120.69650268554688,35.214633941650391
90963701,2019,2019-04-08,9740,2019-04-03,2224,016849,,3,3,4,4008,0,1,2,,2,001,"US-101 NORTHBOUND",SR-41,273.00,S,N,A,-,Y,,,,,,,,,,Y,2,0,2,3,A,-,08,22107,,N,D,C,A,A,H,-,C,D,0,,,,,Y,,A,01,1,0,1,0,0,0,0,0,0,"- ","- ",35.484718322753906,-120.66809844970703,"SAN LUIS OBISPO",ATASCADERO,-120.66432189941406,35.484977722167969
90968278,2019,2019-04-16,9740,2019-04-14,1320,013984,,7,1,9,4000,0,3,5,,2,017,"RT 41","CAMP 8 RD",1584.00,S,N,A,-,Y,,,,,,,,,,N,2,0,1,1,A,-,03,22350,,N,E,I,A,A,H,-,A,D,0,,,Y,,Y,,C,02,1,0,0,0,0,0,0,0,1,"- ","- ",35.554859161376953,-120.49825286865234,"SAN LUIS OBISPO",UNINCORPORATED,-120.49675750732422,35.546211242675781
90968607,2019,2019-04-16,9740,2019-04-13,1735,019700,,6,2,9,4000,0,3,5,,2,017,"EL POMAR DRIVE","REDONDO LANE",47.00,W,N,A,-,N,,,,,,,,,,Y,2,0,1,1,A,-,08,22107,,N,E,I,A,A,H,-,A,D,0,,,,,Y,,A,01,1,0,0,0,0,0,0,0,0,"- ","- ",35.558860778808594,-120.63201904296875,"SAN LUIS OBISPO",UNINCORPORATED,-120.63205718994141,35.558864593505859
90977108,2019,2019-06-03,9740,2019-04-03,0909,013984,,3,1,9,4000,0,1,2,,2,002,"US 101 N/B","TRAFFIC WAY",1056.00,S,N,A,-,Y,,,,,,,,,,Y,2,0,1,2,A,-,07,21658,A,F,B,C,A,A,H,-,A,D,0,,,,,Y,,D,22,1,0,0,0,0,0,0,0,0,"- ","- ",35.486469268798828,-120.66683959960938,"SAN LUIS OBISPO",UNINCORPORATED,-120.66793060302734,35.487030029296875
90980359,2019,2019-10-01,9740,2019-03-05,2250,017426,,2,3,9,4000,0,1,2,,2,002,"US-101 NORTHBOUND","LAS TABLAS RD",477.00,N,N,B,C,Y,,,101,,,,,,N,N,1,1,0,2,A,-,11,21950,B,N,G,B,E,B,H,-,D,D,0,Y,,,,Y,,N,60,0,0,0,1,0,0,0,0,0,"- ","- ",35.555698394775391,-120.71070861816406,"SAN LUIS OBISPO",UNINCORPORATED,-120.71065299999999,35.555585000000001
90989311,2019,2019-05-15,9740,2019-05-02,1545,015167,,4,2,9,4000,0,1,2,,2,004,"US-101 NORTHBOUND","SAN MARCOS RD",1742.00,S,N,A,-,Y,,,101,,,,,,N,Y,2,0,1,2,A,-,08,22107,,F,B,C,A,A,D,-,A,A,0,,,Y,,Y,,A,01,1,0,0,0,0,0,0,0,1,"- ","- ",35.716701507568359,-120.69499206542969,"SAN LUIS OBISPO",UNINCORPORATED,-120.69503021240234,35.716682434082031
90998513,2019,2019-05-29,9750,2019-05-22,0915,017379,,3,1,9,4000,0,1,3,,1,063,"SR-166 (W/B)","GIFFORD CREEK BRIDGE",1584.00,E,N,B,-,Y,,,166,,,,,,,Y,2,0,2,1,A,-,08,22107,,N,E,I,A,A,H,-,A,D,0,,,,,Y,,A,01,1,0,1,0,0,0,0,0,0,"- ","- ",35.096099853515625,-120.05400085449219,"SAN LUIS OBISPO",UNINCORPORATED,-120.05400085449219,35.096057891845703
91006750,2019,2019-06-10,9745,2019-06-01,0950,015716,,6,1,4,4006,0,1,2,,1,101,"US-101 SOUTHBOUND","MARSH ST",1056.00,N,N,A,-,Y,,,101,,,,,,S,Y,2,0,1,2,A,-,07,21658,A,N,F,A,A,A,H,-,A,D,0,,,Y,,Y,,A,07,1,0,0,0,0,0,0,0,1,"- ","- ",35.280029296875,-120.66948699951172,"SAN LUIS OBISPO","SAN LUIS OBISPO",-120.66950225830078,35.280033111572266