CASE_ID,ACCIDENT_YEAR,PROC_DATE,JURIS,COLLISION_DATE,COLLISION_TIME,OFFICER_ID,REPORTING_DISTRICT,DAY_OF_WEEK,CHP_SHIFT,POPULATION,CNTY_CITY_LOC,SPECIAL_COND,BEAT_TYPE,CHP_BEAT_TYPE,CITY_DIVISION_LAPD,CHP_BEAT_CLASS,BEAT_NUMBER,PRIMARY_RD,SECONDARY_RD,DISTANCE,DIRECTION,INTERSECTION,WEATHER_1,WEATHER_2,STATE_HWY_IND,CALTRANS_COUNTY,CALTRANS_DISTRICT,STATE_ROUTE,ROUTE_SUFFIX,POSTMILE_PREFIX,POSTMILE,LOCATION_TYPE,RAMP_INTERSECTION,SIDE_OF_HWY,TOW_AWAY,COLLISION_SEVERITY,NUMBER_KILLED,NUMBER_INJURED,PARTY_COUNT,PRIMARY_COLL_FACTOR,PCF_CODE_OF_VIOL,PCF_VIOL_CATEGORY,PCF_VIOLATION,PCF_VIOL_SUBSECTION,HIT_AND_RUN,TYPE_OF_COLLISION,MVIW,PED_ACTION,ROAD_SURFACE,ROAD_COND_1,ROAD_COND_2,LIGHTING,CONTROL_DEVICE,CHP_ROAD_TYPE,PEDESTRIAN_ACCIDENT,BICYCLE_ACCIDENT,MOTORCYCLE_ACCIDENT,TRUCK_ACCIDENT,NOT_PRIVATE_PROPERTY,ALCOHOL_INVOLVED,STWD_VEHTYPE_AT_FAULT,CHP_VEHTYPE_AT_FAULT,COUNT_SEVERE_INJ,COUNT_VISIBLE_INJ,COUNT_COMPLAINT_PAIN,COUNT_PED_KILLED,COUNT_PED_INJURED,COUNT_BICYCLIST_KILLED,COUNT_BICYCLIST_INJURED,COUNT_MC_KILLED,COUNT_MC_INJURED,PRIMARY_RAMP,SECONDARY_RAMP,LATITUDE,LONGITUDE,COUNTY,CITY,POINT_X,POINT_Y
91015176,2019,2019-06-21,9745,2019-06-20,1220,014543,,4,1,9,4000,0,1,2,,2,303,"US-101 NORTHBOUND","SAN LUIS BAY DR",5808.00,N,N,A,-,Y,,,101,,,,,,N,Y,2,0,1,2,A,-,07,21658,A,N,B,C,A,A,H,-,A,D,0,,,,,Y,,A,01,1,0,0,0,0,0,0,0,0,"- ","- ",35.212589263916016,-120.69664764404297,"SAN LUIS OBISPO",UNINCORPORATED,-120.69668579101562,35.212593078613281
91021714,2019,2019-07-01,9740,2019-06-08,0730,013984,,6,1,9,4000,0,1,3,,2,008,"SR-46 W/B","BRANCH RD",528.00,W,N,A,-,Y,,,46,,,,,,W,Y,2,0,2,2,A,-,01,23152,F,N,C,C,A,A,H,-,A,D,0,,,,,Y,,E,22,2,0,0,0,0,0,0,0,0,"- ","- ",35.659469604492188,-120.58322906494141,"SAN LUIS OBISPO",UNINCORPORATED,-120.58322906494141,35.659271240234375
91022579,2019,2019-07-02,9745,2019-06-29,0820,015716,,6,1,9,4000,0,1,3,,1,040,"SR-227 NORTHBOUND","TOLOSA PLACE",100.00,N,N,A,-,Y,,,227,,,,,,N,N,2,0,1,2,A,-,08,22107,,N,B,G,A,A,H,-,A,D,0,,Y,,,Y,,A,07,1,0,0,0,0,0,1,0,0,"- ","- ",35.190151214599609,-120.60292816162109,"SAN LUIS OBISPO",UNINCORPORATED,-120.60297393798828,35.19012451171875
91025273,2019,2019-11-18,9740,2019-06-27,2045,015167,,4,2,9,4000,0,3,5,,2,017,"N. MAIN STREET","ABBY ROAD",317.00,S,N,A,-,N,,,,,,,,,,Y,2,0,1,1,A,-,08,22107,,N,E,I,A,A,H,-,D,D,0,,,,,Y,,D,22,1,0,0,0,0,0,0,0,0,"- ","- ",35.556049346923828,-120.70137786865234,"SAN LUIS OBISPO",UNINCORPORATED,-120.70134735107422,35.556049346923828
91033354,2019,2019-07-18,9745,2019-07-16,0620,015716,,2,1,9,4000,0,3,5,,2,004,"DIVISION STREET",SR-1,5808.00,E,N,B,-,N,,,,,,,,,,Y,2,0,1,1,A,-,08,22107,,N,E,J,A,A,H,-,B,D,0,,,,,Y,,A,01,1,0,0,0,0,0,0,0,0,"- ","- ",34.991081237792969,-120.55226135253906,"SAN LUIS OBISPO",UNINCORPORATED,-120.55128479003906,34.991519927978516
91036505,2019,2019-07-24,9740,2019-07-12,1630,019259,,5,2,9,4000,0,1,3,,2,005,SR-58,"BAKER RD",340.00,W,N,A,-,Y,,,58,,,,,,,Y,2,0,2,1,A,-,03,22350,,N,E,I,A,A,H,-,A,D,0,,,,,Y,,D,22,1,1,0,0,0,0,0,0,0,"- ","- ",35.321998596191406,-119.87245178222656,"SAN LUIS OBISPO",UNINCORPORATED,-119.87245178222656,35.322063446044922
91040651,2019,2019-07-31,9745,2019-06-25,1310,014713,,2,1,9,4000,0,3,5,,2,001,"CHANEY AVE","OCEAN BLVD",0.00,,Y,A,-,Y,,,,,,,,,,Y,2,0,4,4,A,-,08,22107,,N,G,B,E,A,H,-,A,D,0,Y,,,,Y,,A,01,2,2,0,0,2,0,0,0,0,"- ","- ",35.421600341796875,-120.87711334228516,"SAN LUIS OBISPO",UNINCORPORATED,-120.87712097167969,35.421489715576172
91041141,2019,2019-07-29,9740,2019-07-24,1913,016849,,3,2,9,4000,0,1,3,,2,007,SR-41,"PARISH GAP ROAD",699.00,N,N,A,-,Y,,,41,,,,,,,Y,2,0,1,1,A,-,08,22107,,N,F,A,A,A,H,-,A,D,0,,,Y,,Y,,C,02,1,0,0,0,0,0,0,0,1,"- ","- ",35.539630889892578,-120.50566864013672,"SAN LUIS OBISPO",UNINCORPORATED,-120.5057373046875,35.539688110351562
91041468,2019,2019-07-30,9745,2019-07-28,1205,017144,,7,1,9,4000,0,3,5,,2,002,"TURRI RD","SOUTH BAY BLVD",2640.00,E,N,A,-,N,,,,,,,,,,N,2,0,1,1,A,-,03,22350,,N,F,A,A,A,H,-,A,D,0,,,Y,,Y,,C,02,1,0,0,0,0,0,0,0,1,"- ","- ",35.330539703369141,-120.81596374511719,"SAN LUIS OBISPO",UNINCORPORATED,-120.81710815429688,35.332084655761719
91041717,2019,2019-07-30,9740,2019-07-15,0201,017952,,1,3,3,4004,0,1,2,,2,003,"US-101 NORTHBOUND","NIBLICK ROAD",4752.00,S,N,A,-,Y,,,101,,,,,,N,Y,1,1,1,3,C,-,18,,,N,E,J,F,A,H,-,D,D,0,Y,,,,Y,,-,"- ",1,0,0,1,1,0,0,0,0,"- ","- ",35.602069854736328,-120.69243621826172,"SAN LUIS OBISPO","PASO ROBLES",-120.69247436523438,35.602073669433594
91043249,2019,2019-08-01,9745,2019-07-28,0500,017144,,7,3,9,4000,0,1,2,,2,303,"US-101 NORTHBOUND","AVILA BEACH DRIVE",1050.00,N,N,B,-,Y,,,101,,,,,,N,Y,2,0,1,1,A,-,01,23152,A,N,F,A,A,A,H,-,D,D,0,,,,,Y,Y,D,22,1,0,0,0,0,0,0,0,0,"- ","- ",35.182281494140625,-120.70102691650391,"SAN LUIS OBISPO",UNINCORPORATED,-120.70106506347656,35.182266235351562
91043280,2019,2019-08-01,9745,2019-06-12,0234,018253,,3,3,9,4000,0,1,2,,2,303,"US-101 NORTHBOUND","S. HIGUERA ST.",2640.00,S,N,A,-,Y,,,101,,,,,,N,Y,1,2,0,2,A,-,01,23152,A,N,A,C,A,A,H,-,D,D,0,,,,,Y,Y,A,01,0,0,0,0,0,0,0,0,0,"- ","- ",35.215568542480469,-120.69618988037109,"SAN LUIS OBISPO",UNINCORPORATED,-120.6961669921875,35.215557098388672
91052478,2019,2019-08-15,9740,2019-07-24,2112,016154,,3,2,3,4004,0,1,2,,2,003,"US-101 NORTHBOUND","NIBLICK RD",3696.00,S,N,A,-,Y,,,101,,,,,,N,Y,1,1,0,1,A,-,01,23152,A,N,F,A,A,A,H,-,C,D,0,,,,,Y,Y,A,07,0,0,0,0,0,0,0,0,0,"- ","- ",35.606021881103516,-120.69230651855469,"SAN LUIS OBISPO","PASO ROBLES",-120.69224548339844,35.60601806640625
91055690,2019,2019-08-20,9740,2019-08-08,1715,015167,,4,2,9,4000,0,2,4,,2,012,"NACIMIENTO LAKE DRIVE","BLUEGILL DR.",1584.00,W,N,A,-,N,,,,,,,,,,Y,2,0,1,1,A,-,01,23152,A,N,E,I,A,A,H,-,A,D,0,,,,,Y,Y,D,22,1,0,0,0,0,0,0,0,0,"- ","- ",35.752571105957031,-120.76503753662109,"SAN LUIS OBISPO",UNINCORPORATED,-120.87690734863281,35.747791290283203
91058663,2019,2019-08-26,9740,2019-08-07,2203,016816,,3,3,9,4000,0,1,3,,2,008,"SR-46 E/B",SR-41,33.50,E,N,A,-,Y,,,46,,,,,,E,Y,1,1,8,2,A,-,09,21801,A,N,A,C,A,A,H,-,C,D,0,,,,,Y,,A,08,2,6,0,0,0,0,0,0,0,"- ","- ",35.734550476074219,-120.28436279296875,"SAN LUIS OBISPO",UNINCORPORATED,-120.28434753417969,35.734489440917969
91058679,2019,2019-08-26,9740,2019-08-19,1330,015167,,1,1,9,4000,0,1,3,,2,007,SR-41,"ROCKY CANYON RD",1584.00,E,N,A,-,Y,,,41,,,,,,,N,2,0,1,1,C,-,18,,,N,F,A,A,A,H,-,A,D,0,,Y,,,Y,,-,"- ",1,0,0,0,0,0,1,0,0,"- ","- ",35.502239227294922,-120.65706634521484,"SAN LUIS OBISPO",UNINCORPORATED,-120.65715026855469,35.502334594726562
91064632,2019,2019-08-30,9745,2019-08-21,0857,016773,,3,1,9,4000,0,2,4,,1,048,"AVILA BEACH DRIVE","CAVE LANDING RD",1056.00,W,N,A,-,N,,,,,,,,,,N,2,0,1,2,A,-,01,23152,F,N,D,G,A,A,H,-,A,D,0,,Y,,,Y,,A,07,1,0,0,0,0,0,1,0,0,"- ","- ",35.181129455566406,-120.72313690185547,"SAN LUIS OBISPO",UNINCORPORATED,-120.7242431640625,35.185569763183594
91087224,2019,2019-09-30,9745,2019-09-26,2155,020689,,4,2,9,4000,0,1,2,,2,505,"US-101 SOUTHBOUND","LAETITIA VINEYARD DR.",4752.00,N,N,A,-,Y,,,101,,,,,,S,Y,2,0,1,1,A,-,08,22107,,N,E,I,A,A,H,-,D,D,0,,,,,Y,,A,07,1,0,0,0,0,0,0,0,0,"- ","- ",35.099601745605469,-120.54759979248047,"SAN LUIS OBISPO",UNINCORPORATED,-120.54755401611328,35.099628448486328
91096505,2019,2019-10-14,9745,2019-10-01,0935,017541,,2,1,9,4000,0,1,2,,2,303,"US-101 NORTHBOUND","AVILA BEACH DRIVE",265.00,S,N,A,-,Y,,,101,,,,,,N,Y,1,1,0,1,A,-,08,22107,,N,E,I,A,A,H,-,A,D,0,,,,,Y,,A,07,0,0,0,0,0,0,0,0,0,"- ","- ",35.178840637207031,-120.69846343994141,"SAN LUIS OBISPO",UNINCORPORATED,-120.698486328125,35.178821563720703
91097063,2019,2019-10-14,9745,2019-10-06,1205,020226,,7,1,9,4000,0,1,2,,2,505,US-101,"TEFFT STREET",4199.00,N,N,A,-,Y,,,101,,,,,,,Y,2,0,1,1,A,-,08,22107,,N,E,I,A,A,H,-,A,D,0,,,,,Y,,A,07,1,0,0,0,0,0,0,0,0,"- ","- ",35.045951843261719,-120.49266052246094,"SAN LUIS OBISPO",UNINCORPORATED,-120.49263763427734,35.045967102050781
91097861,2019,2019-10-15,9740,2019-10-07,2500,015167,,1,4,9,4000,0,1,3,,1,014,SR-1,"SLO SAN SIMEON RD",4752.00,N,N,A,-,Y,,,1,,,,,,,Y,2,0,1,1,A,-,01,23152,F,N,E,I,A,A,H,-,D,D,0,,,,,Y,,A,01,1,0,0,0,0,0,0,0,0,"- ","- ",35.651409149169922,-121.20839691162109,"SAN LUIS OBISPO",UNINCORPORATED,-121.20840454101562,35.65142822265625
91111245,2019,2019-11-01,9740,2019-09-02,1408,018069,,1,2,9,4000,0,2,4,,2,012,"NACIMIENTO LAKE DRIVE (G-14)","OAK FLAT ROAD",2640.00,W,N,A,-,N,,,,,,,,,,Y,1,3,1,2,A,-,01,23152,F,N,A,C,A,A,H,-,A,D,0,,,,,Y,,A,01,0,1,0,0,0,0,0,0,0,"- ","- ",35.680198669433594,-120.75145721435547,"SAN LUIS OBISPO",UNINCORPORATED,-120.75146484375,35.680065155029297
91115379,2019,2019-11-07,9740,2019-09-11,0910,010820,,3,1,9,4000,0,1,3,,2,005,SR-58,"W. POZO ROAD",2212.00,W,N,B,-,Y,,,58,,,,,,,Y,2,0,1,2,A,-,00,23104,A,F,B,C,A,A,H,-,A,A,0,,,Y,,Y,,D,22,1,0,0,0,0,0,0,0,1,"- ","- ",35.390869140625,-120.58805084228516,"SAN LUIS OBISPO",UNINCORPORATED,-120.58806610107422,35.39080810546875
91120092,2019,2019-11-14,9740,2019-11-09,1548,016849,,6,2,9,4000,0,3,5,,2,017,"SOUTH EL POMAR RD","LILS PLACE",1056.00,S,N,A,-,N,,,,,,,,,,Y,2,0,2,2,A,-,09,21804,A,N,D,C,A,A,H,-,A,D,0,,,,,Y,,A,07,1,0,1,0,0,0,0,0,0,"- ","- ",35.530559539794922,-120.62680816650391,"SAN LUIS OBISPO",UNINCORPORATED,-120.61980438232422,35.529613494873047
91124495,2019,2019-11-20,9740,2019-10-18,0555,010820,,5,3,9,4000,0,3,5,,2,017,"SPANISH CAMP ROAD","RIVER ROAD",1176.00,E,N,B,-,N,,,,,,,,,,Y,2,0,1,1,A,-,01,23152,A,N,E,I,A,A,H,-,D,A,0,,,,,Y,Y,A,01,1,0,0,0,0,0,0,0,0,"- ","- ",35.599971771240234,-120.67719268798828,"SAN LUIS OBISPO",UNINCORPORATED,-120.67739868164062,35.600086212158203
9112557,2020,2020-11-06,4001,2020-05-06,0625,P0114,463,3,5,3,4001,0,0,0,,0,OPERA,"EAST GRAND AV","EL CAMINO REAL",0.00,,Y,A,-,N,,,,,,,,,,N,2,0,1,2,A,-,00,20001,,F,G,B,D,A,H,-,B,D,0,Y,,,,Y,,-,,1,0,0,0,1,0,0,0,0,"- ","- ",,,"SAN LUIS OBISPO","ARROYO GRANDE",,
9112885,2020,2020-08-28,4004,2020-06-14,0141,1384,,7,5,3,4004,0,0,0,,0,,"UNION RD","MONTEBELLO OAKS DR",487.00,E,N,A,-,N,,,,,,,,,,Y,2,0,2,1,-,-,"- ",,A,N,E,I,A,A,H,-,A,D,0,,,,,Y,Y,A,01,2,0,0,0,0,0,0,0,0,"- ","- ",35.636558532714844,-120.66252136230469,"SAN LUIS OBISPO","PASO ROBLES",-120.66188049316406,35.638320922851562
91130511,2019,2019-12-31,9740,2019-11-08,1910,017952,,5,2,9,4000,0,1,3,,2,010,SR-41,"SR-46 (EAST)",16896.00,N,N,A,-,Y,,,41,,,,,,,Y,2,0,3,5,A,-,08,22107,,F,B,C,A,A,H,-,D,D,0,,,,Y,Y,Y,F,25,1,0,2,0,0,0,0,0,0,"- ","- ",35.767570495605469,-120.24661254882812,"SAN LUIS OBISPO",UNINCORPORATED,-120.24660491943359,35.767547607421875
91134850,2019,2019-12-03,9745,2019-11-22,1815,017968,,5,2,9,4000,0,1,3,,1,011,"SR-41 SOUTHBOUND","TORO CREEK ROAD",500.00,S,N,A,-,Y,,,41,,,,,,S,Y,2,0,1,1,A,-,08,22107,,N,E,I,A,A,H,-,D,D,0,,,,,Y,,A,08,1,0,0,0,0,0,0,0,0,"- ","- ",35.456390380859375,-120.75086212158203,"SAN LUIS OBISPO",UNINCORPORATED,-120.75078582763672,35.456371307373047
91136603,2019,2019-12-05,9750,2019-11-28,1905,016874,,4,2,9,4000,0,2,4,,2,040,"BULL CANYON ROAD","DONOVAN ROAD",7920.00,N,N,B,-,N,,,,,,,,,,Y,2,0,1,1,A,-,08,22107,,N,E,I,A,B,H,-,D,D,0,,,Y,,Y,,C,02,1,0,0,0,0,0,0,0,1,"- ","- ",34.984420776367188,-120.38944244384766,"SAN LUIS OBISPO",UNINCORPORATED,-120.38945770263672,34.984424591064453
91142471,2019,2019-12-12,9745,2019-12-05,0545,015144,,4,3,3,4001,0,1,2,,2,402,"US-101 SOUTHBOUND","BRISCO RD",35.00,N,N,B,-,Y,,,101,,,,,,S,Y,2,0,1,2,A,-,03,22350,,N,C,C,A,A,H,-,D,D,0,,,,,Y,,A,07,1,0,0,0,0,0,0,0,0,"- ","- ",35.124248504638672,-120.59352111816406,"SAN LUIS OBISPO","ARROYO GRANDE",-120.59352874755859,35.124237060546875
91143580,2019,2019-12-16,9740,2019-12-04,1440,019259,,3,2,9,4000,0,3,5,,2,016,"PARKHILL ROAD","STAGECOACH CANYON",2640.00,W,N,B,-,N,,,,,,,,,,Y,2,0,1,1,A,-,01,23152,F,N,E,I,A,B,H,-,A,D,0,,,,,Y,,A,01,1,0,0,0,0,0,0,0,0,"- ","- ",35.391700744628906,-120.48399353027344,"SAN LUIS OBISPO",UNINCORPORATED,-120.48384857177734,35.391471862792969
91154820,2019,2019-12-30,9740,2019-12-16,1445,019259,,1,2,9,4000,0,3,5,,2,019,"N. RIVER ROAD","RIVER OAKS ROAD",9240.00,N,N,A,-,N,,,,,,,,,,Y,2,0,1,1,A,-,03,22350,,N,E,I,A,A,H,-,A,A,0,,,,,Y,,A,01,1,0,0,0,0,0,0,0,0,"- ","- ",35.667121887207031,-120.68994903564453,"SAN LUIS OBISPO",UNINCORPORATED,-120.69003295898438,35.666759490966797
91158050,2019,2020-01-02,9750,2019-12-26,1200,015716,,4,1,9,4000,0,1,3,,1,065,SR-166,SR-33,0.00,,Y,B,D,Y,,,166,,,,,,,Y,2,0,2,3,A,-,09,21801,A,N,D,C,A,B,H,-,A,D,0,,,,,Y,,A,01,1,1,0,0,0,0,0,0,0,"- ","- ",34.93621826171875,-119.51255798339844,"SAN LUIS OBISPO",UNINCORPORATED,-119.51277923583984,34.936210632324219
91162197,2020,2020-01-09,9740,2020-01-06,0935,020057,,1,1,9,4000,0,1,3,,1,014,SR-1,"WEYMOUTH ST",0.00,,Y,A,-,Y,,,1,,,,,,,Y,2,0,2,2,A,-,09,21802,A,N,D,C,A,A,H,-,A,A,0,,,,,Y,,A,08,1,1,0,0,0,0,0,0,0,"- ","- ",35.571498870849609,-121.11003112792969,"SAN LUIS OBISPO",UNINCORPORATED,-121.11000823974609,35.571521759033203
91167524,2020,2020-01-17,9745,2020-01-15,2245,017541,,3,3,9,4000,0,1,2,,1,101,"US-101 SOUTHBOUND","TV TOWER RD",10.00,N,N,A,-,Y,,,101,,,,,,S,Y,2,0,1,1,A,-,08,22107,,N,E,I,A,A,H,-,D,D,0,,,,,Y,,D,22,1,0,0,0,0,0,0,0,0,"- ","- ",35.346641540527344,-120.62979888916016,"SAN LUIS OBISPO",UNINCORPORATED,-120.62958526611328,35.346748352050781
91168331,2019,2020-01-20,9740,2019-12-13,2305,018069,,5,3,9,4000,0,1,2,,2,002,"US-101 N/B","N. MAIN STREET",5280.00,N,N,A,-,Y,,,101,,,,,,N,Y,1,1,0,2,A,-,01,23152,A,N,C,C,A,A,H,-,C,D,0,,,,,Y,Y,A,07,0,0,0,0,0,0,0,0,0,"- ","- ",35.580440521240234,-120.69650268554688,"SAN LUIS OBISPO",UNINCORPORATED,-120.69670867919922,35.580471038818359
91177029,2020,2020-01-30,9740,2020-01-15,1115,016154,,3,1,3,4004,0,3,5,,2,021,"BOOKER RD.",SR-46,195.00,S,N,A,-,N,,,,,,,,,,Y,2,0,1,2,A,-,05,21752,A,N,A,C,A,A,H,-,A,D,0,,,Y,,Y,,C,02,1,0,0,0,0,0,0,0,1,"- ","- ",35.564479827880859,-120.74729156494141,"SAN LUIS OBISPO","PASO ROBLES",-120.747314453125,35.564342498779297
91186553,2020,2020-02-20,9750,2020-02-11,1825,017616,,2,2,9,4000,0,1,3,,1,063,SR-166,"CUYAMA RIVER BRIDGE",2323.00,E,N,A,-,Y,,,166,,,,,,,Y,2,0,1,2,A,-,08,22107,,N,B,C,A,A,H,-,D,D,0,,,,Y,Y,,A,07,1,0,0,0,0,0,0,0,0,"- ","- ",35.106449127197266,-120.07462310791016,"SAN LUIS OBISPO",UNINCORPORATED,-120.07460784912109,35.106475830078125
91195082,2020,2020-02-27,9740,2020-02-18,0245,013984,,2,3,9,4000,0,3,5,,2,019,"ESTRELLA ROAD","JARDINE RD",1584.00,E,N,A,-,N,,,,,,,,,,Y,2,0,1,1,A,-,01,23152,A,N,E,I,A,A,H,-,D,D,0,,,,,Y,Y,A,01,1,0,0,0,0,0,0,0,0,"- ","- ",35.700920104980469,-120.598876953125,"SAN LUIS OBISPO",UNINCORPORATED,-120.59828186035156,35.700668334960938
9120165,2020,2020-10-02,4004,2020-06-18,1217,1208,,4,5,3,4004,0,0,0,,0,,"RAMADA DR","RT 46",0.00,,Y,A,-,Y,SLO,5,101,-,-,53.980,R,-,N,N,2,0,1,2,A,-,08,22107,,N,H,G,A,-,H,-,A,D,0,,Y,,Y,Y,,F,27,1,0,0,0,0,0,1,0,0,"- ","- ",35.589099884033203,-120.69583892822266,"SAN LUIS OBISPO","PASO ROBLES",-120.69573211669922,35.587352752685547
91202286,2020,2020-03-05,9745,2020-02-24,1930,019280,,1,2,9,4000,0,3,5,,2,005,"DIVISION STREET","HAZEL LANE",0.00,,Y,A,-,N,,,,,,,,,,Y,2,0,2,1,A,-,08,22107,,N,F,A,A,A,H,-,C,D,0,,,,,Y,,A,07,1,1,0,0,0,0,0,0,0,"- ","- ",35.020809173583984,-120.48947906494141,"SAN LUIS OBISPO",UNINCORPORATED,-120.48944091796875,35.020759582519531
91214004,2020,2020-03-23,9745,2020-03-13,1447,017968,,5,2,9,4000,0,1,2,,2,303,"US-101 S/B","SAN LUIS BAY DR",1600.00,N,N,B,-,Y,,,101,,,,,,S,Y,2,0,3,1,A,-,08,22107,,N,F,A,A,A,H,-,A,D,0,,,,,Y,,D,22,1,2,0,0,0,0,0,0,0,"- ","- ",35.200191497802734,-120.69786834716797,"SAN LUIS OBISPO",UNINCORPORATED,-120.69804382324219,35.20025634765625
91214619,2020,2020-03-24,9745,2020-03-16,0029,019070,,1,3,9,4000,0,2,4,,1,048,"AVILA BEACH DRIVE","ONTARIO ROAD",1056.00,W,N,C,-,N,,,,,,,,,,N,2,0,1,2,A,-,11,21956,,N,G,B,E,B,H,-,D,D,0,Y,,,,Y,Y,N,60,1,0,0,0,1,0,0,0,0,"- ","- ",35.182838439941406,-120.70777893066406,"SAN LUIS OBISPO",UNINCORPORATED,-120.70711517333984,35.182449340820312
91215414,2020,2020-03-25,9745,2020-03-23,1808,017857,,1,2,9,4000,0,2,4,,1,025,"LOS OSOS VALLEY ROAD","BUCKSKIN DRIVE",0.00,,Y,A,-,N,,,,,,,,,,Y,2,0,3,2,A,-,01,23152,F,N,A,C,A,A,H,-,A,D,0,,,,,Y,,D,22,3,0,0,0,0,0,0,0,0,"- ","- ",35.307899475097656,-120.81890106201172,"SAN LUIS OBISPO",UNINCORPORATED,-120.81890106201172,35.307838439941406
91238252,2020,2020-05-15,9740,2020-05-10,1600,020302,,7,2,9,4000,0,3,5,,2,017,"SOUTH EL POMAR RD","EL POMAR DR",2112.00,S,N,A,-,N,,,,,,,,,,N,2,0,1,1,A,-,03,22350,,N,F,A,A,A,H,-,A,D,0,,,Y,,Y,,C,02,1,0,0,0,0,0,0,0,1,"- ","- ",35.547878265380859,-120.60944366455078,"SAN LUIS OBISPO",UNINCORPORATED,-120.60942077636719,35.547336578369141
91240188,2020,2020-05-20,9740,2020-05-13,1808,019259,,3,2,9,4000,0,3,5,,2,017,"OLD COUNTY ROAD","LAS TABLAS RD",0.00,,Y,A,-,N,,,,,,,,,,Y,2,0,1,2,A,-,01,23152,A,N,D,C,A,A,H,-,A,A,0,,,Y,,Y,Y,A,01,1,0,0,0,0,0,0,0,1,"- ","- ",35.553268432617188,-120.70350646972656,"SAN LUIS OBISPO",UNINCORPORATED,-120.70352172851562,35.553249359130859
91243319,2020,2020-05-27,9745,2020-05-18,1822,017817,,1,2,2,4003,0,1,3,,1,021,SR-1,"YERBA BUENA AVE.",0.00,,Y,A,-,Y,,,1,,,,,,,Y,2,0,1,2,A,-,12,21453,A,N,D,C,A,A,H,-,A,A,0,,,,,Y,,A,01,1,0,0,0,0,0,0,0,0,"- ","- ",35.404331207275391,-120.86769104003906,"SAN LUIS OBISPO","MORRO BAY",-120.86772918701172,35.404289245605469
91247102,2020,2020-06-10,9740,2020-05-29,1515,019486,,5,2,9,4000,0,3,5,,2,017,"EL CAMINO REAL","ASUNCION RD",0.00,,Y,B,-,N,,,,,,,,,,Y,2,0,1,2,A,-,03,22350,,N,C,C,A,A,H,-,A,D,0,,,,,Y,,D,22,1,0,0,0,0,0,0,0,0,"- ","- ",35.428470611572266,-120.60562133789062,"SAN LUIS OBISPO",UNINCORPORATED,-120.60549926757812,35.428478240966797
91250196,2020,2020-06-10,9740,2020-06-07,1830,020057,,7,2,9,4000,0,3,5,,2,019,"L ST.","10TH ST.",0.00,,Y,A,-,N,,,,,,,,,,Y,2,0,3,2,A,-,01,23152,A,N,D,C,A,A,H,-,A,A,0,,,,,Y,Y,A,01,1,1,1,0,0,0,0,0,0,"- ","- ",35.74774169921875,-120.69837951660156,"SAN LUIS OBISPO",UNINCORPORATED,-120.69828796386719,35.747730255126953
91264267,2020,2020-07-07,9745,2020-06-22,1653,020773,,1,2,2,4005,0,1,2,,2,404,"US-101 S/B","MATTIE RD",1584.00,S,N,B,-,Y,,,101,,,,,,S,Y,2,0,2,3,A,-,08,22107,,N,E,I,A,A,H,-,A,D,0,,,,,Y,,A,07,1,0,1,0,0,0,0,0,0,"- ","- ",35.148780822753906,-120.64891052246094,"SAN LUIS OBISPO","PISMO BEACH",-120.64894104003906,35.148696899414062
91265124,2020,2020-07-08,9745,2020-06-23,1220,017061,,2,1,2,4005,0,1,2,,2,404,"US-101 NORTHBOUND","SPYGLASS DR.",2683.00,N,N,A,-,Y,,,101,,,,,,N,Y,2,0,2,1,A,-,08,22107,,N,F,A,A,A,H,-,A,D,0,,,,,Y,,A,01,2,0,0,0,0,0,0,0,0,"- ","- ",35.170188903808594,-120.69228363037109,"SAN LUIS OBISPO","PISMO BEACH",-120.69235229492188,35.170124053955078
91271828,2020,2020-07-21,9740,2020-07-14,1210,015167,,2,1,9,4000,0,3,5,,2,024,"ORLANDO DR","MARLBOROUGH LN",30.00,E,N,B,-,N,,,,,,,,,,N,2,0,1,1,A,-,03,22350,,N,F,A,A,A,H,-,A,D,0,,Y,,,Y,,L,04,1,0,0,0,0,0,1,0,0,"- ","- ",35.547611236572266,-121.09438323974609,"SAN LUIS OBISPO",UNINCORPORATED,-121.09444427490234,35.547576904296875
91278607,2020,2020-08-13,9740,2020-06-29,2130,018069,,1,2,9,4000,0,3,5,,2,017,"NEAL SPRING ROAD","DEER VIEW LANE",2640.00,E,N,A,-,N,,,,,,,,,,Y,1,4,0,1,A,-,01,23152,A,N,E,I,A,A,H,-,D,D,0,,,,,Y,Y,A,01,0,0,0,0,0,0,0,0,0,"- ","- ",35.575309753417969,-120.63034820556641,"SAN LUIS OBISPO",UNINCORPORATED,-120.62953186035156,35.575248718261719