CASE_ID,ACCIDENT_YEAR,PROC_DATE,JURIS,COLLISION_DATE,COLLISION_TIME,OFFICER_ID,REPORTING_DISTRICT,DAY_OF_WEEK,CHP_SHIFT,POPULATION,CNTY_CITY_LOC,SPECIAL_COND,BEAT_TYPE,CHP_BEAT_TYPE,CITY_DIVISION_LAPD,CHP_BEAT_CLASS,BEAT_NUMBER,PRIMARY_RD,SECONDARY_RD,DISTANCE,DIRECTION,INTERSECTION,WEATHER_1,WEATHER_2,STATE_HWY_IND,CALTRANS_COUNTY,CALTRANS_DISTRICT,STATE_ROUTE,ROUTE_SUFFIX,POSTMILE_PREFIX,POSTMILE,LOCATION_TYPE,RAMP_INTERSECTION,SIDE_OF_HWY,TOW_AWAY,COLLISION_SEVERITY,NUMBER_KILLED,NUMBER_INJURED,PARTY_COUNT,PRIMARY_COLL_FACTOR,PCF_CODE_OF_VIOL,PCF_VIOL_CATEGORY,PCF_VIOLATION,PCF_VIOL_SUBSECTION,HIT_AND_RUN,TYPE_OF_COLLISION,MVIW,PED_ACTION,ROAD_SURFACE,ROAD_COND_1,ROAD_COND_2,LIGHTING,CONTROL_DEVICE,CHP_ROAD_TYPE,PEDESTRIAN_ACCIDENT,BICYCLE_ACCIDENT,MOTORCYCLE_ACCIDENT,TRUCK_ACCIDENT,NOT_PRIVATE_PROPERTY,ALCOHOL_INVOLVED,STWD_VEHTYPE_AT_FAULT,CHP_VEHTYPE_AT_FAULT,COUNT_SEVERE_INJ,COUNT_VISIBLE_INJ,COUNT_COMPLAINT_PAIN,COUNT_PED_KILLED,COUNT_PED_INJURED,COUNT_BICYCLIST_KILLED,COUNT_BICYCLIST_INJURED,COUNT_MC_KILLED,COUNT_MC_INJURED,PRIMARY_RAMP,SECONDARY_RAMP,LATITUDE,LONGITUDE,COUNTY,CITY,POINT_X,POINT_Y
91278882,2020,2020-07-31,9740,2020-07-29,2100,018069,,3,2,9,4000,0,1,2,,2,001,SR-46,"SANTA ROSA CREEK ROAD",14256.00,W,N,A,-,Y,,,46,,,,,,,Y,2,0,1,1,C,-,18,,,N,E,H,A,A,H,-,D,D,0,,,Y,,Y,,-,"- ",1,0,0,0,0,0,0,0,1,"- ","- ",35.543300628662109,-120.90361022949219,"SAN LUIS OBISPO",UNINCORPORATED,-120.90360260009766,35.543323516845703
91282650,2020,2020-08-10,9745,2020-07-17,1540,020211,,5,2,9,4000,0,2,4,,1,051,"LOS BERROS RD","CENTURY LN",479.00,E,N,A,-,N,,,,,,,,,,Y,1,1,0,2,A,-,03,22350,,N,F,A,A,A,H,-,A,D,0,,,Y,,Y,,C,02,0,0,0,0,0,0,0,1,0,"- ","- ",35.101741790771484,-120.57791137695312,"SAN LUIS OBISPO",UNINCORPORATED,-120.5780029296875,35.101791381835938
91287515,2020,2020-09-25,9745,2020-08-09,1741,018253,,7,2,9,4000,0,1,2,,1,101,"US-101 SOUTHBOUND","STAGECOACH ROAD",0.00,,Y,A,-,Y,,,101,,,,,,S,Y,2,0,3,2,A,-,09,21801,A,N,D,C,A,A,H,-,A,D,0,,,,,Y,,A,01,1,1,1,0,0,0,0,0,0,"- ","- ",35.317378997802734,-120.62126159667969,"SAN LUIS OBISPO",UNINCORPORATED,-120.62132263183594,35.317390441894531
91290809,2020,2020-08-24,9740,2020-08-20,1520,016849,,4,2,9,4000,0,3,5,,2,022,"SANTA ROSA CREEK RD","CYPRESS MOUNTAIN RD",11616.00,N,N,A,-,N,,,,,,,,,,Y,2,0,1,1,A,-,08,22107,,N,F,A,A,A,H,-,A,D,0,,,Y,,Y,,C,02,1,0,0,0,0,0,0,0,1,"- ","- ",35.567920684814453,-120.93948364257812,"SAN LUIS OBISPO",UNINCORPORATED,-120.93894195556641,35.566493988037109
91295547,2020,2020-08-28,9740,2020-08-26,1535,018988,,3,2,9,4000,0,3,5,,2,016,"W POZO RD","LAS PILITAS RD",46.00,N,N,A,-,N,,,,,,,,,,Y,2,0,1,2,A,-,21,22106,,F,E,I,A,A,H,-,A,D,0,,,,,Y,,D,22,1,0,0,0,0,0,0,0,0,"- ","- ",35.352939605712891,-120.53829956054688,"SAN LUIS OBISPO",UNINCORPORATED,-120.53829956054688,35.352901458740234
91301488,2020,2020-09-09,9745,2020-08-28,1144,014910,,5,1,9,4000,0,3,5,,2,002,"7TH STREET","SANTA MARIA AVE",0.00,,Y,A,-,N,,,,,,,,,,N,2,0,1,2,A,-,12,22450,A,N,D,G,A,A,H,-,A,A,0,,Y,,,Y,,L,04,1,0,0,0,0,0,1,0,0,"- ","- ",35.328060150146484,-120.83542633056641,"SAN LUIS OBISPO",UNINCORPORATED,-120.83541870117188,35.328109741210938
91303087,2020,2020-09-11,9745,2020-09-02,1327,014910,,3,1,9,4000,0,3,5,,2,002,"O'CONNER WAY","FOOTHILL BLVD",2112.00,W,N,A,-,N,,,,,,,,,,Y,2,0,2,1,A,-,08,22107,,N,F,A,A,A,H,-,A,D,0,,,,,Y,,A,01,2,0,0,0,0,0,0,0,0,"- ","- ",35.286678314208984,-120.71212768554688,"SAN LUIS OBISPO",UNINCORPORATED,-120.71207427978516,35.286640167236328
91312361,2020,2020-09-25,9750,2020-09-22,1330,016874,,2,1,9,4000,0,1,3,,2,061,SR-166,"TWITCHELL DAM BRIDGE",740.00,E,N,A,-,Y,,,166,,,,,,,Y,2,0,1,1,C,-,18,,,N,H,H,A,A,H,-,A,D,0,,,Y,,Y,,-,"- ",1,0,0,0,0,0,0,0,1,"- ","- ",35.020988464355469,-120.31844329833984,"SAN LUIS OBISPO",UNINCORPORATED,-120.31848907470703,35.020919799804688
91320443,2020,2020-10-08,9740,2020-10-01,2145,017498,,4,2,9,4000,0,1,3,,2,011,"SR-46 WESTBOUND","APPLE RD",2112.00,W,N,A,-,Y,,,,,,,,,,N,2,0,1,1,C,-,18,,,N,E,H,A,A,H,-,D,D,0,,,Y,,Y,Y,-,"- ",1,0,0,0,0,0,0,0,1,"- ","- ",35.536701202392578,-120.85328674316406,"SAN LUIS OBISPO",UNINCORPORATED,-120.856201171875,35.535388946533203
91323441,2020,2020-10-14,9750,2020-09-30,0220,020511,,3,3,9,4000,0,1,3,,1,063,SR-166,"BRIDGE BR 49-0233",265.00,E,N,A,-,Y,,,166,,,,,,,Y,2,0,1,1,A,-,08,22107,,N,F,A,A,A,H,-,D,D,0,,,Y,,Y,,C,02,1,0,0,0,0,0,0,0,1,"- ","- ",35.061309814453125,-119.95279693603516,"SAN LUIS OBISPO",UNINCORPORATED,-119.95279693603516,35.061195373535156
91326247,2020,2020-10-19,9745,2020-10-10,2330,016773,,6,3,9,4000,0,2,4,,1,051,"LOS BERROS RD","QUAILWOOD LN",350.00,E,N,A,-,N,,,,,,,,,,Y,2,0,2,1,A,-,01,23152,A,N,E,I,A,A,H,-,D,D,0,,,,,Y,Y,A,01,1,1,0,0,0,0,0,0,0,"- ","- ",35.075298309326172,-120.52413177490234,"SAN LUIS OBISPO",UNINCORPORATED,-120.52391052246094,35.075878143310547
91332410,2020,2020-10-27,9745,2020-10-16,1840,017151,,5,2,9,4000,0,1,3,,2,023,"SR-1 NORTHBOUND","GILARDI RD",0.00,,Y,A,-,Y,,,1,,,,,,N,Y,2,0,3,2,A,-,09,21802,A,N,D,C,A,A,H,-,B,D,0,,,,,Y,,A,07,1,2,0,0,0,0,0,0,0,"- ","- ",35.345020294189453,-120.76683807373047,"SAN LUIS OBISPO",UNINCORPORATED,-120.76688385009766,35.344963073730469
91336002,2020,2020-10-30,9740,2020-10-21,0810,017426,,3,1,9,4000,0,1,3,,1,014,SR-1,"HARMONY RANCH RD",0.00,,N,B,-,Y,,,1,,,,,,,N,2,0,1,2,A,-,04,21703,,N,H,G,A,A,H,-,A,D,0,,Y,,,Y,,L,04,1,0,0,0,0,0,1,0,0,"- ","- ",35.519859313964844,-121.03733825683594,"SAN LUIS OBISPO",UNINCORPORATED,-121.03731536865234,35.519901275634766
91336545,2020,2020-11-02,9745,2020-10-06,1053,014910,,2,1,9,4000,0,2,4,,1,025,"LOS OSOS VALLEY ROAD","SOMBRERO DR",401.00,E,N,A,-,N,,,,,,,,,,N,2,0,1,2,A,-,01,23152,F,F,B,G,A,A,H,-,A,D,0,,Y,,,Y,,A,01,1,0,0,0,0,0,1,0,0,"- ","- ",35.304309844970703,-120.80487060546875,"SAN LUIS OBISPO",UNINCORPORATED,-120.80481719970703,35.304351806640625
91347118,2020,2020-11-17,9740,2020-11-14,1310,017498,,6,1,9,4000,0,3,5,,2,017,"FIRST STREET","MAIN STREET",10.00,W,N,A,-,N,,,,,,,,,,N,2,0,1,1,A,-,21,22106,,N,F,A,A,A,H,-,A,A,0,,,Y,,Y,,C,02,1,0,0,0,0,0,0,0,1,"- ","- ",35.552299499511719,-120.70288848876953,"SAN LUIS OBISPO",UNINCORPORATED,-120.70274353027344,35.552265167236328
91360623,2020,2020-12-07,9745,2020-11-30,0650,016773,,1,1,9,4000,0,3,5,,2,005,"DIVISION STREET","S. LAS FLORES DR.",413.00,S,N,A,-,N,,,,,,,,,,Y,2,0,4,2,A,-,05,21460,A,N,A,C,A,A,H,-,B,D,0,,,,,Y,,A,01,1,1,2,0,0,0,0,0,0,"- ","- ",35.009559631347656,-120.49514770507812,"SAN LUIS OBISPO",UNINCORPORATED,-120.49508666992188,35.009597778320312
91363264,2020,2020-12-10,9745,2020-10-06,1106,014910,,2,1,9,4000,0,1,3,,2,023,"SR-1 (SANTA ROSA ST.)","HIGHLAND DR.",74.00,S,N,A,-,Y,,,1,,,,,,,Y,2,0,2,4,A,-,01,23152,F,N,C,C,A,A,H,-,A,A,0,,Y,,,Y,,A,01,2,0,0,0,0,0,0,0,0,"- ","- ",35.298240661621094,-120.67355346679688,"SAN LUIS OBISPO",UNINCORPORATED,-120.67352294921875,35.298274993896484
91363795,2020,2020-12-10,9745,2020-12-02,1753,017968,,3,2,9,4000,0,2,4,,1,051,"LOS BERROS ROAD","STANTON STREET",735.00,S,N,A,-,N,,,,,,,,,,Y,2,0,1,2,A,-,03,22350,,N,C,C,A,A,H,-,D,D,0,,,,,Y,,D,22,1,0,0,0,0,0,0,0,0,"- ","- ",35.079048156738281,-120.54489898681641,"SAN LUIS OBISPO",UNINCORPORATED,-120.54500579833984,35.079055786132812
91364500,2020,2020-12-11,9745,2020-11-30,1824,020689,,1,2,9,4000,0,2,4,,1,051,"LOS BERROS RD.","PHELAN RANCH WAY",321.00,S,N,A,-,N,,,,,,,,,,Y,1,1,0,1,A,-,08,22107,,N,E,I,A,A,H,-,D,D,0,,,,,Y,,E,22,0,0,0,0,0,0,0,0,0,"- ","- ",35.085800170898438,-120.55599975585938,"SAN LUIS OBISPO",UNINCORPORATED,-120.55599975585938,35.08575439453125
91378273,2020,2020-12-30,9745,2020-12-27,1309,015144,,7,1,9,4000,0,1,3,,1,045,SR-1,"OSO FLACO LAKE ROAD",0.00,,Y,A,-,Y,,,1,,,,,,,Y,2,0,4,2,A,-,09,21802,A,N,D,C,A,A,H,-,A,A,0,,,,,Y,,A,01,1,0,3,0,0,0,0,0,0,"- ","- ",35.010711669921875,-120.56771087646484,"SAN LUIS OBISPO",UNINCORPORATED,-120.56763458251953,35.010677337646484
91378672,2020,2020-12-31,9740,2020-12-20,0940,019259,,7,1,9,4000,0,3,5,,2,019,"RIVER RD","WELLSONA RD",2640.00,N,N,A,-,N,,,,,,,,,,Y,2,0,1,1,A,-,08,22107,,N,E,I,A,A,H,-,A,A,0,,,,,Y,,A,01,1,0,0,0,0,0,0,0,0,"- ","- ",35.704349517822266,-120.68153381347656,"SAN LUIS OBISPO",UNINCORPORATED,-120.68340301513672,35.690105438232422
91396090,2021,2021-01-28,9745,2021-01-20,1355,017144,,3,1,9,4000,0,3,5,,2,004,"17TH STREET","WARNER ST",200.00,N,N,A,-,N,,,,,,,,,,N,2,0,1,1,A,-,17,21200,,N,F,A,A,A,H,-,A,D,0,,Y,,,Y,Y,L,04,1,0,0,0,0,0,1,0,0,"- ","- ",35.102981567382812,-120.61251831054688,"SAN LUIS OBISPO",UNINCORPORATED,-120.61244201660156,35.102928161621094
91403283,2021,2021-02-05,9745,2021-02-04,0550,015144,,4,3,9,4000,0,3,5,,2,004,"BONITA SCHOOL ROAD","DIVISION STREET",3168.00,S,N,A,-,N,,,,,,,,,,Y,2,0,1,2,A,-,09,21801,A,N,A,C,A,A,H,-,D,D,0,,,,,Y,,A,01,1,0,0,0,0,0,0,0,0,"- ","- ",34.995540618896484,-120.51413726806641,"SAN LUIS OBISPO",UNINCORPORATED,-120.51418304443359,34.995780944824219
91404452,2021,2021-02-08,9745,2021-01-31,1620,020417,,7,2,9,4000,0,2,4,,1,026,"PREFUMO CANYON RD. S/B","CHAMISE LN.",2640.00,N,N,B,-,N,,,,,,,,,,N,2,0,1,2,A,-,09,21801,A,N,H,G,A,A,E,-,A,D,0,,Y,,,Y,,A,07,1,0,0,0,0,0,1,0,0,"- ","- ",35.258888244628906,-120.75852203369141,"SAN LUIS OBISPO",UNINCORPORATED,-120.75786590576172,35.257827758789062
91409411,2021,2021-02-16,9745,2021-01-30,1519,017968,,6,2,9,4000,0,3,5,,2,002,"FOOTHILL BOULEVARD","BLUE GRANITE LANE",528.00,N,N,A,-,N,,,,,,,,,,Y,2,0,2,2,A,-,05,21460,A,N,A,C,A,A,H,-,A,D,0,,,,,Y,,A,07,1,0,1,0,0,0,0,0,0,"- ","- ",35.286518096923828,-120.69989013671875,"SAN LUIS OBISPO",UNINCORPORATED,-120.70010375976562,35.286392211914062
91414387,2021,2021-02-24,9745,2021-02-20,2157,020226,,6,2,9,4000,0,2,4,,1,051,"LOS BERROS ROAD","EAST EL CAMPO ROAD",115.00,N,N,A,-,N,,,,,,,,,,Y,2,0,1,2,A,-,11,21956,,N,G,B,E,A,H,-,D,D,0,Y,,,,Y,,N,60,1,0,0,0,1,0,0,0,0,"- ","- ",35.093658447265625,-120.56317138671875,"SAN LUIS OBISPO",UNINCORPORATED,-120.56301879882812,35.093582153320312
91429584,2021,2021-03-17,9745,2021-03-07,1930,019809,,7,2,9,4000,0,2,4,,1,025,"LOS OSOS VALLEY RD","ETO LANE",823.00,W,N,A,-,N,,,,,,,,,,Y,2,0,2,2,A,-,08,22107,,N,D,C,A,A,H,-,D,D,0,,,,,Y,,A,01,1,0,1,0,0,0,0,0,0,"- ","- ",35.307170867919922,-120.81613159179688,"SAN LUIS OBISPO",UNINCORPORATED,-120.81615447998047,35.307155609130859
91439727,2021,2021-03-30,9745,2021-03-28,1155,020229,,7,1,9,4000,0,3,5,,2,004,"SAN LUIS ST","SAN ANTONIA ST",0.00,,Y,A,-,N,,,,,,,,,,N,2,0,1,2,A,-,09,21802,A,N,F,A,A,A,H,-,A,A,0,,,Y,,Y,,A,07,1,0,0,0,0,0,0,0,1,"- ","- ",35.180240631103516,-120.73063659667969,"SAN LUIS OBISPO",UNINCORPORATED,-120.73068237304688,35.180225372314453
91446134,2021,2021-04-08,9745,2021-03-30,1745,017857,,2,2,9,4000,0,1,3,,2,023,"SR-1 NORTHBOUND","CANET ROAD",0.00,,Y,A,-,Y,,,1,,,,,,N,N,2,0,1,1,A,-,01,23152,A,N,E,I,A,A,H,-,A,A,0,,,,,Y,Y,A,01,1,0,0,0,0,0,0,0,0,"- ","- ",35.354400634765625,-120.78450012207031,"SAN LUIS OBISPO",UNINCORPORATED,-120.784423828125,35.354663848876953
91446141,2021,2021-04-08,9740,2021-03-07,1450,018069,,7,2,9,4000,0,3,5,,2,016,"EAST POZO ROAD","RIVER ROAD",4224.00,E,N,A,-,N,,,,,,,,,,Y,1,1,0,1,A,-,01,23152,A,N,E,I,A,A,H,-,A,D,0,,,Y,,Y,Y,C,02,0,0,0,0,0,0,0,1,0,"- ","- ",35.303569793701172,-120.39087677001953,"SAN LUIS OBISPO",UNINCORPORATED,-120.39149475097656,35.303737640380859
9144843,2020,2020-10-22,4006,2020-08-17,1343,62657,,1,5,4,4006,0,0,0,,0,,"SANTA ROSA",OAK,0.00,,Y,A,-,N,,,,,,,,,,Y,2,0,1,2,A,-,09,21802,A,N,D,C,A,A,H,-,A,A,0,,,,,Y,,A,01,1,0,0,0,0,0,0,0,0,"- ","- ",35.289169311523438,-120.6656494140625,"SAN LUIS OBISPO","SAN LUIS OBISPO",,
91457451,2021,2021-04-23,9745,2021-04-19,0207,017541,,1,3,9,4000,0,1,3,,2,023,"SR-1 SOUTHBOUND","SOUTH BAY BLVD",2112.00,S,N,B,-,Y,,,1,,,,,,S,Y,2,0,1,1,A,-,01,23152,F,N,F,A,A,A,H,-,D,D,0,,,,,Y,,A,07,1,0,0,0,0,0,0,0,0,"- ","- ",35.363170623779297,-120.81642150878906,"SAN LUIS OBISPO",UNINCORPORATED,-120.81642150878906,35.363151550292969
91461117,2021,2021-04-29,9740,2021-04-17,2500,019486,,6,4,3,4004,0,1,2,,2,003,"US-101 NORTHBOUND","NIBLICK RD",3168.00,S,N,A,-,Y,,,101,,,,,,N,Y,2,0,1,1,A,-,08,22107,,N,F,A,A,A,H,-,C,D,0,,,,,Y,,A,01,1,0,0,0,0,0,0,0,0,"- ","- ",35.607078552246094,-120.69199371337891,"SAN LUIS OBISPO","PASO ROBLES",-120.69210052490234,35.607101440429688
91466272,2021,2021-05-05,9745,2021-04-14,0930,017097,,3,1,9,4000,0,2,4,,1,051,"LOS BERROS RD","DALE AVE",1056.00,W,N,A,-,N,,,,,,,,,,Y,2,0,3,2,A,-,03,22350,,N,C,C,A,A,H,-,A,D,0,,,,,Y,,A,01,1,0,2,0,0,0,0,0,0,"- ","- ",35.075130462646484,-120.52346038818359,"SAN LUIS OBISPO",UNINCORPORATED,-120.52349853515625,35.075157165527344
91467801,2021,2021-05-07,9740,2021-05-04,1630,020057,,2,2,9,4000,0,3,5,,2,017,"MOSS LN.","REDONDO LN.",250.00,E,N,A,-,N,,,,,,,,,,Y,2,0,3,1,A,-,08,22107,,N,F,A,A,A,H,-,A,D,0,,,,,Y,,D,22,1,1,1,0,0,0,0,0,0,"- ","- ",35.546501159667969,-120.68000793457031,"SAN LUIS OBISPO",UNINCORPORATED,-120.68003845214844,35.546512603759766
91470608,2021,2021-05-12,9740,2021-05-01,2130,020302,,6,2,9,4000,0,1,3,,2,006,SR-229,SR-41,2640.00,S,N,A,-,Y,,,229,,,,,,,Y,2,0,3,2,A,-,01,23152,A,N,D,C,A,A,H,-,D,D,0,,,,,Y,Y,D,22,2,0,1,0,0,0,0,0,0,"- ","- ",35.528541564941406,-120.52166748046875,"SAN LUIS OBISPO",UNINCORPORATED,-120.5216064453125,35.528591156005859
91480831,2021,2021-05-27,9740,2021-05-22,2230,021275,,6,3,9,4000,0,1,3,,2,011,"SR-46 W/B AT MPM 4.5","S. GREEN VALLEY RD",5280.00,E,N,A,-,Y,,,46,,,,R,,W,Y,2,0,2,1,A,-,01,23152,A,N,E,I,A,A,H,-,D,D,0,,,,,Y,Y,A,01,1,1,0,0,0,0,0,0,0,"- ","- ",35.541858673095703,-120.97480773925781,"SAN LUIS OBISPO",UNINCORPORATED,-120.97480773925781,35.541858673095703
91497243,2021,2021-06-15,9740,2021-06-11,1518,020057,,5,2,9,4000,0,3,5,,2,017,"LA PANZA RD",SR-41,2112.00,S,N,A,-,N,,,,,,,,,,Y,2,0,1,1,A,-,08,22107,,N,F,A,A,A,H,-,A,D,0,,,Y,,Y,,C,02,1,0,0,0,0,0,0,0,1,"- ","- ",35.530361175537109,-120.51664733886719,"SAN LUIS OBISPO",UNINCORPORATED,-120.51861572265625,35.530544281005859
91516195,2021,2021-07-08,9750,2021-07-02,0855,017709,,5,1,9,4000,0,1,3,,2,061,SR-166,"ALAMO CREEK RD",20064.00,E,N,A,-,Y,,,166,,,,,,,Y,2,0,3,2,A,-,08,22107,,N,A,C,A,A,H,-,A,D,0,,,,,Y,,A,07,2,1,0,0,0,0,0,0,0,"- ","- ",35.024200439453125,-120.28153228759766,"SAN LUIS OBISPO",UNINCORPORATED,-120.28160858154297,35.024269104003906
91518893,2021,2021-07-13,9745,2021-07-08,1750,017097,,4,2,9,4000,0,3,5,,2,004,"HALCYON RD","PRODUCE PL",600.00,S,N,A,-,N,,,,,,,,,,N,2,0,1,1,A,-,03,22350,,N,F,A,A,A,H,-,A,D,0,,,,,Y,,A,07,1,0,0,0,0,0,0,0,0,"- ","- ",35.085678100585938,-120.59140777587891,"SAN LUIS OBISPO",UNINCORPORATED,-120.59166717529297,35.089141845703125
91538778,2021,2021-08-06,9740,2021-07-28,2350,019648,,3,3,9,4000,0,1,3,,2,005,SR-58,"DIGGER PINE ROAD",528.00,W,N,A,-,Y,,,58,,,,,,,Y,2,0,1,1,A,-,08,22107,,N,E,I,A,A,H,-,D,D,0,,,,,Y,,A,01,1,0,0,0,0,0,0,0,0,"- ","- ",35.403759002685547,-120.57324981689453,"SAN LUIS OBISPO",UNINCORPORATED,-120.57318115234375,35.403705596923828
91545853,2021,2021-08-16,9745,2021-08-03,2359,014910,,2,3,9,4000,0,1,2,,2,404,"US 101 N/B","AVILA BEACH DRIVE",439.00,S,N,A,-,Y,,,,,,,,,,Y,2,0,2,1,A,-,08,22107,,N,E,I,A,A,H,-,D,D,0,,,,,Y,,D,22,1,0,1,0,0,0,0,0,0,"- ","- ",35.1787109375,-120.69818878173828,"SAN LUIS OBISPO",UNINCORPORATED,-120.70073699951172,35.181499481201172
91546278,2021,2021-08-17,9745,2021-08-05,1720,020417,,4,2,2,4005,0,1,2,,2,404,"US-101 SOUTHBOUND","SPYGLASS DR.",1056.00,N,N,B,-,Y,,,101,,,,,,S,Y,2,0,1,2,A,-,03,22350,,N,C,C,A,A,H,-,A,D,0,,,Y,,Y,,C,02,1,0,0,0,0,0,0,0,1,"- ","- ",35.16693115234375,-120.69010162353516,"SAN LUIS OBISPO","PISMO BEACH",-120.69010925292969,35.166919708251953
91546774,2021,2021-08-17,9745,2021-08-05,2106,014910,,4,2,9,4000,0,1,2,,2,303,"US 101 NB","US 101- NB FROM HIGUERA STREET",1376.00,N,N,A,-,Y,,,,,,,,,,Y,2,0,1,1,A,-,08,22107,,N,F,A,A,A,H,-,C,D,0,,,,,Y,,D,22,1,0,0,0,0,0,0,0,0,"- ","- ",35.233978271484375,-120.68699645996094,"SAN LUIS OBISPO",UNINCORPORATED,-120.65957641601562,35.289653778076172
91552034,2021,2021-08-23,9745,2021-06-23,1925,017097,,3,2,9,4000,0,2,S,,2,054,"LOPEZ DRIVE","GRIEB RANCH WAY",512.00,W,N,A,-,N,,,,,,,,,,Y,1,1,0,1,A,-,01,23152,F,N,E,I,A,A,H,-,A,D,0,,,Y,,Y,,C,02,0,0,0,0,0,0,0,1,0,"- ","- ",35.184421539306641,-120.50035858154297,"SAN LUIS OBISPO",UNINCORPORATED,-120.50157165527344,35.184291839599609
91552085,2021,2021-08-23,9745,2021-08-19,1330,020417,,4,1,9,4000,0,3,5,,2,005,"TEJAS PL.","S. TEFFT ST.",330.00,N,N,B,-,N,,,,,,,,,,N,2,0,1,2,A,-,11,21954,A,F,G,B,E,A,H,-,A,D,0,Y,,,,Y,,N,60,1,0,0,0,1,0,0,0,0,"- ","- ",35.026569366455078,-120.49884033203125,"SAN LUIS OBISPO",UNINCORPORATED,-120.49877166748047,35.026500701904297
91560291,2021,2021-09-01,9745,2021-07-12,2140,020226,,1,2,9,4000,0,1,2,,1,101,"US-101 NORTHBOUND","TASSAJARA CREEK ROAD",0.00,,Y,A,-,Y,,,101,,,,,,N,Y,1,1,0,2,A,-,09,21804,A,N,D,C,A,A,H,-,D,D,0,,,Y,,Y,,A,07,0,0,0,0,0,0,0,1,0,"- ","- ",35.370540618896484,-120.64092254638672,"SAN LUIS OBISPO",UNINCORPORATED,-120.6409912109375,35.370552062988281
91565612,2021,2021-09-08,9745,2021-08-22,1404,020417,,7,2,9,4000,0,2,4,,1,048,"AVILA BEACH DR.","ONTARIO RD.",1056.00,W,N,B,-,N,,,,,,,,,,Y,2,0,1,2,A,-,01,23152,A,N,C,C,A,A,H,-,A,D,0,,,Y,,Y,Y,C,03,1,0,0,0,0,0,0,0,1,"- ","- ",35.182380676269531,-120.70697784423828,"SAN LUIS OBISPO",UNINCORPORATED,-120.70711517333984,35.182449340820312
91571900,2021,2021-09-16,9740,2021-09-06,1320,019259,,1,1,9,4000,0,1,3,,2,007,SR-41,"YOSEMITE PLACE",200.00,N,N,A,-,Y,,,41,,,,,,,N,2,0,1,1,A,-,03,22350,,N,F,A,A,A,H,-,A,D,0,,,Y,,Y,,C,02,1,0,0,0,0,0,0,0,1,"- ","- ",35.570720672607422,-120.47245788574219,"SAN LUIS OBISPO",UNINCORPORATED,-120.47248077392578,35.570713043212891
91583051,2021,2021-09-29,9740,2021-07-25,1855,021275,,7,2,9,4000,0,1,3,,2,007,SR-41,"WOOD CANYON RD.",2000.00,S,N,A,-,Y,,,41,,,,,,,Y,1,1,0,1,A,-,01,23152,A,N,E,I,A,A,H,-,A,D,0,,,,,Y,Y,A,01,0,0,0,0,0,0,0,0,0,"- ","- ",35.615470886230469,-120.40440368652344,"SAN LUIS OBISPO",UNINCORPORATED,-120.40443420410156,35.615493774414062
91583849,2021,2021-09-30,9745,2021-09-19,0320,014910,,7,3,9,4000,0,1,2,,2,303,"US-101 SOUTHBOUND","LOS OSOS VALLEY RD",2640.00,S,N,A,-,Y,,,101,,,,,,S,Y,2,0,4,1,A,-,08,22107,,N,E,I,A,A,H,-,D,D,0,,,,,Y,,A,01,2,1,1,0,0,0,0,0,0,"- ","- ",35.237060546875,-120.68428039550781,"SAN LUIS OBISPO",UNINCORPORATED,-120.6842041015625,35.237022399902344
91588322,2021,2021-10-05,9740,2021-09-28,0620,015675,,2,1,9,4000,0,3,5,,2,021,"VINEYARD DR.","BENNETT WAY",281.00,W,N,A,-,N,,,,,,,,,,N,2,0,1,2,A,-,08,22107,,N,H,G,A,A,H,-,D,D,0,,Y,,,Y,,L,04,1,0,0,0,0,0,1,0,0,"- ","- ",35.543388366699219,-120.71922302246094,"SAN LUIS OBISPO",UNINCORPORATED,-120.71910095214844,35.543323516845703
91599492,2021,2021-10-18,9740,2021-10-05,0603,017952,,2,1,9,4000,0,1,3,,2,010,SR-41,SR-46E,18480.00,N,N,A,-,Y,,,41,,,,,,,Y,2,0,2,2,A,-,05,21460,A,N,B,C,A,A,H,-,A,D,0,,,,Y,Y,,F,26,1,1,0,0,0,0,0,0,0,"- ","- ",35.771339416503906,-120.23925018310547,"SAN LUIS OBISPO",UNINCORPORATED,-120.23921966552734,35.771282196044922
91601442,2021,2021-10-20,9745,2021-10-09,2000,020689,,6,2,9,4000,0,2,4,,1,051,"AVILA BEACH DRIVE","SAN MIGUEL ST",600.00,E,N,A,-,N,,,,,,,,,,Y,2,0,1,3,A,-,01,23152,A,N,C,E,A,A,H,-,D,D,0,,,,Y,Y,Y,A,01,1,0,0,0,0,0,0,0,0,"- ","- ",35.181819915771484,-120.73059844970703,"SAN LUIS OBISPO",UNINCORPORATED,-120.73077392578125,35.181911468505859
91601598,2021,2021-10-20,9745,2021-10-11,1800,020391,,1,2,9,4000,0,3,5,,2,004,"BEACH ST","19TH ST",0.00,,Y,A,-,N,,,,,,,,,,N,2,0,1,2,A,-,09,21800,A,F,D,C,A,A,H,-,A,A,0,,,Y,,Y,,A,01,1,0,0,0,0,0,0,0,1,"- ","- ",35.099189758300781,-120.61081695556641,"SAN LUIS OBISPO",UNINCORPORATED,-120.61077117919922,35.099163055419922