CASE_ID,ACCIDENT_YEAR,PROC_DATE,JURIS,COLLISION_DATE,COLLISION_TIME,OFFICER_ID,REPORTING_DISTRICT,DAY_OF_WEEK,CHP_SHIFT,POPULATION,CNTY_CITY_LOC,SPECIAL_COND,BEAT_TYPE,CHP_BEAT_TYPE,CITY_DIVISION_LAPD,CHP_BEAT_CLASS,BEAT_NUMBER,PRIMARY_RD,SECONDARY_RD,DISTANCE,DIRECTION,INTERSECTION,WEATHER_1,WEATHER_2,STATE_HWY_IND,CALTRANS_COUNTY,CALTRANS_DISTRICT,STATE_ROUTE,ROUTE_SUFFIX,POSTMILE_PREFIX,POSTMILE,LOCATION_TYPE,RAMP_INTERSECTION,SIDE_OF_HWY,TOW_AWAY,COLLISION_SEVERITY,NUMBER_KILLED,NUMBER_INJURED,PARTY_COUNT,PRIMARY_COLL_FACTOR,PCF_CODE_OF_VIOL,PCF_VIOL_CATEGORY,PCF_VIOLATION,PCF_VIOL_SUBSECTION,HIT_AND_RUN,TYPE_OF_COLLISION,MVIW,PED_ACTION,ROAD_SURFACE,ROAD_COND_1,ROAD_COND_2,LIGHTING,CONTROL_DEVICE,CHP_ROAD_TYPE,PEDESTRIAN_ACCIDENT,BICYCLE_ACCIDENT,MOTORCYCLE_ACCIDENT,TRUCK_ACCIDENT,NOT_PRIVATE_PROPERTY,ALCOHOL_INVOLVED,STWD_VEHTYPE_AT_FAULT,CHP_VEHTYPE_AT_FAULT,COUNT_SEVERE_INJ,COUNT_VISIBLE_INJ,COUNT_COMPLAINT_PAIN,COUNT_PED_KILLED,COUNT_PED_INJURED,COUNT_BICYCLIST_KILLED,COUNT_BICYCLIST_INJURED,COUNT_MC_KILLED,COUNT_MC_INJURED,PRIMARY_RAMP,SECONDARY_RAMP,LATITUDE,LONGITUDE,COUNTY,CITY,POINT_X,POINT_Y
9161420,2020,2021-01-21,4002,2020-09-02,1735,721,,3,5,3,4002,0,0,0,,0,,"N OAK PARK BL","SIERRA DR",42.00,S,N,A,-,N,,,,,,,,,,Y,2,0,2,3,A,-,00,23103,A,N,A,C,A,A,H,-,A,D,0,,,Y,,Y,,A,01,1,1,0,0,0,0,0,0,0,"- ","- ",,,"SAN LUIS OBISPO","GROVER BEACH",-120.60757446289062,35.128501892089844
91616242,2021,2021-11-04,9745,2021-09-04,1955,020391,,6,2,9,4000,0,2,S,,2,054,"LOPEZ DR","GRIEB RANCH ROAD",5280.00,E,N,A,-,N,,,,,,,,,,Y,1,1,2,2,A,-,08,22107,,N,A,C,A,A,H,-,D,D,0,,,Y,,Y,,C,02,0,0,2,0,0,0,0,1,0,"- ","- ",35.186759948730469,-120.48684692382812,"SAN LUIS OBISPO",UNINCORPORATED,-120.48548126220703,35.186470031738281
91616574,2021,2021-11-04,9745,2021-09-11,0645,017144,,6,1,9,4000,0,1,3,,2,023,"SR-1 SOUTHBOUND","HIGHLAND DR.",0.00,,Y,B,-,Y,,,1,,,,,,S,Y,1,1,1,3,A,-,12,21453,A,N,D,C,A,A,H,-,A,A,0,,,,,Y,,D,22,0,1,0,0,0,0,0,0,0,"- ","- ",35.298431396484375,-120.67382049560547,"SAN LUIS OBISPO",UNINCORPORATED,-120.67388153076172,35.298351287841797
91616634,2021,2021-11-04,9745,2021-10-28,2140,016773,,4,2,9,4000,0,1,3,,1,045,"SR-1 SOUTHBOUND","OSO FLACO LAKE RD",2640.00,S,N,A,-,Y,,,1,,,,,,S,Y,2,0,1,1,A,-,08,22107,,N,F,J,A,A,H,-,D,D,0,,,Y,,Y,Y,C,02,1,0,0,0,0,0,0,0,1,"- ","- ",34.991100311279297,-120.57054138183594,"SAN LUIS OBISPO",UNINCORPORATED,-120.57054901123047,34.991100311279297
91622665,2021,2021-11-11,9750,2021-10-31,2230,018616,,7,3,9,4000,0,1,2,,2,111,"US-101 SOUTHBOUND FROM SR-166",SR-166,528.00,S,N,B,-,Y,,,101,,,,R,,S,Y,2,0,1,2,A,-,03,22350,,F,C,C,A,A,H,-,C,D,0,,,,,Y,,A,07,1,0,0,0,0,0,0,0,0,"- ","- ",34.995319366455078,-120.43489837646484,"SAN LUIS OBISPO",UNINCORPORATED,-120.43489837646484,34.995319366455078
91633612,2021,2021-11-23,9745,2021-11-18,2155,016773,,4,2,9,4000,0,1,3,,1,043,SR-1,"NORTHVIEW AVE",284.00,S,N,A,-,Y,,,1,,,,,,,Y,2,0,3,1,A,-,08,22107,,N,E,I,A,A,H,-,D,D,0,,,,,Y,,A,01,2,1,0,0,0,0,0,0,0,"- ","- ",35.07373046875,-120.59036254882812,"SAN LUIS OBISPO",UNINCORPORATED,-120.59027862548828,35.073699951171875
91643606,2021,2021-12-06,9745,2021-11-21,1332,017817,,7,1,9,4000,0,1,2,,2,303,"US-101 N/B","SAN LUIS BAY DR.",3590.00,N,N,A,-,Y,,,101,,,,,,N,Y,2,0,1,2,A,-,07,21658,A,N,B,C,A,A,H,-,A,D,0,,,Y,,Y,,C,02,1,0,0,0,0,0,0,0,1,"- ","- ",35.206081390380859,-120.69654083251953,"SAN LUIS OBISPO",UNINCORPORATED,-120.696533203125,35.206081390380859
91652092,2021,2021-12-14,9745,2021-12-13,0530,020211,,1,3,9,4000,0,1,3,,1,011,SR-41,"OLD MORRO ROAD WEST",140.00,N,N,A,-,Y,,,41,,,,,,,Y,2,0,1,1,A,-,03,22350,,N,E,I,A,B,H,-,D,D,0,,,,,Y,,A,01,1,0,0,0,0,0,0,0,0,"- ","- ",35.460529327392578,-120.73336791992188,"SAN LUIS OBISPO",UNINCORPORATED,-120.73336791992188,35.460514068603516
91653039,2021,2021-12-15,9745,2021-12-09,1719,020773,,4,2,9,4000,0,2,4,,1,058,"ORCHARD ROAD","HOLDER PARK LANE",280.00,S,N,A,-,N,,,,,,,,,,Y,2,0,2,2,A,-,01,23152,G,N,A,C,A,A,H,-,D,D,0,,,,,Y,Y,A,01,1,0,1,0,0,0,0,0,0,"- ","- ",35.003860473632812,-120.45953369140625,"SAN LUIS OBISPO",UNINCORPORATED,-120.45954132080078,35.00384521484375
91656256,2021,2021-12-20,9745,2021-12-05,1045,017151,,7,1,9,4000,0,3,5,,2,002,"PREFUMO CYN. RD.","SERPENTINE LN",5280.00,N,N,A,-,N,,,,,,,,,,N,2,0,1,1,A,-,03,22350,,N,F,A,A,A,H,-,A,D,0,,Y,,,Y,,L,04,1,0,0,0,0,0,1,0,0,"- ","- ",35.26055908203125,-120.75169372558594,"SAN LUIS OBISPO",UNINCORPORATED,-120.75560760498047,35.260356903076172
91660029,2021,2021-12-23,9740,2021-12-10,2320,020335,,5,3,3,4004,0,1,2,,2,003,"US-101 NORTHBOUND","SPRING ST.",197.00,S,N,A,-,Y,,,101,,,,,,N,Y,2,0,1,1,A,-,08,22107,,N,E,I,A,A,H,-,D,D,0,,,,,Y,Y,A,01,1,0,0,0,0,0,0,0,0,"- ","- ",35.653251647949219,-120.69278717041016,"SAN LUIS OBISPO","PASO ROBLES",-120.69281005859375,35.6531982421875
91660265,2021,2021-12-23,9740,2021-12-16,2500,017283,,4,4,9,4000,0,3,5,,2,018,"GENESEO RD.","EAGLE OAK RANCH WAY",2.00,N,N,A,-,N,,,,,,,,,,Y,2,0,1,1,A,-,01,23152,A,N,E,I,A,A,H,-,D,D,0,,,,,Y,Y,A,01,1,0,0,0,0,0,0,0,0,"- ","- ",35.585479736328125,-120.55680847167969,"SAN LUIS OBISPO",UNINCORPORATED,-120.55686187744141,35.5845947265625
91672714,2022,2022-01-06,9740,2022-01-05,1505,020302,,3,2,9,4000,0,3,5,,2,023,"OLD CREEK RD.","COTTONTAIL CREEK RD.",528.00,N,N,A,-,N,,,,,,,,,,Y,2,0,1,1,A,-,08,22107,,N,F,A,A,A,H,-,A,D,0,,,Y,,Y,,C,02,1,0,0,0,0,0,0,0,1,"- ","- ",35.474651336669922,-120.85646820068359,"SAN LUIS OBISPO",UNINCORPORATED,-120.85637664794922,35.474674224853516
91674068,2021,2022-01-10,9740,2021-11-23,1745,020302,,2,2,9,4000,0,3,5,,2,016,"W. POZO ROAD","LAS PILITAS ROAD",3168.00,E,N,A,-,N,,,,,,,,,,Y,1,1,0,2,A,-,03,22350,,N,H,C,A,A,H,-,D,D,0,,,,Y,Y,,D,22,0,0,0,0,0,0,0,0,0,"- ","- ",35.344108581542969,-120.53478240966797,"SAN LUIS OBISPO",UNINCORPORATED,-120.53506469726562,35.344547271728516
91680835,2022,2022-01-19,9745,2022-01-14,0700,017097,,5,1,9,4000,0,3,5,,2,004,"21ST STREET","BEACH ST",0.00,,Y,A,-,N,,,,,,,,,,N,2,0,1,2,A,-,12,22450,A,N,D,G,A,A,H,-,A,A,0,,Y,,,Y,,L,04,1,0,0,0,0,0,1,0,0,"- ","- ",35.099170684814453,-120.60906982421875,"SAN LUIS OBISPO",UNINCORPORATED,-120.60909271240234,35.09918212890625
91684048,2021,2022-01-24,9740,2021-09-24,0902,019700,,5,1,9,4000,0,1,3,,1,014,SR-1,"ARDATH DR.",0.00,,Y,A,-,Y,,,1,,,,,,,N,2,0,1,2,A,-,12,21453,A,F,H,G,A,A,H,-,A,A,0,,Y,,,Y,,A,01,1,0,0,0,0,0,1,0,0,"- ","- ",35.551200866699219,-121.07161712646484,"SAN LUIS OBISPO",UNINCORPORATED,-121.07156372070312,35.551265716552734
91703665,2022,2022-02-17,9740,2022-02-12,1951,020057,,6,2,9,4000,0,1,3,,2,008,"STATE ROUTE 46 EAST (SR-46E) WESTBOUND","ALMOND DR.",0.00,,Y,A,-,Y,,,,,,,,,,Y,2,0,6,2,A,-,03,22350,,N,D,C,A,A,H,-,D,D,0,,,,,Y,,A,08,4,2,0,0,0,0,0,0,0,"- ","- ",35.658901214599609,-120.71143341064453,"SAN LUIS OBISPO",UNINCORPORATED,,
91704195,2022,2022-02-18,9745,2022-02-14,0730,017968,,1,1,9,4000,0,2,4,,1,051,"LOS BERROS ROAD","QUAILWOOD LANE",412.00,S,N,A,-,N,,,,,,,,,,Y,2,0,3,2,A,-,05,21460,A,N,A,C,A,A,H,-,A,D,0,,,,,Y,,-,"- ",1,1,1,0,0,0,0,0,0,"- ","- ",35.075889587402344,-120.52393341064453,"SAN LUIS OBISPO",UNINCORPORATED,-120.52381896972656,35.075725555419922
91706218,2022,2022-02-22,9740,2022-02-18,1355,019259,,5,1,9,4000,0,1,3,,2,005,SR-58,"LA PANZA RD.",0.00,,Y,A,-,Y,SLO,,58,,,18.343,H,,R,Y,2,0,1,1,A,-,08,22107,,N,F,A,A,A,H,-,A,D,0,,,Y,,Y,,C,02,1,0,0,0,0,0,0,0,1,"- ","- ",35.468620300292969,-120.3790283203125,"SAN LUIS OBISPO",UNINCORPORATED,-120.37904357910156,35.468578338623047
91728209,2022,2022-03-21,9740,2022-03-12,1400,019700,,6,2,9,4000,0,3,5,,2,017,"SHELL CREEK RD.",SR-58,8448.00,N,N,A,-,N,,,,,,,,,,Y,2,0,1,1,A,-,08,22107,,N,F,A,A,A,H,-,A,D,0,,,Y,,Y,,C,02,1,0,0,0,0,0,0,0,1,"- ","- ",35.479770660400391,-120.32884216308594,"SAN LUIS OBISPO",UNINCORPORATED,-120.32884216308594,35.479972839355469
91728934,2022,2022-03-22,9740,2022-03-17,1440,020057,,4,2,9,4000,0,3,5,,2,019,"MONTEREY RD.",US-101,195.00,E,N,A,-,N,,,,,,,,,,N,2,0,2,1,A,-,03,22350,,N,E,I,A,A,H,-,A,D,0,,,,,Y,,A,07,1,0,1,0,0,0,0,0,0,"- ","- ",35.667049407958984,-120.6953125,"SAN LUIS OBISPO",UNINCORPORATED,-120.69533538818359,35.667190551757812
91730296,2022,2022-03-23,9740,2022-03-17,2200,020302,,4,3,9,4000,0,3,5,,2,021,"THEATRE DR.","RANCHO PASO RD.",0.00,,Y,A,-,N,,,,,,,,,,N,2,0,1,1,A,-,08,22107,,N,F,A,A,A,H,-,D,A,0,,Y,,,Y,Y,L,04,1,0,0,0,0,0,1,0,0,"- ","- ",35.576519012451172,-120.69776153564453,"SAN LUIS OBISPO",UNINCORPORATED,,
91734883,2022,2022-03-28,9745,2022-01-15,2117,017541,,6,2,2,4005,0,1,2,,2,404,"US 101 SOUTHBOUND","WADSWORTH AVE",826.00,N,N,A,-,Y,SLO,,101,,,17.048,H,,L,Y,1,1,2,1,A,-,01,23152,F,N,E,8,A,A,H,-,D,D,0,,,,,Y,,A,01,1,1,0,0,0,0,0,0,0,"- ","- ",35.145969390869141,-120.64385223388672,"SAN LUIS OBISPO","PISMO BEACH",-120.64386749267578,35.145957946777344
91735506,2022,2022-03-28,9740,2022-03-25,1315,019486,,5,1,9,4000,0,3,5,,2,021,"LAS TABLAS RD.","BETHEL RD.",90.00,E,N,A,-,N,,,,,,,,,,Y,2,0,1,1,A,-,03,22350,,N,E,I,A,A,H,-,A,A,0,,,,,Y,,A,01,1,0,0,0,0,0,0,0,0,"- ","- ",35.554328918457031,-120.72592926025391,"SAN LUIS OBISPO",UNINCORPORATED,-120.72630310058594,35.554401397705078
91743465,2022,2022-04-07,9740,2022-04-03,1800,021275,,7,2,9,4000,0,2,4,,2,012,"G-14 (NACIMIENTO LAKE DR.)","GATEWAY DR.",6600.00,E,N,A,-,N,,,,,,,,,,Y,2,0,1,1,A,-,01,23152,A,N,F,A,A,A,H,-,A,D,0,,,,,Y,Y,A,01,1,0,0,0,0,0,0,0,0,"- ","- ",35.715801239013672,-120.84075164794922,"SAN LUIS OBISPO",UNINCORPORATED,,
91745671,2022,2022-04-11,9740,2022-04-09,1610,016816,,6,2,9,4000,0,1,3,,2,007,SR-41,"YOSEMITE PL.",225.00,N,N,A,-,Y,SLO,,41,,,32.446,H,,R,Y,2,0,1,1,A,-,03,22350,,N,F,A,A,A,H,-,A,D,0,,,Y,,Y,,C,02,1,0,0,0,0,0,0,0,1,"- ","- ",35.570869445800781,-120.47248840332031,"SAN LUIS OBISPO",UNINCORPORATED,-120.4725341796875,35.570858001708984
91752520,2022,2022-04-20,9745,2022-04-13,1800,016773,,3,2,9,4000,0,2,4,,1,026,"PREFUMO CANYON RD","SAN LUIS OBISPO CITY LIMITS",15840.00,S,N,A,-,N,,,,,,,,,,Y,2,0,1,2,A,-,08,22107,,N,A,C,A,A,H,-,A,D,0,,,Y,,Y,,C,02,1,0,0,0,0,0,0,0,1,"- ","- ",35.260459899902344,-120.749267578125,"SAN LUIS OBISPO",UNINCORPORATED,,
91753850,2022,2022-04-21,9740,2022-01-31,1205,017283,,1,1,9,4000,0,1,3,,2,008,SR-46,"BITTERWATER ROAD",4224.00,E,N,B,-,Y,,,,,,,,,,Y,1,1,2,4,A,-,01,23152,A,N,B,2,A,A,H,-,A,D,0,,,,,Y,Y,A,07,0,1,1,0,0,0,0,0,0,"- ","- ",35.543258666992188,-120.72514343261719,"SAN LUIS OBISPO",UNINCORPORATED,-120.29983520507812,35.718425750732422
91763509,2022,2022-05-03,9740,2022-04-25,1100,019700,,1,1,9,4000,0,3,5,,2,017,"LA PANZA RD.","STAGE SPRINGS RD.",400.00,E,N,A,-,N,,,,,,,,,,Y,2,0,1,1,A,-,08,22107,,N,E,I,A,A,H,-,A,D,0,,,,,Y,,A,01,1,0,0,0,0,0,0,0,0,"- ","- ",35.501678466796875,-120.46997833251953,"SAN LUIS OBISPO",UNINCORPORATED,-120.47004699707031,35.501731872558594
91769119,2022,2022-05-10,9745,2022-05-07,1330,018616,,6,1,9,4000,0,1,2,,1,101,"101 SOUTHBOUND","OLD STAGECOACH ROAD",2112.00,N,N,A,-,Y,SLO,,101,,R,33.176,H,,L,Y,2,0,1,1,A,-,08,22107,,N,E,8,A,A,H,-,A,D,0,,,,,Y,,D,22,1,0,0,0,0,0,0,0,0,"- ","- ",35.323341369628906,-120.62135314941406,"SAN LUIS OBISPO",UNINCORPORATED,-120.62125396728516,35.323310852050781
91771857,2022,2022-05-13,9740,2022-05-01,2042,020841,,7,2,4,4008,0,1,2,,2,001,"US-101 SOUTHBOUND","CURBARIL AVE.",808.00,N,N,A,-,Y,SLO,,101,,,45.005,H,,L,Y,2,0,1,2,A,-,03,22350,,N,B,C,A,A,H,-,D,D,0,,,Y,,Y,,C,02,1,0,0,0,0,0,0,0,1,"- ","- ",35.478630065917969,-120.65955352783203,"SAN LUIS OBISPO",ATASCADERO,-120.65956878662109,35.478622436523438
91775945,2022,2022-05-19,9740,2022-05-16,1600,020057,,1,2,9,4000,0,1,3,,2,010,SR-41,"COTTONWOOD PASS",1056.00,N,N,A,-,Y,SLO,,41,,,49.778,H,,R,N,2,0,1,1,A,-,08,22107,,N,E,I,A,A,H,-,A,D,0,,,Y,,Y,,C,02,1,0,0,0,0,0,0,0,1,"- ","- ",35.782108306884766,-120.20365905761719,"SAN LUIS OBISPO",UNINCORPORATED,-120.20357513427734,35.78204345703125
91776830,2022,2022-05-20,9740,2022-05-14,1240,019800,,6,1,9,4000,0,1,3,,1,014,SR-1,"WASHBURN DAY USE AREA",0.00,,Y,A,-,Y,,,,,,,,,,Y,2,0,1,2,A,-,08,22100,B,N,H,G,A,D,H,-,A,A,0,,Y,,,Y,,L,04,1,0,0,0,0,0,1,0,0,"- ","- ",35.593269348144531,-121.12384796142578,"SAN LUIS OBISPO",UNINCORPORATED,,
91780386,2022,2022-05-25,9745,2022-05-15,2218,018253,,7,3,9,4000,0,2,4,,2,047,"HUASNA RD","LAMPLIGHTER LANE",528.00,E,N,A,-,N,,,,,,,,,,N,2,0,1,1,A,-,01,23152,A,N,F,A,A,A,H,-,D,D,0,,,,,Y,Y,A,01,1,0,0,0,0,0,0,0,0,"- ","- ",35.132499694824219,-120.55145263671875,"SAN LUIS OBISPO",UNINCORPORATED,-120.55136108398438,35.135318756103516
91790292,2022,2022-06-07,9740,2022-06-03,2030,019800,,5,2,9,4000,0,3,5,,2,021,"SANTA RITA RD.","SUNRISE RIDGE RD.",200.00,E,N,A,-,N,,,,,,,,,,N,2,0,1,1,A,-,08,22107,,N,F,A,A,A,B,-,D,D,0,,,Y,,Y,,C,02,1,0,0,0,0,0,0,0,1,"- ","- ",35.520500183105469,-120.80101013183594,"SAN LUIS OBISPO",UNINCORPORATED,-120.80091094970703,35.520206451416016
91792673,2022,2022-06-10,9745,2022-05-29,1838,017817,,7,2,9,4000,0,3,5,,2,002,"ONTARIO RD.","HIGUERA ST.",1200.00,N,N,A,-,N,,,,,,,,,,N,2,0,1,1,A,-,17,21200,,N,E,I,A,A,H,-,A,D,0,,Y,,,Y,Y,L,04,1,0,0,0,0,0,1,0,0,"- ","- ",35.220100402832031,-120.69358062744141,"SAN LUIS OBISPO",UNINCORPORATED,-120.69344329833984,35.220348358154297
91794377,2022,2022-06-14,9740,2022-04-09,0050,017498,,6,3,9,4000,0,3,5,,2,017,"EL CAMINO REAL","SANTA BARBARA RD.",2851.00,S,N,A,-,N,,,,,,,,,,N,2,0,1,2,A,-,11,21956,A,N,G,B,E,A,H,-,D,D,0,Y,,,,Y,Y,N,60,1,0,0,0,1,0,0,0,0,"- ","- ",35.441478729248047,-120.62976837158203,"SAN LUIS OBISPO",UNINCORPORATED,-120.62975311279297,35.441490173339844
91794834,2022,2022-06-14,9745,2022-06-09,1510,017496,,4,2,9,4000,0,1,3,,1,041,SR-1,"TIERRA NUEVA LANE",197.00,S,N,A,-,Y,SLO,,1,,,11.128,H,,R,Y,2,0,2,2,A,-,03,22350,,N,C,C,A,A,H,-,A,D,0,,,,,Y,,A,07,1,1,0,0,0,0,0,0,0,"- ","- ",35.098220825195312,-120.59532928466797,"SAN LUIS OBISPO",UNINCORPORATED,-120.59532928466797,35.09814453125
91797958,2022,2022-06-17,9745,2022-06-07,0520,016390,,2,3,9,4000,0,3,5,,2,004,"BONITA SCHOOL ROAD","DIVISION STREET",3293.00,S,N,E,-,N,,,,,,,,,,Y,2,0,2,2,A,-,08,22107,,N,A,C,A,A,H,-,C,D,0,,,,,Y,,A,01,2,0,0,0,0,0,0,0,0,"- ","- ",34.995410919189453,-120.51409912109375,"SAN LUIS OBISPO",UNINCORPORATED,-120.51406860351562,34.995456695556641
91810640,2022,2022-07-05,9745,2022-05-26,2500,016542,,4,4,9,4000,0,1,2,,1,101,"US-101 SOUTHBOUND","OLD 101",1056.00,N,N,E,-,Y,SLO,,101,,R,33.658,H,,L,Y,1,1,0,1,A,-,08,22107,,N,E,I,A,A,H,-,D,D,0,,,,,Y,,A,07,0,0,0,0,0,0,0,0,0,"- ","- ",35.329841613769531,-120.62187957763672,"SAN LUIS OBISPO",UNINCORPORATED,-120.62179565429688,35.329887390136719
91811561,2022,2022-07-08,9745,2022-05-12,2320,017541,,4,3,9,4000,0,2,4,,1,051,"LOS BERROS RD.","W. EL CAMPO RD.",1584.00,S,N,A,-,N,,,,,,,,,,Y,1,1,0,2,A,-,03,22350,,F,C,G,A,A,H,-,D,D,0,,Y,,,Y,Y,A,07,0,0,0,0,0,1,0,0,0,"- ","- ",35.089241027832031,-120.55901336669922,"SAN LUIS OBISPO",UNINCORPORATED,-120.55908203125,35.089344024658203
91813309,2022,2022-07-08,9740,2022-06-30,2018,020710,,4,2,9,4000,0,1,3,,1,014,SR-1,"BURTON DRIVE",1000.00,N,N,A,-,Y,SLO,,1,,,49.157,H,,R,Y,2,0,1,1,A,-,01,23152,A,N,E,I,A,A,H,-,A,D,0,,,,,Y,Y,A,07,1,0,0,0,0,0,0,0,0,"- ","- ",35.555061340332031,-121.08542633056641,"SAN LUIS OBISPO",UNINCORPORATED,-121.08540344238281,35.554908752441406
91815168,2022,2022-07-12,9740,2022-07-03,1235,019486,,7,1,9,4000,0,1,3,,1,015,SR-1,"RAGGED POINT",0.00,,Y,A,-,Y,SLO,,1,,,72.947,H,,R,N,2,0,1,2,A,-,09,21804,A,N,D,C,A,A,H,-,A,A,0,,,Y,,Y,,A,07,1,0,0,0,0,0,0,0,1,"- ","- ",35.781589508056641,-121.3294677734375,"SAN LUIS OBISPO",UNINCORPORATED,-121.32949066162109,35.781589508056641
91819823,2022,2022-07-18,9740,2022-07-07,0630,017498,,4,1,9,4000,0,1,2,,2,004,"US-101 NORTHBOUND","WELLSONA RD.",2112.00,N,N,A,-,Y,SLO,,101,,,62.307,H,,R,Y,2,0,1,1,A,-,08,22107,,N,F,A,A,A,H,-,A,D,0,,,,,Y,,D,22,1,0,0,0,0,0,0,0,0,"- ","- ",35.701999664306641,-120.69602203369141,"SAN LUIS OBISPO",UNINCORPORATED,-120.69627380371094,35.7020263671875
91822324,2022,2022-07-21,9740,2022-07-11,1505,018069,,1,2,9,4000,0,1,3,,2,008,SR-46E,"DAVIS RD.",528.00,W,N,A,-,Y,SLO,,46,,,54.670,H,,R,Y,2,0,3,2,A,-,05,21460,A,N,B,C,A,A,H,-,A,D,0,,,,,Y,,D,22,2,1,0,0,0,0,0,0,0,"- ","- ",35.732280731201172,-120.29161834716797,"SAN LUIS OBISPO",UNINCORPORATED,-120.29158020019531,35.732250213623047
91832203,2022,2022-08-03,9750,2022-07-31,1700,013267,,7,2,9,4000,0,1,3,,2,061,"RT 166","WINEMAN ROAD",690.00,W,N,A,-,Y,SLO,,166,,,9.881,H,,R,Y,2,0,1,1,A,-,03,22350,,N,F,A,A,A,H,-,A,D,0,,,Y,,Y,,C,02,1,0,0,0,0,0,0,0,1,"- ","- ",34.995121002197266,-120.41828918457031,"SAN LUIS OBISPO",UNINCORPORATED,-120.41830444335938,34.995208740234375
91832947,2022,2022-08-04,9745,2022-07-28,1545,017151,,4,2,9,4000,0,2,4,,1,024,"SOUTH BAY BLVD","TURRI RD.",3696.00,N,N,A,-,N,,,,,,,,,,Y,2,0,1,2,A,-,09,21804,A,N,D,G,A,A,H,-,A,D,0,,Y,,,Y,,L,04,1,0,0,0,0,0,1,0,0,"- ","- ",35.346599578857422,-120.82578277587891,"SAN LUIS OBISPO",UNINCORPORATED,-120.82573699951172,35.346408843994141
91833320,2022,2022-08-04,9740,2022-07-05,1903,020302,,2,2,3,4004,0,1,2,,2,003,"US-101 NORTHBOUND","S. SPRING ST.",4488.00,S,N,A,-,Y,SLO,,101,,,55.086,H,,R,Y,1,1,0,2,A,-,01,23152,A,N,B,2,A,A,H,-,A,D,0,,,,,Y,Y,A,01,0,0,0,0,0,0,0,0,0,"- ","- ",35.603031158447266,-120.6923828125,"SAN LUIS OBISPO","PASO ROBLES",-120.69240570068359,35.603031158447266
91846633,2022,2022-08-23,9740,2022-08-19,2058,020057,,5,2,9,4000,0,3,5,,2,023,"OLD CREEK RD.",SR-46W,13728.00,S,N,A,-,N,,,,,,,,,,Y,2,0,2,1,A,-,03,22350,,N,E,I,A,A,H,-,D,D,0,,,,,Y,,A,01,2,0,0,0,0,0,0,0,0,"- ","- ",35.504749298095703,-120.84616088867188,"SAN LUIS OBISPO",UNINCORPORATED,-120.84613037109375,35.504615783691406
91846973,2022,2022-09-14,9745,2022-08-09,1040,016390,,2,1,9,4000,0,1,3,,1,041,SR-1,"HALCYON RD.",0.00,,Y,A,-,Y,SLO,,1,,,10.992,H,,R,N,2,0,1,2,D,-,00,,,N,D,C,A,A,H,-,A,A,0,,,Y,,Y,,-,"- ",1,0,0,0,0,0,0,0,1,"- ","- ",35.098129272460938,-120.59239959716797,"SAN LUIS OBISPO",UNINCORPORATED,-120.59239959716797,35.098220825195312
91866773,2022,2022-09-16,9745,2022-09-10,2003,020391,,6,2,9,4000,0,2,4,,1,025,"LOS OSOS VALLEY RD","LARIAT DR",228.00,E,N,B,C,Y,,,,,,,,,,N,2,0,1,3,A,-,01,23152,A,N,D,C,A,B,H,-,C,D,0,,,,,Y,Y,D,22,1,0,0,0,0,0,0,0,0,"- ","- ",35.305538177490234,-120.80976104736328,"SAN LUIS OBISPO",UNINCORPORATED,-120.80973815917969,35.305580139160156
91871443,2022,2022-09-23,9745,2022-09-11,1700,017061,,7,2,9,4000,0,1,3,,2,023,"SR-1 SOUTHBOUND","HOLLISTER RD",30.00,N,N,A,-,Y,SLO,,1,,,22.164,H,,L,Y,2,0,1,2,A,-,03,22350,,N,C,E,A,A,H,-,A,A,0,,,,,Y,,A,01,1,0,0,0,0,0,0,0,0,"- ","- ",35.331050872802734,-120.73518371582031,"SAN LUIS OBISPO",UNINCORPORATED,-120.73518371582031,35.331047058105469
91872302,2022,2022-09-23,9745,2022-09-21,0756,017541,,3,1,9,4000,0,1,2,,2,505,"US 101 NORTHBOUND","LOS BERROS RD",3168.00,N,N,A,-,Y,SLO,,101,,,8.539,H,,R,Y,2,0,1,1,A,-,08,22107,,N,F,A,A,A,H,-,A,D,0,,,Y,,Y,,C,02,1,0,0,0,0,0,0,0,1,"- ","- ",35.077949523925781,-120.52355194091797,"SAN LUIS OBISPO",UNINCORPORATED,-120.52356719970703,35.077938079833984
91874909,2022,2022-09-27,9740,2022-09-24,1415,021275,,6,2,9,4000,0,3,5,,2,021,"SANTA RITA RD.","VINEYARD DR.",0.00,,Y,A,-,N,,,,,,,,,,Y,2,0,4,2,A,-,12,22450,A,N,D,C,A,A,H,-,A,A,0,,,,,Y,,A,01,2,0,2,0,0,0,0,0,0,"- ","- ",35.543308258056641,-120.72268676757812,"SAN LUIS OBISPO",UNINCORPORATED,-120.72267913818359,35.543312072753906