CASE_ID,ACCIDENT_YEAR,PROC_DATE,JURIS,COLLISION_DATE,COLLISION_TIME,OFFICER_ID,REPORTING_DISTRICT,DAY_OF_WEEK,CHP_SHIFT,POPULATION,CNTY_CITY_LOC,SPECIAL_COND,BEAT_TYPE,CHP_BEAT_TYPE,CITY_DIVISION_LAPD,CHP_BEAT_CLASS,BEAT_NUMBER,PRIMARY_RD,SECONDARY_RD,DISTANCE,DIRECTION,INTERSECTION,WEATHER_1,WEATHER_2,STATE_HWY_IND,CALTRANS_COUNTY,CALTRANS_DISTRICT,STATE_ROUTE,ROUTE_SUFFIX,POSTMILE_PREFIX,POSTMILE,LOCATION_TYPE,RAMP_INTERSECTION,SIDE_OF_HWY,TOW_AWAY,COLLISION_SEVERITY,NUMBER_KILLED,NUMBER_INJURED,PARTY_COUNT,PRIMARY_COLL_FACTOR,PCF_CODE_OF_VIOL,PCF_VIOL_CATEGORY,PCF_VIOLATION,PCF_VIOL_SUBSECTION,HIT_AND_RUN,TYPE_OF_COLLISION,MVIW,PED_ACTION,ROAD_SURFACE,ROAD_COND_1,ROAD_COND_2,LIGHTING,CONTROL_DEVICE,CHP_ROAD_TYPE,PEDESTRIAN_ACCIDENT,BICYCLE_ACCIDENT,MOTORCYCLE_ACCIDENT,TRUCK_ACCIDENT,NOT_PRIVATE_PROPERTY,ALCOHOL_INVOLVED,STWD_VEHTYPE_AT_FAULT,CHP_VEHTYPE_AT_FAULT,COUNT_SEVERE_INJ,COUNT_VISIBLE_INJ,COUNT_COMPLAINT_PAIN,COUNT_PED_KILLED,COUNT_PED_INJURED,COUNT_BICYCLIST_KILLED,COUNT_BICYCLIST_INJURED,COUNT_MC_KILLED,COUNT_MC_INJURED,PRIMARY_RAMP,SECONDARY_RAMP,LATITUDE,LONGITUDE,COUNTY,CITY,POINT_X,POINT_Y
91878831,2022,2022-09-30,9750,2022-09-05,0404,020765,,1,3,9,4000,0,1,3,,1,065,SR-166,SR-33,3168.00,W,N,A,-,Y,SLO,,166,,,74.059,H,,R,Y,2,0,1,1,A,-,08,22107,,M,E,I,A,A,H,-,D,A,0,,,,,Y,,A,07,1,0,0,0,0,0,0,0,0,"- ","- ",34.935188293457031,-119.52330017089844,"SAN LUIS OBISPO",UNINCORPORATED,-119.52330780029297,34.935249328613281
91891535,2022,2022-10-17,9740,2022-10-09,1635,022034,,7,2,9,4000,0,3,5,,2,017,"O'DONOVAN ROAD","IRON SPRINGS ROAD",4646.00,N,N,A,-,N,,,,,,,,,,Y,2,0,1,1,A,-,08,22107,,N,E,I,A,A,H,-,A,D,0,,,,,Y,,D,22,1,0,0,0,0,0,0,0,0,"- ","- ",35.48046875,-120.50634002685547,"SAN LUIS OBISPO",UNINCORPORATED,-120.50621032714844,35.480335235595703
91895538,2022,2022-10-20,9745,2022-10-20,0803,017144,,4,1,9,4000,0,1,2,,1,101,"US-101 SOUTHBOUND","TV TOWER RD",0.00,,Y,B,-,Y,SLO,,101,,,34.965,H,,L,N,2,0,1,1,A,-,08,22107,,N,F,A,A,A,H,-,A,D,0,,,Y,,Y,,-,"- ",1,0,0,0,0,0,0,0,1,"- ","- ",35.346668243408203,-120.62950897216797,"SAN LUIS OBISPO",UNINCORPORATED,-120.62954711914062,35.346660614013672
9190411,2020,2020-12-15,4008,2020-10-31,2147,2113,,6,5,4,4008,0,0,0,,0,,"MORRO RD","SANTA ROSA RD",184.00,S,N,A,-,Y,SLO,5,41,-,-,14.490,H,-,S,N,2,0,1,1,C,-,18,,,N,H,H,A,A,H,-,D,D,0,,,Y,,Y,Y,-,"- ",1,0,0,0,0,0,0,0,1,"- ","- ",35.46588134765625,-120.67160797119141,"SAN LUIS OBISPO",ATASCADERO,-120.67189788818359,35.465629577636719
91910527,2022,2022-11-07,9740,2022-10-12,1110,017498,,3,1,9,4000,0,3,5,,2,019,"AIRPORT RD.","TOWER RD.",280.00,N,N,A,-,N,,,,,,,,,,Y,1,1,0,1,C,-,18,,,N,H,H,A,A,H,-,A,D,0,,Y,,,Y,,-,"- ",0,0,0,0,0,1,0,0,0,"- ","- ",35.689170837402344,-120.64084625244141,"SAN LUIS OBISPO",UNINCORPORATED,-120.64083862304688,35.689090728759766
91918163,2022,2022-11-15,9745,2022-07-06,0445,020773,,3,3,9,4000,0,1,3,,1,043,SR-1,"WINTERHAVEN WAY",5.00,N,N,B,-,Y,SLO,,1,,,6.066,H,,R,Y,1,2,1,2,A,-,09,21801,A,N,A,C,A,A,H,-,D,D,0,,,,,Y,,D,22,0,1,0,0,0,0,0,0,0,"- ","- ",35.047279357910156,-120.58579254150391,"SAN LUIS OBISPO",UNINCORPORATED,-120.58579254150391,35.047260284423828
91918653,2022,2022-11-15,9745,2022-11-13,1256,017151,,7,1,9,4000,0,3,5,,2,004,"HALCYON RD",SR-1,295.00,S,N,A,-,N,,,,,,,,,,Y,2,0,2,2,A,-,05,21460,C,N,A,C,A,A,H,-,A,D,0,,,,,Y,,A,01,1,0,1,0,0,0,0,0,0,"- ","- ",35.09735107421875,-120.59156036376953,"SAN LUIS OBISPO",UNINCORPORATED,-120.58611297607422,35.080131530761719
91927779,2022,2022-11-28,9745,2022-10-28,2120,020773,,5,2,9,4000,0,1,3,,1,043,SR-1,"TIENDA PLACE",0.00,,Y,A,-,Y,SLO,,1,,,7.765,H,,R,Y,2,0,4,2,A,-,09,21802,A,F,D,C,A,A,H,-,D,A,0,,,,,Y,,D,22,1,2,1,0,0,0,0,0,0,"- ","- ",35.065090179443359,-120.59616088867188,"SAN LUIS OBISPO",UNINCORPORATED,-120.59620666503906,35.065109252929688
91931551,2022,2022-12-01,9745,2022-11-28,1158,020211,,1,1,9,4000,0,1,2,,1,101,"US-101 NORTHBOUND","RAILROAD OVERCROSSING",1901.00,N,N,A,-,Y,SLO,,101,,,36.057,H,,R,Y,2,0,5,3,A,-,03,22350,,N,C,2,A,A,H,-,A,D,0,,,,,Y,,A,01,1,4,0,0,0,0,0,0,0,"- ","- ",35.360618591308594,-120.63803100585938,"SAN LUIS OBISPO",UNINCORPORATED,-120.63799285888672,35.360626220703125
91936207,2022,2022-12-07,9745,2022-12-01,1832,020211,,4,2,9,4000,0,2,4,,1,052,"SOUTH THOMPSON AVENUE","WINEMAN ROAD",150.00,N,N,C,-,N,,,,,,,,,,Y,2,0,3,2,A,-,01,23152,A,N,A,C,A,B,H,-,D,D,0,,,,,Y,Y,A,07,2,1,0,0,0,0,0,0,0,"- ","- ",34.999519348144531,-120.43579864501953,"SAN LUIS OBISPO",UNINCORPORATED,-120.43563079833984,34.999256134033203
91949607,2022,2022-12-22,9745,2022-12-16,0202,017709,,5,3,9,4000,0,1,2,,2,505,"US-101 SOUTHBOUND",SR-166,3168.00,N,N,A,-,Y,SLO,,101,,,1.361,H,,L,N,2,0,1,2,C,-,18,,,N,D,C,A,A,H,-,D,D,0,,,,,Y,,-,"- ",1,0,0,0,0,0,0,0,0,"- ","- ",35.003040313720703,-120.43948364257812,"SAN LUIS OBISPO",UNINCORPORATED,-120.43939208984375,35.003093719482422
91972289,2023,2023-01-19,9740,2023-01-09,"750 ",019648,,1,1,9,4000,0,2,4,,2,012,"NACIMIENTO LAKE DR. (G-14)","MUSTARD CREEK RD.",245.00,W,N,B,C,N,,,,,,,,,,Y,2,0,2,2,A,-,05,21460,A,N,A,C,A,B,H,-,A,D,0,,,,,Y,,A,01,2,0,0,0,0,0,0,0,0,"- ","- ",35.674461364746094,-120.73101043701172,"SAN LUIS OBISPO",UNINCORPORATED,-120.730712890625,35.674301147460938
91980341,2023,2023-01-27,9740,2023-01-21,"110 ",021275,,6,3,9,4000,0,1,3,,2,011,SR-46,"CAMINO EL CAPITAN",1000.00,E,N,A,-,Y,SLO,,46," ",R,8.410,H,,R,Y,2,0,2,1,A,-,01,23152,A,N,E,I,A,A,H,-,D,D,0,,,,,Y,Y,A,07,1,1,0,0,0,0,0,0,0,"- ","- ",35.545089721679688,-120.90927886962891,"SAN LUIS OBISPO",UNINCORPORATED,-120.90925598144531,35.545135498046875
91987843,2023,2023-02-06,9740,2023-01-29,1609,019486,,7,2,3,4004,0,1,2,,2,003,"US-101 SOUTHBOUND","NORTH SPRING STREET",355.00,S,N,B,-,Y,SLO,,101," "," ",58.676,H,,L,Y,2,0,1,1,A,-,01,23152,A,N,E,I,A,A,H,-,A,D,0,,,Y,,Y,Y,C,02,1,0,0,0,0,0,0,0,1,"- ","- ",35.652198791503906,-120.69135284423828,"SAN LUIS OBISPO","PASO ROBLES",-120.69132995605469,35.652225494384766
91988067,2023,2023-02-06,9745,2023-02-04,1455,019070,,6,2,9,4000,0,1,2,,2,303,"US-101 SOUTHBOUND","LOS OSOS VALLEY ROAD",4224.00,S,N,B,-,Y,SLO,,101," ",R,25.122,H,,L,Y,2,0,1,2,A,-,07,21658,A,F,E,I,A,A,H,-,A,A,0,,,Y,,Y,,-,99,1,0,0,0,0,0,0,0,1,"- ","- ",35.234390258789062,-120.68670654296875,"SAN LUIS OBISPO",UNINCORPORATED,-120.68672943115234,35.234413146972656
91996429,2022,2023-02-16,9745,2022-09-16,1646,020773,,5,2,9,4000,0,1,2,,1,101,"US-101 NORTHBOUND","RESERVOIR CANYON RD",700.00,S,N,A,-,Y,SLO,,101,,,31.011,H,,R,Y,1,1,0,1,A,-,01,23152,A,N,E,I,A,A,H,-,A,D,0,,,Y,,Y,,C,02,0,0,0,0,0,0,0,1,0,"- ","- ",35.295459747314453,-120.63258361816406,"SAN LUIS OBISPO",UNINCORPORATED,-120.63259887695312,35.295501708984375
92008231,2023,2023-03-02,9740,2023-02-19,1812,020894,,7,2,9,4000,0,1,2,,2,004,"US-101 SOUTHBOUND","N. SPRING ST.",1954.00,N,N,A,-,Y,SLO,,101," "," ",59.196,H,,L,Y,2,0,1,1,A,-,01,23152,A,N,E,8,A,A,H,-,D,D,0,,,,,Y,Y,A,01,1,0,0,0,0,0,0,0,0,"- ","- ",35.656990051269531,-120.69809722900391,"SAN LUIS OBISPO",UNINCORPORATED,-120.69801330566406,35.657009124755859
92036579,2023,2023-04-04,9745,2023-03-29,"645 ",018009,,3,1,9,4000,0,3,5,,2,004,"HUASNA ROAD","ALISOS ROAD",0.00,,Y,A,-,N,,,,,,,,,,Y,2,0,1,1,A,-,08,22107,,N,E,A,A,B,D,-,B,A,0,,,,,Y,,A,01,1,0,0,0,0,0,0,0,0,"- ","- ",35.136428833007812,-120.51439666748047,"SAN LUIS OBISPO",UNINCORPORATED,-120.51451873779297,35.136421203613281
92039899,2023,2023-04-10,9745,2023-03-26,"214 ",017061,,7,3,9,4000,0,1,2,,2,303,"US-101 SOUTHBOUND","SAN LUIS BAY DR",1367.00,S,N,A,-,Y,SLO,,101," ",R,22.046,H,,L,Y,2,0,2,2,A,-,01,23153,G,N,B,C,A,A,H,-,D,D,0,,,,,Y,Y,A,01,2,0,0,0,0,0,0,0,0,"- ","- ",35.192661285400391,-120.70072937011719,"SAN LUIS OBISPO",UNINCORPORATED,-120.70075225830078,35.192665100097656
92051734,2023,2024-12-06,9745,2023-04-21,1500,019070,,5,2,9,4000,0,1,2,,1,101,"US-101 SOUTHBOUND","TASSAJARA CREEK ROAD",0.00,,Y,A,-,Y,SLO,,101," "," ",36.798,H,,L,Y,1,1,1,3,A,-,09,21802,A,N,D,C,A,A,H,-,A,A,0,,,,,Y,,A,01,0,1,0,0,0,0,0,0,0,"- ","- ",35.370628356933594,-120.64141845703125,"SAN LUIS OBISPO",UNINCORPORATED,-120.64136505126953,35.370620727539062
92053711,2023,2023-04-26,9740,2023-04-14,2330,021275,,5,3,9,4000,0,1,3,,2,005,SR-58,"MPM 26.00",140.00,E,N,A,-,Y,SLO,,58," "," ",26.028,H,,R,Y,2,0,1,1,A,-,01,23152,F,N,E,I,A,A,H,-,D,D,0,,,,,Y,,A,01,1,0,0,0,0,0,0,0,0,"- ","- ",35.407680511474609,-120.28082275390625,"SAN LUIS OBISPO",UNINCORPORATED,-120.28089141845703,35.407676696777344
92056883,2022,2023-04-28,9740,2022-12-16,2015,020057,,5,2,3,4004,0,1,2,,2,003,"US-101 SOUTHBOUND","SR-46 (EAST)",700.00,N,N,A,-,Y,SLO,,101,,,58.060,H,,L,N,1,1,0,3,A,-,11,21954,A,N,G,B,E,A,H,-,D,D,0,Y,,,,Y,Y,N,60,0,0,0,1,0,0,0,0,0,"- ","- ",35.644451141357422,-120.68630981445312,"SAN LUIS OBISPO","PASO ROBLES",-120.68631744384766,35.644447326660156
92060547,2023,2023-05-03,9740,2023-04-21,2005,020057,,5,2,9,4000,0,1,3,,2,008,"STATE ROUTE 46 (EAST)","MCMILLAN CANYON RD.",0.00,,Y,A,-,Y,SLO,,46," "," ",45.482,H,,L,Y,2,0,2,2,A,-,01,23152,A,N,D,C,A,A,H,-,C,A,0,,,,,Y,Y,D,22,2,0,0,0,0,0,0,0,0,"- ","- ",35.661689758300781,-120.4140625,"SAN LUIS OBISPO",UNINCORPORATED,-120.4140625,35.661670684814453
92065869,2023,2023-05-10,9745,2023-05-02,"605 ",016773,,2,1,4,4006,0,2,4,,1,051,"LOS BERROS RD","VALLEY ROAD",1056.00,E,N,C,-,N,,,,,,,,,,Y,2,0,3,2,A,-,08,22107,,N,A,C,A,B,H,-,A,D,0,,,,,Y,,A,01,2,1,0,0,0,0,0,0,0,"- ","- ",35.101760864257812,-120.57716369628906,"SAN LUIS OBISPO","SAN LUIS OBISPO",-120.57857513427734,35.102306365966797
92066006,2023,2023-05-10,9745,2023-04-28,"36  ",016390,,5,3,4,4006,0,1,2,,2,202,"US-101 S/B FROM MADONNA ROAD","MADONNA ROAD",737.00,S,N,E,-,Y,SLO,,101," "," ",27.281,H,,L,Y,2,0,1,1,A,-,01,23152,A,N,F,A,A,A,H,-,D,D,0,,,Y,,Y,Y,C,02,1,0,0,0,0,0,0,0,1,"- ","- ",35.262851715087891,-120.67404174804688,"SAN LUIS OBISPO","SAN LUIS OBISPO",-120.67378234863281,35.262870788574219
92066645,2023,2023-05-18,9745,2023-05-02,"850 ",017061,,2,1,9,4000,0,1,2,,1,101,"US-101 NORTHBOUND","CUESTA SPRINGS RD",1954.00,S,N,B,C,Y,SLO,,101," "," ",34.865,H,,R,Y,2,0,2,2,A,-,03,22350,,N,A,C,A,B,H,-,A,D,0,,,,Y,Y,,A,01,1,0,1,0,0,0,0,0,0,"- ","- ",35.345378875732422,-120.62875366210938,"SAN LUIS OBISPO",UNINCORPORATED,-120.62876129150391,35.345375061035156
92070278,2023,2023-05-16,9740,2023-05-07,2035,019697,,7,2,9,4000,0,1,3,,1,014,SR-1,"MONTE CRISTO PL.",1056.00,S,N,A,-,Y,SLO,,1," "," ",46.594,H,,R,Y,2,0,2,1,C,-,18,,,N,H,7,A,A,H,-,D,D,0,,,,,Y,,-,"- ",1,1,0,0,0,0,0,0,0,"- ","- ",35.534229278564453,-121.05106353759766,"SAN LUIS OBISPO",UNINCORPORATED,-121.05111694335938,35.534202575683594
92079572,2023,2023-05-26,9745,2023-05-17,1117,016773,,3,1,9,4000,0,2,4,,1,024,"SOUTH BAY BLVD","YAMA LANE",0.00,,Y,A,-,N,,,,,,,,,,Y,2,0,2,1,A,-,01,23153,A,N,F,J,A,A,H,-,A,D,0,,,,,Y,Y,A,01,1,1,0,0,0,0,0,0,0,"- ","- ",35.320571899414062,-120.82335662841797,"SAN LUIS OBISPO",UNINCORPORATED,-120.82329559326172,35.320526123046875
92088617,2023,2023-06-07,9740,2023-05-25,1902,022634,,4,2,9,4000,0,3,5,,2,017,"LAS TABLAS RD.","HAWLEY ST.",5.00,W,N,A,-,N,,,,,,,,,,N,2,0,1,2,A,-,10,21954,B,N,G,B,D,A,H,-,A,A,0,Y,,,,Y,Y,A,07,1,0,0,0,1,0,0,0,0,"- ","- ",35.554409027099609,-120.7088623046875,"SAN LUIS OBISPO",UNINCORPORATED,-120.70881652832031,35.554389953613281
92089641,2023,2023-06-08,9740,2023-06-01,2105,021145,,4,2,9,4000,0,1,2,,2,002,"US-101 SOUTHBOUND","VINEYARD DR.",3168.00,S,N,A,-,Y,SLO,,101," "," ",49.966,H,,L,N,2,0,2,1,C,-,18,,,N,H,A,A,A,H,-,C,D,0,,,Y,,Y,,-,"- ",1,1,0,0,0,0,0,0,2,"- ","- ",35.53424072265625,-120.71083068847656,"SAN LUIS OBISPO",UNINCORPORATED,-120.71083831787109,35.534236907958984
92091938,2023,2023-06-12,9740,2023-06-09,"751 ",020302,,5,1,3,4004,0,1,2,,2,003,"US-101 S/B",SR-46W,1584.00,N,N,B,-,Y,SLO,,101," "," ",54.428,H,,L,Y,2,0,2,2,A,-,03,22350,,N,C,C,A,A,H,-,A,D,0,,,,,Y,,-,"- ",1,1,0,0,0,0,0,0,0,"- ","- ",35.593921661376953,-120.69551086425781,"SAN LUIS OBISPO","PASO ROBLES",-120.69551086425781,35.593921661376953
92097046,2023,2023-06-19,9745,2023-06-11,2100,020619,,7,2,9,4000,0,1,2,,2,505,"US-101 NORTHBOUND","TOWER GROVE DRIVE",1320.00,S,N,A,-,Y,SLO,,101," "," ",9.450,H,,R,Y,2,0,1,1,A,-,01,23152,A,N,E,I,A,A,H,-,D,D,0,,,,,Y,Y,A,01,1,0,0,0,0,0,0,0,0,"- ","- ",35.087608337402344,-120.53447723388672,"SAN LUIS OBISPO",UNINCORPORATED,-120.53456115722656,35.087532043457031
92110168,2023,2023-07-05,9740,2023-06-24,1750,020757,,6,2,9,4000,0,1,3,,2,008,"SR-46 (EAST) W/B","ESTRELLA RD.",2340.00,W,N,A,-,Y,SLO,,46," "," ",39.433,H,,L,Y,2,0,1,1,A,-,01,23152,A,N,F,A,A,A,H,-,A,D,0,,,,,Y,Y,D,22,1,0,0,0,0,0,0,0,0,"- ","- ",35.655548095703125,-120.51969146728516,"SAN LUIS OBISPO",UNINCORPORATED,-120.51966857910156,35.655448913574219
92122356,2023,2023-07-20,9745,2023-07-12,"925 ",016542,,3,1,9,4000,0,2,4,,1,025,"LOS OSOS VALLEY RD","PARADISE LN",0.00,,Y,A,-,N,,,,,,,,,,Y,2,0,2,2,A,-,03,22350,,N,C,C,A,A,H,-,A,D,0,,,,,Y,,A,07,1,0,1,0,0,0,0,0,0,"- ","- ",35.301639556884766,-120.79295349121094,"SAN LUIS OBISPO",UNINCORPORATED,-120.79317474365234,35.301662445068359
92126505,2023,2023-07-26,9745,2023-07-15,1100,017709,,6,1,9,4000,0,1,S,,2,800,"US-101 NORTHBOUND","WILLOW ROAD",402.00,S,N,A,-,Y,SLO,,101," "," ",6.332,H,,R,N,2,0,1,2,A,-,03,22350,,N,C,C,A,A,H,-,A,D,0,,,Y,,Y,,C,02,1,0,0,0,0,0,0,0,1,"- ","- ",35.054210662841797,-120.50009918212891,"SAN LUIS OBISPO",UNINCORPORATED,-120.50005340576172,35.054237365722656
9212855,2020,2021-02-01,4004,2020-10-11,1133,1373,,7,5,3,4004,0,0,0,,0,,"RT 46 E","MILL RD",1584.00,E,N,A,-,Y,SLO,5,46,-,-,32.950,H,-,E,Y,2,0,3,2,C,-,18,,,N,A,C,A,A,H,-,A,D,0,,,,,Y,,-,"- ",2,1,0,0,0,0,0,0,0,"- ","- ",35.643730163574219,-120.63337707519531,"SAN LUIS OBISPO","PASO ROBLES",-120.63002777099609,35.647163391113281
92147531,2023,2023-08-18,9745,2023-08-11,1621,017379,,5,2,9,4000,0,3,5,,2,004,"TRUMAN DR.",SR-1,215.00,W,N,A,-,N,,,,,,,,,,N,2,0,1,2,A,-,17,21200,,N,B,E,A,A,H,-,A,D,0,,Y,,,Y,Y,L,04,1,0,0,0,0,0,1,0,0,"- ","- ",35.106441497802734,-120.62380981445312,"SAN LUIS OBISPO",UNINCORPORATED,-120.62373352050781,35.106498718261719
92157786,2023,2023-08-29,9745,2023-08-22,1245,016390,,2,1,9,4000,0,1,3,,1,043,SR-1,"GRACIA WAY",1060.00,S,N,A,-,Y,SLO,,1," "," ",9.839,H,,R,Y,2,0,1,1,A,-,08,22107,,N,F,A,A,A,H,-,A,D,0,,,,,Y,,A,01,1,0,0,0,0,0,0,0,0,"- ","- ",35.091701507568359,-120.58197021484375,"SAN LUIS OBISPO",UNINCORPORATED,-120.58200073242188,35.091678619384766
92168504,2023,2023-09-12,9740,2023-08-29,1810,020894,,2,2,9,4000,0,2,4,,2,012,"NACIMIENTO LAKE DR. (G-14)","FRAZIER RD.",3696.00,W,N,A,-,N,,,,,,,,,,N,2,0,1,3,A,-,03,22350,,N,G,1,E,A,D,-,A,A,0,Y,,,,Y,,A,08,1,0,0,0,1,0,0,0,0,"- ","- ",35.711231231689453,-120.83128356933594,"SAN LUIS OBISPO",UNINCORPORATED,-120.83365631103516,35.710765838623047
92172767,2023,2023-09-18,9740,2023-09-10,1605,020302,,7,2,9,4000,0,1,3,,2,011,"SR-46 (WEST)","GREEN VALLEY RD.",15840.00,E,N,A,-,Y,SLO,,46," ",R,5.389,H,,R,N,2,0,1,1,A,-,03,22350,,N,F,A,A,A,A,-,A,D,0,,Y,,,Y,,L,04,1,0,0,0,0,0,1,0,0,"- ","- ",35.545078277587891,-120.95900726318359,"SAN LUIS OBISPO",UNINCORPORATED,-120.958984375,35.545059204101562
92176042,2023,2023-09-21,9750,2023-09-16,1030,019070,,6,1,9,4000,0,2,S,,2,904,"BULL CANYON ROAD","STATE ROUTE 166",300.00,S,N,A,-,N,,,,,,,,,,N,2,0,1,2,A,-,06,21750,A,F,H,G,A,A,H,-,A,D,0,,Y,,,Y,,E,22,1,0,0,0,0,0,1,0,0,"- ","- ",34.996608734130859,-120.38041687011719,"SAN LUIS OBISPO",UNINCORPORATED,-120.38031005859375,34.996868133544922
92178629,2023,2023-09-25,9745,2023-09-16,2224,018009,,6,3,9,4000,0,1,3,,1,045,"SR-1 SOUTHBOUND","OSO FLACO LAKE RD",450.00,N,N,A,-,Y,SLO,,1," "," ",2.412,H,,L,Y,2,0,2,2,A,-,01,23152,A,N,A,C,A,A,H,-,D,D,0,,,,,Y,Y,A,01,1,1,0,0,0,0,0,0,0,"- ","- ",35.011829376220703,-120.56709289550781,"SAN LUIS OBISPO",UNINCORPORATED,-120.56714630126953,35.011848449707031
92181312,2023,2023-09-27,9745,2023-09-19,1900,018253,,2,2,9,4000,0,3,5,,2,004,"OSO FLACO LAKE ROAD",SR-1,10560.00,W,N,A,-,N,,,,,,,,,,Y,2,0,1,2,A,-,01,23152,A,F,B,C,A,A,H,-,D,D,0,,,,,Y,Y,A,01,1,0,0,0,0,0,0,0,0,"- ","- ",35.020168304443359,-120.60057067871094,"SAN LUIS OBISPO",UNINCORPORATED,-120.60090637207031,35.020229339599609
92187997,2023,2023-10-02,9740,2023-08-26,2109,020894,,6,2,9,4000,0,3,5,,2,024,"SAN SIMEON AVE.","HEARST DR.",350.00,W,N,A,-,N,,,,,,,,,,N,2,0,2,3,A,-,21,22106,,F,G,B,E,A,H,-,D,D,0,Y,,,,Y,Y,A,07,1,1,0,0,2,0,0,0,0,"- ","- ",35.612419128417969,-121.1456298828125,"SAN LUIS OBISPO",UNINCORPORATED,-121.14551544189453,35.612373352050781
92192470,2023,2023-10-05,9740,2023-09-29,1910,020757,,5,2,9,4000,0,3,5,,2,017,"CARMEL RD.","TORREON RD.",370.00,S,N,A,-,N,,,,,,,,,,N,2,0,1,1,A,-,03,22350,,N,F,A,A,A,H,-,D,D,0,,Y,,,Y,Y,L,04,1,0,0,0,0,0,1,0,0,"- ","- ",35.448448181152344,-120.62178802490234,"SAN LUIS OBISPO",UNINCORPORATED,-120.62190246582031,35.448448181152344
92193165,2023,2023-10-06,9750,2023-04-07,"804 ",015915,,5,1,9,4000,0,1,3,,1,063,"SR-166 (CUYAMA HIGHWAY)","SIERRA MADRE ROAD",5280.00,E,N,A,-,Y,SLO,,166," ",R,35.061,H,,R,Y,1,1,1,1,A,-,08,22107,,N,E,8,A,A,H,-,A,D,0,,,,,Y,,D,22,1,0,0,0,0,0,0,0,0,"- ","- ",35.109348297119141,-120.08206939697266,"SAN LUIS OBISPO",UNINCORPORATED,-120.08205413818359,35.109378814697266
92201385,2023,2023-10-17,9745,2023-10-14,2103,019070,,6,2,9,4000,0,2,4,,1,052,"THOMPSON AVENUE","MEHLSCHAU ROAD",57.00,N,N,A,-,N,,,,,,,,,,N,2,0,1,2,A,-,11,21954,A,N,G,B,D,A,H,-,C,D,0,Y,,,,Y,Y,N,60,1,0,0,0,1,0,0,0,0,"- ","- ",35.052871704101562,-120.4869384765625,"SAN LUIS OBISPO",UNINCORPORATED,-120.48677062988281,35.052764892578125
9220260,2020,2021-02-26,4004,2020-12-24,1056,1351,,4,5,3,4004,0,0,0,,0,,"RT 46 E","AIRPORT RD",150.00,W,N,A,-,Y,SLO,5,46,-,-,32.330,H,-,E,Y,2,0,6,3,A,-,01,23152,F,N,A,C,A,A,H,-,A,A,0,,,,Y,Y,,A,01,3,2,1,0,0,0,0,0,0,"- ","- ",35.643280029296875,-120.64872741699219,"SAN LUIS OBISPO","PASO ROBLES",-120.64015960693359,35.644546508789062
9221579,2021,2021-03-01,4006,2021-01-20,1145,89870,,3,5,4,4006,0,0,0,,0,,"RT 227",PERKINS,0.00,N,N,A,-,N,,,,,,,,,,Y,2,0,1,1,A,-,08,22107,,N,E,I,A,A,H,-,A,D,0,,,,,Y,,D,22,1,0,0,0,0,0,0,0,0,"- ","- ",35.154800415039062,-120.39060211181641,"SAN LUIS OBISPO","SAN LUIS OBISPO",-120.65151977539062,35.263404846191406
92224669,2023,2023-10-31,9745,2023-10-26,"538 ",017541,,4,3,9,4000,0,2,4,,1,058,"ORCHARD RD","CHERRY BLOSSOM PL",1584.00,S,N,A,-,N,,,,,,,,,,Y,2,0,1,1,A,-,08,22107,,N,E,I,A,A,H,-,D,D,0,,,,,Y,,D,22,1,0,0,0,0,0,0,0,0,"- ","- ",35.004310607910156,-120.46011352539062,"SAN LUIS OBISPO",UNINCORPORATED,-120.45941925048828,35.003776550292969
92230125,2023,2024-02-16,9745,2023-10-02,2202,020417,,1,3,9,4000,0,1,2,,2,505,"US-101 NORTHBOUND","TEFFT STREET",7392.00,S,N,B,-,Y,SLO,,101," "," ",3.453,H,,R,Y,1,1,0,2,A,-,03,22350,,N,C,C,A,A,H,-,D,D,0,,,,Y,Y,,G,25,0,0,0,0,0,0,0,0,0,"- ","- ",35.021808624267578,-120.46820068359375,"SAN LUIS OBISPO",UNINCORPORATED,-120.46819305419922,35.021812438964844
92235692,2023,2023-11-14,9745,2023-11-02,1305,017061,,4,1,9,4000,0,1,3,,2,023,"SR-1 SOUTHBOUND","STENNER CREEK",845.00,N,N,A,-,Y,SLO,,1," "," ",18.815,H,,L,N,2,0,1,1,A,-,03,22350,,N,E,A,A,A,A,-,A,D,0,,Y,,,Y,,-,"- ",1,0,0,0,0,0,1,0,0,"- ","- ",35.310428619384766,-120.68377685546875,"SAN LUIS OBISPO",UNINCORPORATED,-120.68386840820312,35.310359954833984
92236704,2023,2023-11-15,9740,2023-10-27,"405 ",019697,,5,3,9,4000,0,3,5,,2,019,"RIVER RD.","WELLSONA RD.",3696.00,N,N,A,-,N,,,,,,,,,,Y,2,0,3,1,A,-,01,23152,A,N,E,I,A,A,H,-,D,D,0,,,,,Y,Y,A,01,1,0,2,0,0,0,0,0,0,"- ","- ",35.706699371337891,-120.68073272705078,"SAN LUIS OBISPO",UNINCORPORATED,-120.68399047851562,35.687225341796875