CASE_ID,ACCIDENT_YEAR,PROC_DATE,JURIS,COLLISION_DATE,COLLISION_TIME,OFFICER_ID,REPORTING_DISTRICT,DAY_OF_WEEK,CHP_SHIFT,POPULATION,CNTY_CITY_LOC,SPECIAL_COND,BEAT_TYPE,CHP_BEAT_TYPE,CITY_DIVISION_LAPD,CHP_BEAT_CLASS,BEAT_NUMBER,PRIMARY_RD,SECONDARY_RD,DISTANCE,DIRECTION,INTERSECTION,WEATHER_1,WEATHER_2,STATE_HWY_IND,CALTRANS_COUNTY,CALTRANS_DISTRICT,STATE_ROUTE,ROUTE_SUFFIX,POSTMILE_PREFIX,POSTMILE,LOCATION_TYPE,RAMP_INTERSECTION,SIDE_OF_HWY,TOW_AWAY,COLLISION_SEVERITY,NUMBER_KILLED,NUMBER_INJURED,PARTY_COUNT,PRIMARY_COLL_FACTOR,PCF_CODE_OF_VIOL,PCF_VIOL_CATEGORY,PCF_VIOLATION,PCF_VIOL_SUBSECTION,HIT_AND_RUN,TYPE_OF_COLLISION,MVIW,PED_ACTION,ROAD_SURFACE,ROAD_COND_1,ROAD_COND_2,LIGHTING,CONTROL_DEVICE,CHP_ROAD_TYPE,PEDESTRIAN_ACCIDENT,BICYCLE_ACCIDENT,MOTORCYCLE_ACCIDENT,TRUCK_ACCIDENT,NOT_PRIVATE_PROPERTY,ALCOHOL_INVOLVED,STWD_VEHTYPE_AT_FAULT,CHP_VEHTYPE_AT_FAULT,COUNT_SEVERE_INJ,COUNT_VISIBLE_INJ,COUNT_COMPLAINT_PAIN,COUNT_PED_KILLED,COUNT_PED_INJURED,COUNT_BICYCLIST_KILLED,COUNT_BICYCLIST_INJURED,COUNT_MC_KILLED,COUNT_MC_INJURED,PRIMARY_RAMP,SECONDARY_RAMP,LATITUDE,LONGITUDE,COUNTY,CITY,POINT_X,POINT_Y
92247582,2023,2023-11-29,9745,2023-11-17,1744,018009,,5,2,9,4000,0,2,4,,1,049,"CORBETT CANYON RD","OAK HILL ROAD",389.00,N,N,A,-,N,,,,,,,,,,Y,2,0,1,1,A,-,01,23152,A,N,E,I,A,A,H,-,D,D,0,,,,,Y,Y,A,01,1,0,0,0,0,0,0,0,0,"- ","- ",35.151611328125,-120.56072235107422,"SAN LUIS OBISPO",UNINCORPORATED,-120.56086730957031,35.151626586914062
92267073,2023,2023-12-20,9740,2023-12-17,"535 ",017498,,7,3,9,4000,0,1,3,,2,008,"SR-46 (EAST) W/B","MCMILLAN CANYON RD.",2640.00,E,N,B,-,Y,SLO,,46," "," ",45.989,H,,L,Y,2,0,1,1,A,-,08,22107,,N,F,A,A,A,H,-,D,D,0,,,,,Y,,A,07,1,0,0,0,0,0,0,0,0,"- ","- ",35.661991119384766,-120.40493774414062,"SAN LUIS OBISPO",UNINCORPORATED,-120.40494537353516,35.661884307861328
92272866,2023,2023-12-27,9745,2023-12-13,1935,023476,,3,2,9,4000,0,3,5,,2,004,"HALCYON RD",SR-1,200.00,S,N,A,-,N,,,,,,,,,,Y,2,0,1,1,A,-,01,23152,A,M,E,8,A,A,H,-,D,D,0,,,,,Y,Y,A,01,1,0,0,0,0,0,0,0,0,"- ","- ",35.097671508789062,-120.59139251708984,"SAN LUIS OBISPO",UNINCORPORATED,-120.58631134033203,35.080337524414062
92288005,2024,2024-01-16,9740,2024-01-10,1555,022621,,3,2,9,4000,0,3,5,,2,017,"CRESTON RD.","NEAL SPRING RD.",0.00,,Y,B,-,N,,,,,,,,,,Y,2,0,2,2,A,-,08,22107,,N,A,C,A,A,H,-,A,D,0,,,,,Y,,D,22,1,0,1,0,0,0,0,0,0,"- ","- ",35.575489044189453,-120.61656188964844,"SAN LUIS OBISPO",UNINCORPORATED,-120.61651611328125,35.575496673583984
92293995,2024,2024-01-22,9745,2024-01-13,"845 ",020619,,6,1,9,4000,0,1,2,,2,505,"US-101 NORTHBOUND","EL CAMPO RD",500.00,S,N,A,-,Y,SLO,,101," "," ",11.799,H,,R,Y,2,0,2,2,A,-,01,23152,F,N,C,C,A,A,H,-,A,D,0,,,,,Y,,A,01,1,0,1,0,0,0,0,0,0,"- ","- ",35.111221313476562,-120.56308746337891,"SAN LUIS OBISPO",UNINCORPORATED,-120.56310272216797,35.111198425292969
92302184,2024,2024-01-31,9740,2024-01-28,"10  ",022634,,7,3,3,4004,0,1,2,,2,003,"US-101 NORTHBOUND","NIBLICK RD.",880.00,S,N,A,-,Y,SLO,,101," "," ",55.797,H,,R,Y,2,0,1,1,A,-,01,23152,A,N,E,I,A,A,H,-,D,A,0,,,,,Y,Y,A,01,1,0,0,0,0,0,0,0,0,"- ","- ",35.612998962402344,-120.68991851806641,"SAN LUIS OBISPO","PASO ROBLES",-120.68994903564453,35.613014221191406
92316286,2024,2024-07-24,9740,2024-01-21,2240,022634,,7,3,4,4008,0,1,2,,2,002,"US-101 SOUTHBOUND","DEL RIO RD OVERCROSSING",2112.00,S,N,B,-,Y,SLO,,101," "," ",47.924,H,,L,Y,1,1,1,1,A,-,01,23152,A,N,F,0,A,A,H,-,D,D,0,,,,,Y,Y,A,01,0,0,1,0,0,0,0,0,0,"- ","- ",35.507999420166016,-120.69603729248047,"SAN LUIS OBISPO",ATASCADERO,-120.69593048095703,35.508056640625
92319293,2024,2024-02-21,9745,2024-02-14,2255,016390,,3,3,9,4000,0,1,3,,1,011,SR-41,"BEAR RIDGE ROAD",1584.00,S,N,C,-,Y,SLO,,41," "," ",5.081,H,,R,Y,2,0,1,1,A,-,08,22107,,N,F,A,A,B,H,-,D,D,0,,,,,Y,,A,01,1,0,0,0,0,0,0,0,0,"- ","- ",35.423618316650391,-120.78597259521484,"SAN LUIS OBISPO",UNINCORPORATED,-120.78600311279297,35.423709869384766
92321766,2023,2024-02-23,9745,2023-12-08,1940,017968,,5,2,9,4000,0,1,3,,1,021,"SR-1 S/B","TORO CREEK ROAD",100.00,S,N,A,-,Y,SLO,,1," "," ",32.688,H,,L,Y,1,1,1,2,A,-,09,21804,A,N,D,C,A,A,H,-,C,D,0,,,,,Y,Y,A,08,0,1,0,0,0,0,0,0,0,"- ","- ",35.413368225097656,-120.87338256835938,"SAN LUIS OBISPO",UNINCORPORATED,-120.87336730957031,35.413375854492188
92330548,2023,2024-03-05,9750,2023-09-04,1247,015915,,1,1,9,4000,0,1,3,,2,061,"SR-166 (CUYAMA HIGHWAY)","TEPUSQUET ROAD",9504.00,W,N,A,-,Y,SLO,,166," "," ",22.242,H,,R,Y,1,1,4,4,A,-,05,21460,A,N,A,C,A,A,H,-,A,D,0,,,,,Y,,D,22,3,1,0,0,0,0,0,0,0,"- ","- ",35.024879455566406,-120.23838043212891,"SAN LUIS OBISPO",UNINCORPORATED,-120.23839569091797,35.024852752685547
92331512,2024,2024-03-06,9750,2024-02-23,1353,020907,,5,1,9,4000,0,1,3,,1,063,"SR-166 (CUYAMA HIGHWAY)","COTTONWOOD CANYON ROAD",6500.00,W,N,A,-,Y,SLO,,166," "," ",50.570,H,,R,Y,2,0,3,2,A,-,05,21460,A,N,A,C,A,A,H,-,A,D,0,,,,,Y,,A,08,2,0,1,0,0,0,0,0,0,"- ","- ",35.044319152832031,-119.89511108398438,"SAN LUIS OBISPO",UNINCORPORATED,-119.89511871337891,35.044300079345703
9234248,2021,2021-03-17,4008,2021-01-15,1012,3125,,5,5,4,4008,0,0,0,,0,,"EL CAMINO REAL","CARRIZO RD",192.00,N,N,A,-,N,,,,,,,,,,Y,2,0,2,2,A,-,09,21801,A,N,A,C,A,A,H,-,A,D,0,,,,,Y,,A,08,1,0,1,0,0,0,0,0,0,"- ","- ",35.517730712890625,-120.70079040527344,"SAN LUIS OBISPO",ATASCADERO,-120.70135498046875,35.5181884765625
92345078,2024,2024-03-22,9740,2024-03-17,2150,019700,,7,2,9,4000,0,3,5,,2,017,"EL CAMINO REAL","ASUNCION RD.",450.00,S,N,A,-,N,,,,,,,,,,Y,2,0,1,1,A,-,01,23152,A,N,E,I,A,A,H,-,D,D,0,,,,,Y,Y,D,22,1,0,0,0,0,0,0,0,0,"- ","- ",35.427490234375,-120.60446166992188,"SAN LUIS OBISPO",UNINCORPORATED,-120.60459136962891,35.427497863769531
92364639,2024,2024-04-15,9740,2024-03-10,"25  ",022034,,7,3,9,4000,0,3,5,,2,017,"CRESTON ROAD","NEAL SPRING ROAD",8026.00,W,N,A,-,N,,,,,,,,,,Y,1,1,3,1,A,-,08,22107,,F,F,A,A,A,H,-,D,D,0,,,,,Y,Y,A,01,3,0,0,0,0,0,0,0,0,"- ","- ",35.587879180908203,-120.63768768310547,"SAN LUIS OBISPO",UNINCORPORATED,-120.63748168945312,35.587860107421875
92390843,2024,2024-05-15,9745,2024-05-05,"330 ",023476,,7,3,9,4000,0,1,3,,2,023,"SR-1 NORTHBOUND","EDUCATION DRIVE",0.00,,Y,A,-,Y,SLO,,1," "," ",22.649,H,,R,Y,2,0,2,2,A,-,08,22107,,N,B,C,A,A,H,-,C,A,0,,,Y,,Y,,E,22,2,0,0,0,0,0,0,0,2,"- ","- ",35.333240509033203,-120.74259185791016,"SAN LUIS OBISPO",UNINCORPORATED,-120.74257659912109,35.333274841308594
92403403,2024,2024-05-31,9745,2024-05-11,1241,017709,,6,1,9,4000,0,2,4,,1,048,"AVILA BEACH DRIVE","ONTARIO RD",786.00,W,N,A,-,N,,,,,,,,,,Y,2,0,5,2,A,-,01,23152,A,N,A,C,A,A,H,-,A,D,0,,,,,Y,Y,A,07,2,1,2,0,0,0,0,0,0,"- ","- ",35.1822509765625,-120.70652008056641,"SAN LUIS OBISPO",UNINCORPORATED,-120.70627593994141,35.182167053222656
92406048,2024,2024-06-04,9745,2024-05-04,2006,020417,,6,2,9,4000,0,3,5,,2,004,"WILLOW RD.",SR-1,125.00,E,N,B,C,N,,,,,,,,,,Y,2,0,3,1,A,-,01,23152,A,N,E,8,A,B,H,-,C,D,0,,,,,Y,Y,A,01,2,0,1,0,0,0,0,0,0,"- ","- ",35.04718017578125,-120.5694580078125,"SAN LUIS OBISPO",UNINCORPORATED,-120.59571075439453,35.054111480712891
92417010,2024,2024-06-18,9745,2024-06-06,"115 ",023476,,4,3,9,4000,0,1,2,,2,404,"US-101 SOUTHBOUND","HINDS AVE",1000.00,S,N,A,-,Y,SLO,,101," "," ",16.474,H,,L,Y,2,0,1,2,A,-,01,23152,A,N,E,2,A,A,H,-,D,D,0,,,,Y,Y,Y,A,01,1,0,0,0,0,0,0,0,0,"- ","- ",35.139820098876953,-120.63693237304688,"SAN LUIS OBISPO",UNINCORPORATED,-120.63688659667969,35.139865875244141
92418267,2023,2024-06-19,9750,2023-07-29,1842,020510,,6,2,9,4000,0,1,3,,1,063,"SR-166 (CUYAMA HIGHWAY)","CHIMINEAS RANCH ROAD",7656.00,E,N,A,-,Y,SLO,,166," "," ",45.790,H,,R,Y,1,1,2,2,A,-,01,23152,A,N,A,C,A,A,H,-,A,D,0,,,Y,,Y,Y,C,02,1,0,1,0,0,0,0,1,1,"- ","- ",35.061748504638672,-119.97191619873047,"SAN LUIS OBISPO",UNINCORPORATED,-119.97190856933594,35.061763763427734
92419656,2024,2024-06-20,9740,2024-05-19,1415,022034,,7,2,9,4000,0,1,3,,1,014,SR-1,"BURTON DR.",1478.00,N,N,A,-,Y,SLO,,1," "," ",49.266,H,,R,Y,1,1,3,2,A,-,05,21460,A,N,A,C,A,A,H,-,A,D,0,,,,,Y,,A,01,2,1,0,0,0,0,0,0,0,"- ","- ",35.554779052734375,-121.08733367919922,"SAN LUIS OBISPO",UNINCORPORATED,-121.08733367919922,35.554767608642578
92421448,2024,2024-06-24,9745,2024-06-15,1955,022733,,6,2,9,4000,0,2,4,,1,055,"TEFFT STREET","OAKGLEN AVENUE",240.00,E,N,A,-,N,,,,,,,,,,N,2,0,1,1,A,-,03,22350,,N,F,A,A,A,H,-,A,D,0,,,Y,,Y,,C,02,1,0,0,0,0,0,0,0,1,"- ","- ",35.038238525390625,-120.48220825195312,"SAN LUIS OBISPO",UNINCORPORATED,-120.48233795166016,35.038177490234375
92422934,2024,2024-06-25,9740,2024-06-19,1350,019486,,3,1,9,4000,0,3,5,,2,018,"LINNE RD.","CHAPARRAL RD.",3696.00,E,N,A,-,N,,,,,,,,,,Y,2,0,1,1,A,-,03,22350,,N,E,I,A,A,H,-,A,D,0,,,,,Y,,A,07,1,0,0,0,0,0,0,0,0,"- ","- ",35.596820831298828,-120.59242248535156,"SAN LUIS OBISPO",UNINCORPORATED,-120.60346221923828,35.598979949951172
92427716,2024,2024-07-01,9740,2024-06-22,2240,021275,,6,3,9,4000,0,1,2,,2,004,"US-101 SOUTHBOUND","SAN MARCOS RD.",0.00,,Y,A,-,Y,SLO,,101," "," ",63.735,H,,L,Y,2,0,2,2,A,-,01,23152,A,F,D,C,A,A,H,-,C,D,0,,,,,Y,Y,D,22,1,1,0,0,0,0,0,0,0,"- ","- ",35.721939086914062,-120.697998046875,"SAN LUIS OBISPO",UNINCORPORATED,-120.69794464111328,35.721954345703125
92427841,2024,2024-08-14,9740,2024-06-25,1805,020335,,2,2,9,4000,0,3,5,,2,017,"TEMPLETON RD.","EL POMAR DR.",5122.00,S,N,A,-,N,,,,,,,,,,Y,2,0,1,1,A,-,01,23152,A,N,E,I,A,A,H,-,A,D,0,,,,,Y,Y,A,07,1,0,0,0,0,0,0,0,0,"- ","- ",35.534591674804688,-120.6903076171875,"SAN LUIS OBISPO",UNINCORPORATED,-120.69073486328125,35.534778594970703
92430947,2024,2024-07-04,9745,2024-06-25,1742,018009,,2,2,9,4000,0,2,4,,2,047,"LOPEZ DRIVE","COUNTRY OAK WAY",20.00,W,N,A,-,N,,,,,,,,,,Y,2,0,1,2,A,-,03,22350,,N,C,C,A,A,H,-,A,D,0,,,Y,,Y,,C,02,1,0,0,0,0,0,0,0,1,"- ","- ",35.143169403076172,-120.54621887207031,"SAN LUIS OBISPO",UNINCORPORATED,-120.54621887207031,35.143184661865234
92430957,2024,2024-07-04,9745,2024-06-26,1220,017857,,3,1,9,4000,0,2,4,,1,048,"AVILA BEACH DRIVE","SAN LUIS BAY DRIVE",528.00,E,N,A,-,N,,,,,,,,,,N,2,0,1,1,A,-,03,22350,,N,F,A,A,A,H,-,A,D,0,,Y,,,Y,,L,04,1,0,0,0,0,0,1,0,0,"- ","- ",35.187129974365234,-120.71492004394531,"SAN LUIS OBISPO",UNINCORPORATED,-120.71731567382812,35.18743896484375
92434136,2024,2024-07-09,9740,2024-07-04,"852 ",020894,,4,1,3,4004,0,1,2,,2,003,"US-101 SOUTHBOUND","13TH ST.",1056.00,S,N,A,-,Y,SLO,,101," "," ",56.719,H,,L,Y,2,0,1,1,A,-,08,22107,,N,F,A,A,A,H,-,A,D,0,,,Y,,Y,,C,02,1,0,0,0,0,0,0,0,1,"- ","- ",35.625621795654297,-120.68650054931641,"SAN LUIS OBISPO","PASO ROBLES",-120.6865234375,35.625617980957031
92439690,2024,2024-07-15,9740,2024-07-04,2133,022634,,4,2,9,4000,0,1,3,,1,009,"SR-46 (EAST)",SR-41,0.00,,Y,A,-,Y,SLO,,46," "," ",55.107,H,,R,Y,2,0,6,2,A,-,09,21801,A,N,A,C,A,A,H,-,C,A,0,,,,,Y,,D,22,1,0,5,0,0,0,0,0,0,"- ","- ",35.734481811523438,-120.28441619873047,"SAN LUIS OBISPO",UNINCORPORATED,-120.28441619873047,35.734474182128906
92440610,2024,2024-07-16,9740,2024-07-05,1258,023285,,5,1,9,4000,0,3,5,,2,017,"MAIN ST.","6TH ST.",160.00,N,N,A,-,N,,,,,,,,,,Y,2,0,1,3,A,-,08,22107,,N,C,E,A,A,H,-,A,D,0,,,,,Y,Y,A,01,1,0,0,0,0,0,0,0,0,"- ","- ",35.548488616943359,-120.70597076416016,"SAN LUIS OBISPO",UNINCORPORATED,-120.70606994628906,35.548515319824219
9248118,2020,2021-04-10,4006,2020-12-28,1751,15913,,1,5,4,4006,0,0,0,,0,,ELKS,"S HIGUERA",1300.00,S,N,B,-,N,,,,,,,,,,N,2,0,1,2,A,-,05,21460,A,N,G,B,E,B,H,-,C,D,0,Y,,,Y,Y,,F,55,1,0,0,0,1,0,0,0,0,"- ","- ",35.260440826416016,-120.67256164550781,"SAN LUIS OBISPO","SAN LUIS OBISPO",-120.67250823974609,35.260604858398438
9256368,2021,2021-07-20,4005,2021-05-10,1614,P115,6,1,5,2,4005,0,0,0,,0,,PRICE,STIMSON,9.00,N,N,A,-,N,,,,,,,,,,N,1,1,0,2,A,-,10,21950,A,N,A,B,C,A,H,-,A,A,0,Y,,,,Y,,D,22,0,0,0,1,0,0,0,0,0,"- ","- ",,,"SAN LUIS OBISPO","PISMO BEACH",-120.63851165771484,35.140377044677734
9262904,2021,2021-05-14,4004,2021-04-21,1604,1470,,3,5,3,4004,0,0,0,,0,,"VINE ST","14TH ST",100.00,N,N,A,-,N,,,,,,,,,,Y,2,0,1,2,A,-,08,22100,B,N,D,C,A,A,H,-,A,D,0,,,,,Y,,A,01,1,0,0,0,0,0,0,0,0,"- ","- ",35.628681182861328,-120.69416809082031,"SAN LUIS OBISPO","PASO ROBLES",-120.69413757324219,35.628875732421875
9266202,2021,2021-06-08,4006,2021-04-25,1846,19810,,7,5,4,4006,0,0,0,,0,,"SANTA ROSA",PALM,0.00,,Y,B,-,N,,,,,,,,,,Y,2,0,1,2,A,-,09,21801,A,N,B,C,A,A,H,-,A,D,0,,,Y,,Y,,A,01,1,0,0,0,0,0,0,0,1,"- ","- ",35.28350830078125,-120.66075897216797,"SAN LUIS OBISPO","SAN LUIS OBISPO",-120.66075897216797,35.283538818359375
9272394,2021,2021-06-09,4006,2021-04-24,2237,68045,"SAN L",6,5,4,4006,0,0,0,,0,,"LOS OSOS VALLEY RD","CALLE JOAQUIN",0.00,,Y,A,-,N,,,,,,,,,,Y,2,0,3,2,A,-,09,21801,A,N,D,D,A,A,H,-,C,A,0,,,,,Y,,A,01,1,0,2,0,0,0,0,0,0,"- ","- ",35.246650695800781,-120.68316650390625,"SAN LUIS OBISPO","SAN LUIS OBISPO",-120.68264007568359,35.244895935058594
9272396,2021,2021-06-09,4006,2021-04-13,1823,62657,,2,5,4,4006,0,0,0,,0,,OCEANAIRE,"LOS OSOS VALLEY RD",10.00,N,N,A,-,N,,,,,,,,,,N,2,0,1,2,A,-,17,21461,A,N,D,C,A,A,H,-,A,A,0,,Y,,,Y,,L,04,1,0,0,0,0,0,1,0,0,"- ","- ",35.259979248046875,-120.69400787353516,"SAN LUIS OBISPO","SAN LUIS OBISPO",-120.69403839111328,35.259891510009766
9281856,2021,2021-06-24,4001,2021-05-19,0055,P0130,463,3,5,3,4001,0,0,0,,0,OPERAT,"EL CAMINO REAL","N OAK PARK BL",77.00,S,N,A,-,N,,,,,,,,,,Y,2,0,1,1,A,-,03,22350,,N,E,I,A,A,H,-,C,D,0,,,,,Y,,A,01,1,0,0,0,0,0,0,0,0,"- ","- ",,,"SAN LUIS OBISPO","ARROYO GRANDE",-120.60685729980469,35.129501342773438
9284661,2021,2021-08-04,4005,2021-06-15,1705,P112,2,2,5,2,4005,0,0,0,,0,,"SHELL BEACH RD","SEACLIFF DR",360.00,S,N,A,-,N,,,,,,,,,,N,2,0,1,2,A,-,11,21956,A,N,B,B,E,A,H,-,A,D,0,Y,,,,Y,,N,60,1,0,0,0,1,0,0,0,0,"- ","- ",,,"SAN LUIS OBISPO","PISMO BEACH",-120.68426513671875,35.16241455078125
9286262,2021,2021-07-20,4008,2021-06-10,1406,2154,A,4,5,4,4008,0,0,0,,0,,"MORRO RD","OLD MORRO RD",2254.00,W,N,A,-,Y,SLO,5,41,-,-,12.160,H,-,N,Y,2,0,1,2,A,-,08,22100,A,N,D,C,A,A,H,-,A,D,0,,,Y,,Y,,C,02,1,0,0,0,0,0,0,0,1,"- ","- ",35.451229095458984,-120.69732666015625,"SAN LUIS OBISPO",ATASCADERO,-120.70445251464844,35.451091766357422
9298840,2021,2021-08-28,4006,2021-07-20,1915,68099,,2,5,4,4006,0,0,0,,0,,MONTEREY,CALIFORNIA,0.00,,Y,A,-,N,,,,,,,,,,N,2,0,1,2,A,-,10,21950,A,N,G,B,B,A,H,-,A,A,0,Y,,,,Y,,D,23,1,0,0,0,1,0,0,0,0,"- ","- ",35.28607177734375,-120.65470123291016,"SAN LUIS OBISPO","SAN LUIS OBISPO",-120.65460968017578,35.286109924316406
93196332,2024,2024-11-15,9745,2024-06-14,1135,017144,,5,1,9,4000,0,1,3,,2,023,"SR-1 SOUTHBOUND","STENNER CREEK RD",300.00,N,N,A,-,Y,SLO,,1," "," ",18.646,H,,L,N,2,0,1,1,A,-,08,22107,,N,F,A,A,A,H,-,A,D,0,,Y,,,Y,,L,04,1,0,0,0,0,0,1,0,0,"- ","- ",35.308589935302734,-120.68173217773438,"SAN LUIS OBISPO",UNINCORPORATED,-120.68172454833984,35.30859375
9320038,2021,2021-11-04,4006,2021-08-06,0038,98169,,5,5,4,4006,0,0,0,,0,,FOOTHILL,BROAD,24.00,E,N,B,-,N,,,,,,,,,,Y,1,1,0,2,A,-,01,23153,A,F,C,G,A,A,D,-,C,A,0,,Y,,,Y,Y,A,01,0,0,0,0,0,1,0,0,0,"- ","- ",35.294170379638672,-120.67156219482422,"SAN LUIS OBISPO","SAN LUIS OBISPO",-120.67162322998047,35.294097900390625
9320042,2021,2023-06-17,4006,2021-09-04,2027,68099,,6,5,4,4006,0,0,0,,0,,BROAD,WOODBRIDGE,0.00,,Y,A,-,N,,,,,,,,,,Y,1,1,0,2,A,-,10,21950,A,N,G,B,B,A,H,-,C,D,0,Y,,,,Y,Y,A,01,0,0,0,1,0,0,0,0,0,"- ","- ",35.267440795898438,-120.65458679199219,"SAN LUIS OBISPO","SAN LUIS OBISPO",-120.65458679199219,35.267345428466797
9320151,2021,2023-06-20,4003,2021-07-15,1209,M96870,3,4,5,2,4003,0,0,0,,0,001,"MORRO BAY BL","BERNARDO AV",0.00,,Y,A,-,N,,,,,,,,,,Y,1,1,0,2,A,-,10,21950,A,N,G,B,B,A,H,-,A,A,0,Y,,,Y,Y,,F,87,0,0,0,1,0,0,0,0,0,"- ","- ",35.365978240966797,-120.8433837890625,"SAN LUIS OBISPO","MORRO BAY",-120.84348297119141,35.365985870361328
9326622,2021,2021-10-12,4008,2021-07-21,0803,2114,,3,5,4,4008,0,0,0,,0,00A,"CALLE MILANO","ELIANO ST",0.00,,Y,A,-,N,,,,,,,,,,Y,2,0,1,2,A,-,12,22450,A,N,H,G,A,A,H,-,A,A,0,,Y,,,Y,,L,04,1,0,0,0,0,0,0,0,0,"- ","- ",35.455741882324219,-120.62805938720703,"SAN LUIS OBISPO",ATASCADERO,-120.62816619873047,35.455833435058594
9355054,2021,2021-11-15,4006,2021-10-19,2340,20008,,2,5,4,4006,0,0,0,,0,SLO,"SANTA ROSA","OAK ST",103.00,S,N,A,-,N,,,,,,,,,,Y,2,0,1,2,A,-,01,23153,A,N,A,B,D,A,H,-,C,D,0,Y,,,,Y,Y,-,"- ",1,0,0,0,1,0,0,0,0,"- ","- ",35.171901702880859,-120.39550018310547,"SAN LUIS OBISPO","SAN LUIS OBISPO",-120.66545867919922,35.288887023925781
9356280,2021,2021-11-02,4006,2021-09-29,1753,80908,,3,5,4,4006,0,0,0,,0,,"TANK FARM","INNOVATION WY",451.00,E,N,A,-,N,,,,,,,,,,N,2,0,1,1,A,-,03,22350,,N,E,J,A,A,H,-,A,A,0,,Y,,,Y,,L,04,1,0,0,0,0,0,1,0,0,"- ","- ",35.246868133544922,-120.66378784179688,"SAN LUIS OBISPO","SAN LUIS OBISPO",-120.66362762451172,35.246818542480469
9377317,2021,2021-12-23,4006,2021-10-22,1153,98539,,5,5,4,4006,0,0,0,,0,,"FOOTHILL W","SANTA ROSA",150.00,W,N,A,-,N,,,,,,,,,,N,2,0,1,2,A,-,08,22107,,N,H,G,A,A,D,-,A,D,0,,Y,,,Y,,A,01,1,0,0,0,0,0,1,0,0,"- ","- ",35.294109344482422,-120.66813659667969,"SAN LUIS OBISPO","SAN LUIS OBISPO",-120.66856384277344,35.294071197509766
9384768,2021,2021-12-31,4008,2021-11-29,1733,5155,,1,5,4,4008,0,0,0,,0,,"MORRO RD","CURBARIL AV",203.00,E,N,A,-,Y,SLO,5,41,-,-,15.150,H,-,S,Y,2,0,1,2,A,-,03,22350,,N,F,A,A,A,H,-,D,D,0,,,Y,,Y,,C,02,1,0,0,0,0,0,0,0,1,"- ","- ",35.474220275878906,-120.66832733154297,"SAN LUIS OBISPO",ATASCADERO,-120.66819000244141,35.474658966064453
9400607,2022,2022-02-14,4008,2022-01-21,1811,3125,,5,5,4,4008,0,0,0,,0,,"WEST MALL","PALMA AV",6.00,E,N,A,-,N,,,,,,,,,,N,2,0,1,2,A,-,12,22450,A,N,H,G,A,A,H,-,C,A,0,,Y,,,Y,,L,04,1,0,0,0,0,0,1,0,0,"- ","- ",35.489639282226562,-120.66773986816406,"SAN LUIS OBISPO",ATASCADERO,-120.66780090332031,35.489692687988281
94019228,2024,2024-08-09,9745,2024-07-27,2057,023036,,6,2,9,4000,0,1,3,,1,021,"SR-1 SOUTHBOUND","STUDIO DR",653.00,S,N,A,-,Y,SLO,,1," "," ",33.161,H,,L,Y,2,0,4,3,A,-,01,23152,A,N,C,C,A,A,H,-,D,D,0,,,,,Y,Y,A,01,2,2,0,0,0,0,0,0,0,"- ","- ",35.419670104980469,-120.87682342529297,"SAN LUIS OBISPO",UNINCORPORATED,-120.87683868408203,35.419662475585938
94024216,2024,2024-08-12,9745,2024-08-02,2335,022565,,5,3,9,4000,0,1,2,,2,303,"ONTARIO RD","CASTILLO RD",0.00,,Y,A,-,N,,,,,,,,,,Y,2,0,1,2,A,-,09,21801,A,N,D,C,A,A,H,-,D,D,0,,,Y,,Y,,A,01,1,0,0,0,0,0,0,0,1,"- ","- ",35.205520629882812,-120.69719696044922,"SAN LUIS OBISPO",UNINCORPORATED,-120.6971435546875,35.205497741699219
94087012,2024,2024-08-12,9745,2024-07-17,1735,020765,,3,2,9,4000,0,1,2,,2,303,"US-101 SOUTHBOUND","AVILA BEACH DRIVE",300.00,N,N,A,-,Y,SLO,,101," ",R,21.180,H,,L,Y,2,0,1,2,A,-,03,22350,,F,C,C,A,A,H,-,A,D,0,,,,,Y,Y,A,01,1,0,0,0,0,0,0,0,0,"- ","- ",35.180450439453125,-120.70017242431641,"SAN LUIS OBISPO",UNINCORPORATED,-120.70018768310547,35.180438995361328
9424746,2022,2022-04-06,4008,2022-03-11,1224,3125,,5,5,4,4008,0,0,0,,0,,"EL CAMINO REAL","ATALAYA ST",0.00,,Y,A,-,N,,,,,,,,,,Y,2,0,2,2,A,-,09,21802,A,N,D,C,A,A,H,-,A,D,0,,,,,Y,,D,22,1,1,0,0,0,0,0,0,0,"- ","- ",35.519760131835938,-120.70272827148438,"SAN LUIS OBISPO",ATASCADERO,-120.70262908935547,35.519706726074219
9435959,2022,2022-05-03,4006,2022-03-10,1505,89870,,4,5,4,4006,0,0,0,,0,,"SAN LUIS DR","CALIFORNIA BL",635.00,S,N,A,-,N,,,,,,,,,,N,2,0,1,2,A,-,09,21801,A,N,D,C,A,A,H,-,A,D,0,,,Y,,Y,,D,22,1,0,0,0,0,0,0,0,1,"- ","- ",35.284671783447266,-120.65238952636719,"SAN LUIS OBISPO","SAN LUIS OBISPO",-120.65297698974609,35.282978057861328