CASE_ID,ACCIDENT_YEAR,PROC_DATE,JURIS,COLLISION_DATE,COLLISION_TIME,OFFICER_ID,REPORTING_DISTRICT,DAY_OF_WEEK,CHP_SHIFT,POPULATION,CNTY_CITY_LOC,SPECIAL_COND,BEAT_TYPE,CHP_BEAT_TYPE,CITY_DIVISION_LAPD,CHP_BEAT_CLASS,BEAT_NUMBER,PRIMARY_RD,SECONDARY_RD,DISTANCE,DIRECTION,INTERSECTION,WEATHER_1,WEATHER_2,STATE_HWY_IND,CALTRANS_COUNTY,CALTRANS_DISTRICT,STATE_ROUTE,ROUTE_SUFFIX,POSTMILE_PREFIX,POSTMILE,LOCATION_TYPE,RAMP_INTERSECTION,SIDE_OF_HWY,TOW_AWAY,COLLISION_SEVERITY,NUMBER_KILLED,NUMBER_INJURED,PARTY_COUNT,PRIMARY_COLL_FACTOR,PCF_CODE_OF_VIOL,PCF_VIOL_CATEGORY,PCF_VIOLATION,PCF_VIOL_SUBSECTION,HIT_AND_RUN,TYPE_OF_COLLISION,MVIW,PED_ACTION,ROAD_SURFACE,ROAD_COND_1,ROAD_COND_2,LIGHTING,CONTROL_DEVICE,CHP_ROAD_TYPE,PEDESTRIAN_ACCIDENT,BICYCLE_ACCIDENT,MOTORCYCLE_ACCIDENT,TRUCK_ACCIDENT,NOT_PRIVATE_PROPERTY,ALCOHOL_INVOLVED,STWD_VEHTYPE_AT_FAULT,CHP_VEHTYPE_AT_FAULT,COUNT_SEVERE_INJ,COUNT_VISIBLE_INJ,COUNT_COMPLAINT_PAIN,COUNT_PED_KILLED,COUNT_PED_INJURED,COUNT_BICYCLIST_KILLED,COUNT_BICYCLIST_INJURED,COUNT_MC_KILLED,COUNT_MC_INJURED,PRIMARY_RAMP,SECONDARY_RAMP,LATITUDE,LONGITUDE,COUNTY,CITY,POINT_X,POINT_Y
94372936,2024,2024-08-28,9745,2024-08-18,1000,020391,,7,1,9,4000,0,1,3,,2,023,"SR-1 SOUTHBOUND","GALARDI RD",2640.00,N,N,A,-,Y,SLO,,1," "," ",24.929,H,,L,N,2,0,1,1,A,-,08,22107,,N,F,A,A,A,H,-,A,D,0,,Y,,,Y,,L,04,1,0,0,0,0,0,1,0,0,"- ","- ",35.350761413574219,-120.77420806884766,"SAN LUIS OBISPO",UNINCORPORATED,-120.77418518066406,35.350784301757812
94395404,2024,2024-09-16,9740,2024-09-04,2040,020302,,3,2,9,4000,0,1,3,,2,005,SR-58,"O'DONOVAN RD.",30.00,E,N,A,-,Y,SLO,,58," "," ",11.826,H,,R,N,2,0,1,2,A,-,09,21804,A,N,D,C,A,A,H,-,D,D,0,,,Y,,Y,,C,02,1,0,0,0,0,0,0,0,1,"- ","- ",35.451560974121094,-120.47889709472656,"SAN LUIS OBISPO",UNINCORPORATED,-120.47890472412109,35.451568603515625
94403518,2024,2024-09-23,9745,2024-09-13,1805,017379,,5,2,9,4000,0,3,5,,2,004,"DIVISION ST.",SR-1,5280.00,E,N,B,-,N,,,,,,,,,,Y,2,0,1,1,A,-,08,22107,,N,F,A,A,A,H,-,A,D,0,,,,,Y,,D,22,1,0,0,0,0,0,0,0,0,"- ","- ",34.991470336914062,-120.55149841308594,"SAN LUIS OBISPO",UNINCORPORATED,-120.55290985107422,34.991043090820312
94409412,2024,2024-09-26,9740,2024-09-23,1950,019700,,1,2,9,4000,0,1,3,,2,005,SR-58,"O'DONOVAN RD.",15840.00,E,N,A,-,Y,SLO,,58," "," ",14.805,H,,R,Y,2,0,1,1,A,-,08,22107,,N,E,I,A,A,H,-,D,D,0,,,,,Y,Y,D,22,1,0,0,0,0,0,0,0,0,"- ","- ",35.459461212158203,-120.43144989013672,"SAN LUIS OBISPO",UNINCORPORATED,-120.43146514892578,35.459415435791016
94416964,2024,2024-10-02,9740,2024-07-23,"1   ",019697,,2,3,9,4000,0,1,3,,1,009,"STATE ROUTE 46","ANTELOPE RD.",1056.00,E,N,A,-,Y,SLO,,46," "," ",58.575,H,,R,Y,1,2,1,2,A,-,06,21751,,N,A,C,A,A,H,-,D,D,0,,,,,Y,,A,01,1,0,0,0,0,0,0,0,0,"- ","- ",35.743980407714844,-120.22415924072266,"SAN LUIS OBISPO",UNINCORPORATED,-120.22415924072266,35.744003295898438
94420101,2024,2024-10-04,9745,2024-09-20,"235 ",022786,,5,3,9,4000,0,1,2,,2,505,"US-101 SOUTHBOUND","LAETITIA VINEYARD DRIVE",115.00,S,N,A,-,Y,SLO,,101," "," ",9.632,H,,L,Y,2,0,1,1,A,-,01,23152,A,M,E,I,A,A,H,-,C,D,0,,,,,Y,Y,A,01,1,0,0,0,0,0,0,0,0,"- ","- ",35.088798522949219,-120.53755187988281,"SAN LUIS OBISPO",UNINCORPORATED,-120.53762054443359,35.088718414306641
94425411,2024,2024-10-09,9745,2024-09-20,1914,022930,,5,2,9,4000,0,3,5,,2,003,"COUNTRY CLUB DR","WHITE OAK LN",235.00,S,N,A,-,N,,,,,,,,,,N,2,0,1,1,A,-,01,23152,A,N,H,A,A,A,H,-,A,D,0,,,,,Y,Y,M,97,1,0,0,0,0,0,0,0,0,"- ","- ",35.208950042724609,-120.62715148925781,"SAN LUIS OBISPO",UNINCORPORATED,-120.62711334228516,35.208934783935547
94446014,2024,2024-10-25,9745,2024-10-07,1949,023805,,1,2,9,4000,0,1,3,,1,041,"SR-1 (FRONT ST)","BELRIDGE RD",0.00,,Y,E,-,Y,SLO,,1," ",R,12.538,H,,R,Y,2,0,1,2,A,-,09,21801,A,N,A,C,A,A,H,-,D,D,0,,,Y,,Y,,A,01,1,0,0,0,0,0,0,0,1,"- ","- ",35.102970123291016,-120.61813354492188,"SAN LUIS OBISPO",UNINCORPORATED,-120.61815643310547,35.102935791015625
94446126,2024,2024-10-25,9745,2024-10-09,"645 ",020391,,3,1,9,4000,0,3,5,,2,003,"S. HIGUERA ST","ONTARIO RD",0.00,,Y,B,-,N,,,,,,,,,,Y,2,0,1,2,A,-,09,21802,A,N,D,C,A,A,H,-,D,A,0,,,Y,,Y,,A,01,1,0,0,0,0,0,0,0,1,"- ","- ",35.223281860351562,-120.69291687011719,"SAN LUIS OBISPO",UNINCORPORATED,-120.69300842285156,35.223228454589844
9444621,2022,2022-06-07,4008,2022-05-12,1137,3125,,4,5,4,4008,0,0,0,,0,,"DEL RIO RD","EL CAMINO REAL",0.00,,Y,A,-,N,,,,,,,,,,Y,2,0,2,2,A,-,12,21453,A,N,D,C,A,A,H,-,A,A,0,,,,,Y,,A,07,1,0,1,0,0,0,0,0,0,"- ","- ",35.513591766357422,-120.69770050048828,"SAN LUIS OBISPO",ATASCADERO,-120.69779205322266,35.513740539550781
94451226,2024,2024-10-30,9745,2024-05-02,2340,022786,,4,3,2,4005,0,1,2,,2,404,"US-101 SOUTHBOUND","MATTIE ROAD",1750.00,S,N,A,-,Y,SLO,,101," "," ",17.405,H,,L,Y,1,1,0,1,A,-,08,22107,,N,E,I,A,A,H,-,C,D,0,,,,,Y,,A,01,0,0,0,0,0,0,0,0,0,"- ","- ",35.148769378662109,-120.64901733398438,"SAN LUIS OBISPO","PISMO BEACH",-120.64904022216797,35.148731231689453
94460416,2024,2024-11-06,9740,2024-09-12,"59  ",022634,,4,3,9,4000,0,1,3,,2,005,"STATE ROUTE 58 (SR-58)","STATE ROUTE 229 (SR-229)",2990.00,E,N,A,-,Y,SLO,,58," "," ",7.470,H,,R,Y,1,1,0,1,A,-,01,23152,A,N,E,8,A,A,H,-,D,D,0,,,,,Y,Y,D,22,0,0,0,0,0,0,0,0,0,"- ","- ",35.428291320800781,-120.53910827636719,"SAN LUIS OBISPO",UNINCORPORATED,-120.53912353515625,35.428306579589844
94467014,2024,2024-12-16,9745,2024-10-28,"627 ",017709,,1,1,9,4000,0,1,3,,1,011,"SR-41 NORTHBOUND","IRONWOOD AVE",2112.00,N,N,B,-,Y,SLO,,41," "," ",0.710,H,,R,Y,2,0,1,2,A,-,03,22350,,N,B,2,A,A,H,-,D,D,0,,,,,Y,,D,22,1,0,0,0,0,0,0,0,0,"- ","- ",35.386188507080078,-120.84593963623047,"SAN LUIS OBISPO",UNINCORPORATED,-120.84590911865234,35.386123657226562
94472495,2024,2024-11-18,9745,2024-11-02,"848 ",017709,,6,1,2,4005,0,1,2,,2,404,"US-101 SOUTHBOUND","4TH STREET",1584.00,N,N,A,-,Y,SLO,,101," "," ",15.936,H,,L,Y,2,0,4,2,A,-,07,21658,A,N,B,2,A,A,H,-,A,D,0,,,,,Y,,A,01,1,0,3,0,0,0,0,0,0,"- ","- ",35.137519836425781,-120.62796020507812,"SAN LUIS OBISPO","PISMO BEACH",-120.62796020507812,35.137523651123047
94482062,2024,2024-11-25,9740,2024-11-10,"115 ",023820,,7,3,9,4000,0,3,5,,2,017,"EL CAMINO REAL","LINDEN AVE.",950.00,N,N,A,-,N,,,,,,,,,,Y,2,0,1,2,A,-,08,22107,,N,C,E,A,A,H,-,D,D,0,,,,,Y,,A,07,1,0,0,0,0,0,0,0,0,"- ","- ",35.414981842041016,-120.60505676269531,"SAN LUIS OBISPO",UNINCORPORATED,-120.60487365722656,35.414760589599609
94492308,2024,2024-12-04,9740,2024-11-27,1650,020302,,3,2,9,4000,0,2,4,,2,012,"NACIMIENTO LAKE DR. (G-14)","CHIMNEY ROCK RD.",1100.00,N,N,B,-,N,,,,,,,,,,Y,2,0,1,2,A,-,01,23152,G,N,D,C,A,B,H,-,D,D,0,,,,,Y,Y,A,01,1,0,0,0,0,0,0,0,0,"- ","- ",35.691230773925781,-120.80062866210938,"SAN LUIS OBISPO",UNINCORPORATED,-120.80051422119141,35.691261291503906
94509320,2024,2024-12-18,9745,2024-12-03,"535 ",016816,,2,3,9,4000,0,1,2,,1,101,"US-101 SOUTHBOUND","FOX HOLLOW RD.",300.00,S,N,A,-,Y,SLO,,101," "," ",30.870,H,,L,Y,2,0,1,4,A,-,03,22350,,N,C,C,A,A,H,-,C,D,0,,,,,Y,,D,22,1,0,0,0,0,0,0,0,0,"- ","- ",35.295341491699219,-120.63513946533203,"SAN LUIS OBISPO",UNINCORPORATED,-120.63513946533203,35.295356750488281
94509341,2024,2024-12-18,9745,2024-12-03,"526 ",024166,,2,3,9,4000,0,1,2,,1,101,"US-101 SOUTHBOUND","MONTEREY ST",3100.00,N,N,E,-,Y,SLO,,101," "," ",30.641,H,,L,Y,2,0,3,4,C,-,18,,,N,D,C,A,A,H,-,D,D,0,,,,,Y,,-,"- ",1,0,2,0,0,0,0,0,0,"- ","- ",35.295051574707031,-120.63907623291016,"SAN LUIS OBISPO",UNINCORPORATED,-120.63908386230469,35.295070648193359
94513987,2024,2024-12-23,9745,2024-12-05,1253,016816,,4,1,9,4000,0,3,5,,2,002,"ONTARIO ROAD","CASTILLO ROAD",300.00,N,N,A,-,N,,,,,,,,,,N,2,0,1,1,A,-,03,22350,,N,E,J,A,A,H,-,A,D,0,,Y,,,Y,,M,91,1,0,0,0,0,0,1,0,0,"- ","- ",35.206390380859375,-120.69725036621094,"SAN LUIS OBISPO",UNINCORPORATED,-120.69715881347656,35.206325531005859
94517352,2024,2025-02-04,9745,2024-12-14,1910,021120,,6,2,2,4005,0,1,2,,2,404,"US-101 SOUTHBOUND","FRADY LANE",900.00,N,N,A,-,Y,SLO,,101," "," ",16.387,H,,L,Y,2,0,2,1,A,-,03,22350,,N,E,8,A,A,H,-,C,D,0,,,,,Y,Y,A,01,2,0,0,0,0,0,0,0,0,"- ","- ",35.13909912109375,-120.63556671142578,"SAN LUIS OBISPO","PISMO BEACH",-120.63552093505859,35.139186859130859
94537708,2025,2025-01-14,9745,2025-01-01,1400,018009,,3,2,9,4000,0,2,4,,1,048,"AVILA BEACH DRIVE","BABE LANE",2112.00,E,N,A,-,N,,,,,,,,,,Y,2,0,3,2,C,-,18,,,N,A,2,A,A,H,-,A,D,0,,,,,Y,,-,"- ",1,0,2,0,0,0,0,0,0,"- ","- ",35.178440093994141,-120.74514007568359,"SAN LUIS OBISPO",UNINCORPORATED,-120.74524688720703,35.178455352783203
94547688,2024,2025-01-23,9740,2024-08-28,1215,020057,,3,1,9,4000,0,1,2,,2,004,"US-101 NORTHBOUND","WELLSONA ROAD",0.00,,Y,A,-,Y,SLO,,101," "," ",61.877,H,,R,Y,1,1,0,2,A,-,09,21802,A,N,D,C,A,A,H,-,A,A,0,,,,Y,Y,,A,01,0,0,0,0,0,0,0,0,0,"- ","- ",35.695819854736328,-120.69651031494141,"SAN LUIS OBISPO",UNINCORPORATED,-120.69655609130859,35.695819854736328
94562858,2025,2025-02-03,9745,2025-01-16,1713,020391,,4,2,9,4000,0,1,2,,2,202,"US-101 NORTHBOUND","MARSH STREET",90.00,S,N,A,-,Y,SLO,,101," "," ",28.069,H,,R,Y,2,0,1,2,A,-,03,22350,,N,C,C,A,A,H,-,B,D,0,,,,,Y,,A,01,1,0,0,0,0,0,0,0,0,"- ","- ",35.274158477783203,-120.67138671875,"SAN LUIS OBISPO",UNINCORPORATED,-120.67134857177734,35.274150848388672
9457334,2022,2022-07-06,4001,2022-05-06,0915,P0139,462,5,5,3,4001,0,0,0,,0,OPERAT,"N OAK PARK BL","EL CAMINO REAL",13.00,W,N,A,-,N,,,,,,,,,,N,2,0,1,2,A,-,12,21453,A,N,G,G,A,A,H,-,A,A,0,,Y,,,Y,,L,04,1,0,0,0,0,0,1,0,0,"- ","- ",,,"SAN LUIS OBISPO","ARROYO GRANDE",-120.60687255859375,35.129467010498047
94574567,2025,2025-02-11,9745,2025-02-05,1554,017379,,3,2,9,4000,0,1,3,,1,045,"SR-1 SOUTHBOUND","VIA ENTRADA WY.",1056.00,S,N,B,-,Y,SLO,,1," "," ",2.961,H,,L,Y,2,0,2,2,A,-,05,21460,C,N,B,C,A,A,H,-,A,D,0,,,,,Y,,A,01,2,0,0,0,0,0,0,0,0,"- ","- ",35.019298553466797,-120.56405639648438,"SAN LUIS OBISPO",UNINCORPORATED,-120.56404113769531,35.019294738769531
94582361,2025,2025-02-18,9750,2025-01-18,1423,020907,,6,2,9,4000,0,1,3,,1,063,"SR-166 (CUYAMA HIGHWAY)","CHIMINEAS RANCH ROAD",6864.00,E,N,A,-,Y,SLO,,166," "," ",45.480,H,,R,Y,1,1,1,1,A,-,01,23152,A,N,E,I,A,A,H,-,A,D,0,,,Y,,Y,Y,C,02,1,0,0,0,0,0,0,1,1,"- ","- ",35.064208984375,-119.97650146484375,"SAN LUIS OBISPO",UNINCORPORATED,-119.97652435302734,35.064167022705078
94638941,2025,2025-04-07,9745,2025-02-06,"642 ",017857,,4,1,9,4000,0,1,2,,1,101,"US-101 SOUTHBOUND","OLD STAGE COACH ROAD",0.00,,Y,B,C,Y,SLO,,101," "," ",32.760,H,,L,Y,1,1,1,2,A,-,09,21801,A,N,A,C,A,B,H,-,D,D,0,,,,,Y,,D,22,0,1,0,0,0,0,0,0,0,"- ","- ",35.317340850830078,-120.62130737304688,"SAN LUIS OBISPO",UNINCORPORATED,-120.62133026123047,35.317340850830078
94638949,2025,2025-04-07,9745,2025-01-19,2337,023476,,7,3,9,4000,0,1,2,,1,101,"US-101 SOUTHBOUND",SR-58,2112.00,S,N,A,-,Y,SLO,,101," "," ",37.364,H,,L,N,1,1,0,2,A,-,11,21954,A,N,G,B,E,A,H,-,D,D,0,Y,,,,Y,Y,N,60,0,0,0,1,0,0,0,0,0,"- ","- ",35.377391815185547,-120.63581848144531,"SAN LUIS OBISPO",UNINCORPORATED,-120.6358642578125,35.377418518066406
94648953,2025,2025-04-14,9740,2025-03-31,1030,019697,,1,1,9,4000,0,1,3,,2,007,SR-41,"HOMESTEAD RD.",31.00,S,N,A,-,Y,SLO,,41," "," ",20.023,H,,R,Y,2,0,1,1,A,-,01,23152,A,N,E,8,A,A,H,-,A,D,0,,,,,Y,Y,A,01,1,0,0,0,0,0,0,0,0,"- ","- ",35.510601043701172,-120.63825225830078,"SAN LUIS OBISPO",UNINCORPORATED,-120.63822937011719,35.510581970214844
94666371,2025,2025-05-05,9745,2025-04-05,2007,020643,,6,2,9,4000,0,1,2,,2,303,"US-101 NORTHBOUND","SAN LUIS BAY DR",528.00,S,N,A,-,Y,SLO,,101," ",R,22.149,H,,R,Y,2,0,5,2,A,-,08,22107,,N,B,2,A,A,H,-,C,D,0,,,,,Y,Y,A,01,1,4,0,0,0,0,0,0,0,"- ","- ",35.194129943847656,-120.699951171875,"SAN LUIS OBISPO",UNINCORPORATED,-120.69998931884766,35.194141387939453
9467848,2022,2022-12-28,4002,2022-11-15,0900,498,,2,5,3,4002,0,0,0,,0,,"ROCKAWAY AV","S 9TH ST",0.00,,Y,A,-,N,,,,,,,,,,N,2,0,1,2,A,-,12,22450,A,N,D,G,A,A,H,-,A,A,0,,Y,,,Y,,L,04,1,0,0,0,0,0,1,0,0,"- ","- ",,,"SAN LUIS OBISPO","GROVER BEACH",-120.62033843994141,35.120437622070312
94687259,2025,2025-05-14,9745,2025-05-04,1519,018009,,7,2,9,4000,0,1,2,,2,505,"U.S. 101 N/B",SR-166,2112.00,N,N,A,-,Y,SLO,,101," "," ",1.287,H,,R,Y,2,0,2,2,A,-,07,21658,A,F,F,A,A,A,H,-,A,D,0,,,,,Y,,-,99,1,1,0,0,0,0,0,0,0,"- ","- ",35.002460479736328,-120.43849945068359,"SAN LUIS OBISPO",UNINCORPORATED,-120.43852996826172,35.00244140625
94703737,2025,2025-05-28,9745,2025-05-15,"848 ",017541,,4,1,9,4000,0,1,3,,1,045,"SR-1 (GUADALUPE ROAD)","DIVISION ST",934.00,N,N,A,-,Y,SLO,,1," "," ",1.116,H,,R,Y,2,0,1,2,A,-,08,22107,,N,B,C,A,A,H,-,A,D,0,,,,Y,Y,,F,26,1,0,0,0,0,0,0,0,0,"- ","- ",34.993598937988281,-120.57058715820312,"SAN LUIS OBISPO",UNINCORPORATED,-120.57054901123047,34.993598937988281
94703808,2025,2025-05-28,9740,2025-05-18,1913,021275,,7,2,9,4000,0,1,2,,2,001,"US-101 N/B FROM SR-58",SR-58,245.00,N,N,A,-,Y,SLO,,101," "," ",37.912,H,,R,Y,2,0,2,1,A,-,01,23152,A,N,E,I,A,A,H,-,A,D,0,,,,,Y,Y,D,22,1,0,1,0,0,0,0,0,0,"- ","- ",35.383838653564453,-120.62973785400391,"SAN LUIS OBISPO",UNINCORPORATED,-120.62971496582031,35.383827209472656
94711526,2025,2025-06-03,9740,2025-05-28,1650,024398,,3,2,3,4004,0,1,2,,2,003,"US-101 NORTHBOUND","NIBLICK RD.",4752.00,S,N,A,-,Y,SLO,,101," "," ",55.054,H,,R,Y,2,0,1,1,A,-,08,22107,,N,E,J,A,A,H,-,A,D,0,,,Y,,Y,,C,02,1,0,0,0,0,0,0,0,1,"- ","- ",35.602558135986328,-120.69229888916016,"SAN LUIS OBISPO","PASO ROBLES",-120.69242858886719,35.602565765380859
94718640,2025,2025-06-09,9740,2025-05-24,"539 ",024263,,6,3,4,4008,0,1,2,,2,001,"US-101 NORTHBOUND",SR-41,647.00,S,N,B,-,Y,SLO,,101," "," ",45.364,H,,R,Y,2,0,1,1,A,-,01,23152,A,N,E,8,A,A,H,-,A,D,0,,,,,Y,Y,A,01,1,0,0,0,0,0,0,0,0,"- ","- ",35.483318328857422,-120.66226196289062,"SAN LUIS OBISPO",ATASCADERO,-120.66218566894531,35.483371734619141
94725195,2025,2025-06-13,9745,2025-06-01,1122,017541,,7,1,9,4000,0,3,5,,2,005,"WILLOW RD","US 101 SB",140.00,W,N,A,-,N,,,,,,,,,,Y,2,0,1,1,A,-,03,22350,,N,F,A,A,A,H,-,A,D,0,,,Y,,Y,,C,02,1,0,0,0,0,0,0,0,1,"- ","- ",35.054889678955078,-120.50164031982422,"SAN LUIS OBISPO",UNINCORPORATED,-120.50144958496094,35.055038452148438
94732108,2025,2025-06-19,9745,2025-06-11,1650,020391,,3,2,4,4006,0,1,2,,2,303,"US-101 NORTHBOUND","MADONNA RD",400.00,N,N,A,-,Y,SLO,,101," "," ",27.609,H,,R,N,2,0,2,3,A,-,03,22350,,N,C,C,A,A,H,-,A,D,0,,,,,Y,,-,"- ",1,0,1,0,0,0,0,0,0,"- ","- ",35.267681121826172,-120.67323303222656,"SAN LUIS OBISPO","SAN LUIS OBISPO",-120.67323303222656,35.267681121826172
94732522,2025,2025-06-19,9740,2025-02-27,2500,023820,,4,4,9,4000,0,1,3,,2,005,"STATE ROUTE 58 (SR-58)","RED HILL RD.",5650.00,E,N,A,-,Y,SLO,,58," "," ",27.459,H,,R,Y,1,1,0,1,A,-,01,23152,G,N,E,8,A,A,H,-,D,D,0,,,,,Y,Y,D,22,0,0,0,0,0,0,0,0,0,"- ","- ",35.405071258544922,-120.25988006591797,"SAN LUIS OBISPO",UNINCORPORATED,-120.25989532470703,35.405113220214844
94744714,2025,2025-06-30,9740,2025-06-20,1900,024263,,5,2,9,4000,0,3,5,,2,021,"BETHEL RD.","BRAMBLES CT.",181.00,S,N,A,-,N,,,,,,,,,,Y,2,0,1,1,A,-,01,23152,A,N,E,I,A,A,H,-,A,D,0,,,,,Y,Y,A,01,1,0,0,0,0,0,0,0,0,"- ","- ",35.564048767089844,-120.72319793701172,"SAN LUIS OBISPO",UNINCORPORATED,-120.72323608398438,35.564170837402344
94751649,2025,2025-07-07,9745,2025-04-28,1825,022565,,1,2,9,4000,0,2,4,,1,058,"ORCHARD RD","CHERRY BLOSSOM PL",20.00,S,N,A,-,N,,,,,,,,,,Y,1,2,1,3,A,-,01,23152,A,N,A,2,A,A,H,-,A,D,0,,,,,Y,Y,D,22,0,1,0,0,0,0,0,0,0,"- ","- ",35.006221771240234,-120.46369171142578,"SAN LUIS OBISPO",UNINCORPORATED,-120.46371459960938,35.006217956542969
9476430,2022,2022-07-19,4005,2022-06-12,1627,P120,7,7,5,2,4005,0,0,0,,0,,"4TH ST","FIVE CITIES DR",1329.00,W,N,A,-,N,,,,,,,,,,N,2,0,1,2,C,-,18,,,N,G,B,E,A,H,-,A,D,0,Y,,,,Y,,-,"- ",1,0,0,0,1,0,0,0,0,"- ","- ",,,"SAN LUIS OBISPO","PISMO BEACH",-120.62245941162109,35.132125854492188
9486426,2022,2022-09-22,4006,2022-09-04,1725,1826,554,7,5,4,4006,0,0,0,,0,264OHV,"OCEANO DUNES SVRA","CXT I",500.00,S,N,A,-,N,,,,,,,,,,N,2,0,1,1,A,-,03,38305,,N,H,A,A,A,H,-,A,D,0,,,Y,,Y,,C,06,1,0,0,0,0,0,0,0,1,"- ","- ",35.067901611328125,-120.62074279785156,"SAN LUIS OBISPO","SAN LUIS OBISPO",,
9488562,2022,2022-08-18,4002,2022-07-24,1407,093,4002,7,5,3,4002,0,0,0,,0,,"N 12TH ST","EL CAMINO REAL",231.00,S,N,A,-,N,,,,,,,,,,N,2,0,1,1,A,-,03,22350,,N,E,I,A,A,H,-,A,A,0,,Y,,,Y,,L,04,1,0,0,0,0,0,1,0,0,"- ","- ",,,"SAN LUIS OBISPO","GROVER BEACH",-120.61256408691406,35.130329132080078
9512316,2022,2022-10-27,4001,2022-09-24,1510,P0148,463,6,5,3,4001,0,0,0,,0,OPERAT,"THE PIKE","GAYNFAIR TER",0.00,,Y,A,-,N,,,,,,,,,,Y,2,0,2,3,A,-,03,22350,,N,A,C,A,A,H,-,A,A,0,,,Y,,Y,Y,C,02,1,1,0,0,0,0,0,0,1,"- ","- ",,,"SAN LUIS OBISPO","ARROYO GRANDE",-120.59536743164062,35.106399536132812
9520250,2022,2023-01-18,4005,2022-12-05,1415,P122,7,1,5,2,4005,0,0,0,,0,,"FIVE CITIES DR","4TH ST",532.00,N,N,A,-,N,,,,,,,,,,N,1,1,0,2,A,-,11,21954,A,N,G,B,D,A,H,-,A,D,0,Y,,,,Y,,N,60,0,0,0,1,0,0,0,0,0,"- ","- ",,,"SAN LUIS OBISPO","PISMO BEACH",-120.62374114990234,35.136192321777344
9520721,2022,2023-07-10,4006,2022-11-17,1906,99293,,4,5,4,4006,0,0,0,,0,,"LOS OSOS VALLEY RD","CALLE JOAQUIN",588.00,W,N,A,-,N,,,,,,,,,,Y,1,1,0,2,A,-,08,22107,,N,D,G,A,A,H,-,C,A,0,,Y,,,Y,Y,L,04,0,0,0,0,0,1,0,0,0,"- ","- ",35.246570587158203,-120.68341827392578,"SAN LUIS OBISPO","SAN LUIS OBISPO",-120.68264007568359,35.244895935058594
9520899,2022,2023-09-20,4003,2022-11-28,1340,M5895,6,1,5,2,4003,0,0,0,,0,001,"RT 41","IRONWOOD AV",641.00,W,N,A,-,Y,SLO,5,41,-,-,0.260,H,-,N,N,1,1,0,2,A,-,09,21804,A,N,D,C,A,A,H,-,A,D,0,,,Y,,Y,,D,22,0,0,0,0,0,0,0,1,0,"- ","- ",,,"SAN LUIS OBISPO","MORRO BAY",-120.85166168212891,35.3819580078125
9563959,2023,2023-04-12,4003,2023-01-07,1251,G8493,6,6,5,2,4003,0,0,0,,0,001,"MAIN ST","RADCLIFF AV",399.00,N,N,A,-,N,,,,,,,,,,Y,2,0,4,2,A,-,01,23152,A,N,A,C,A,A,H,-,A,A,0,,,,,Y,,A,01,1,3,0,0,0,0,0,0,0,"- ","- ",,,"SAN LUIS OBISPO","MORRO BAY",-120.85189056396484,35.374862670898438
9624030,2023,2025-06-25,4002,2023-01-11,1914,093,,3,5,3,4002,0,0,0,,0,,"7TH ST","W GRAND AV",0.00,,Y,A,-,N,,,,,,,,,,Y,1,1,0,2,A,-,03,22350,,N,G,B,B,A,H,-,C,A,0,Y,,,,Y,Y,A,01,0,0,0,1,0,0,0,0,0,"- ","- ",,,"SAN LUIS OBISPO","GROVER BEACH",-120.62271881103516,35.121608734130859
9676190,2024,2024-03-08,4005,2024-02-05,1610,2502,PB6A,1,5,2,4005,0,0,0,,0,,"DOLLIVER ST","OCEAN VIEW AV",0.00,,Y,B,-,Y,SLO,5,1,-,-,15.400,I,5,S,N,2,0,1,2,A,-,05,21650,1,N,B,G,A,A,H,-,A,D,0,,Y,,,Y,,L,04,1,0,0,0,0,0,1,0,0,"- ","- ",35.142921447753906,-120.63773345947266,"SAN LUIS OBISPO","PISMO BEACH",-120.63915252685547,35.138694763183594
9722305,2024,2024-09-17,4003,2024-03-15,1708,T4434,3,5,5,2,4003,0,0,0,,0,001,"MAIN ST","MORRO BAY BL",0.00,,Y,A,-,N,,,,,,,,,,Y,2,0,2,2,A,-,09,21802,A,N,D,C,A,A,H,-,A,A,0,,,,,Y,,A,01,1,0,1,0,0,0,0,0,0,"- ","- ",35.3656005859375,-120.85143280029297,"SAN LUIS OBISPO","MORRO BAY",-120.85001373291016,35.365940093994141
9813488,2025,2025-06-11,4005,2025-05-09,"907 ",2592,PB8,5,5,2,4005,0,0,0,,0,,"PRICE CANYON RD","LEMOORE AV",16.00,E,N,A,-,N,,,,,,,,,,Y,2,0,2,2,A,-,09,21802,A,N,D,C,A,A,H,-,A,A,0,,,,,Y,,A,01,1,1,0,0,0,0,0,0,0,"- ","- ",,,"SAN LUIS OBISPO","PISMO BEACH",-120.63545989990234,35.145462036132812
9833015,2025,2025-07-21,4005,2025-06-28,1849,2592,PB5C,6,5,2,4005,0,0,0,,0,,DOLLIVER,HOLLISTER,66.00,S,N,A,-,N,,,,,,,,,,N,2,0,1,2,A,-,08,22107,,N,B,G,A,A,H,-,A,A,0,,Y,,,Y,,A,01,1,0,0,0,0,0,1,0,0,"- ","- ",,,"SAN LUIS OBISPO","PISMO BEACH",,